-- phpMyAdmin SQL Dump
-- version 5.2.0
-- https://www.phpmyadmin.net/
--
-- Host: 127.0.0.1
-- Generation Time: Apr 14, 2023 at 09:31 PM
-- Server version: 10.4.24-MariaDB
-- PHP Version: 8.1.6

SET SQL_MODE = "NO_AUTO_VALUE_ON_ZERO";
START TRANSACTION;
SET time_zone = "+00:00";


/*!40101 SET @OLD_CHARACTER_SET_CLIENT=@@CHARACTER_SET_CLIENT */;
/*!40101 SET @OLD_CHARACTER_SET_RESULTS=@@CHARACTER_SET_RESULTS */;
/*!40101 SET @OLD_COLLATION_CONNECTION=@@COLLATION_CONNECTION */;
/*!40101 SET NAMES utf8mb4 */;

--
-- Database: `pos`
--

-- --------------------------------------------------------

--
-- Table structure for table `account`
--

CREATE TABLE `account` (
  `account_id` int(11) NOT NULL,
  `account_name` varchar(255) NOT NULL,
  `account_type` varchar(10) NOT NULL COMMENT 'Debet,Kredit',
  `store_id` int(11) NOT NULL,
  `account_sort` int(11) NOT NULL
) ENGINE=InnoDB DEFAULT CHARSET=utf8mb4;

--
-- Dumping data for table `account`
--

INSERT INTO `account` (`account_id`, `account_name`, `account_type`, `store_id`, `account_sort`) VALUES
(1, 'Modal Awal', 'Debet', 1, 1),
(2, 'Pembayaran Cash', 'Debet', 1, 2),
(3, 'Pembayaran Cek', 'Debet', 1, 3),
(4, 'Pembayaran Kartu', 'Debet', 1, 4),
(5, 'Pembayaran Transfer Bank', 'Debet', 1, 5),
(6, 'Pembayaran  COD', 'Debet', 1, 6),
(7, 'Pembayaran OVO', 'Debet', 1, 7),
(8, 'Pembayaran Gopay', 'Debet', 1, 8),
(9, 'Pembayaran Kustom 4', 'Debet', 1, 9),
(10, 'Pembayaran Kustom 5', 'Debet', 1, 10),
(11, 'Pembayaran Kustom 6', 'Debet', 1, 11),
(12, 'Pembayaran Kustom 7', 'Debet', 1, 12),
(13, 'Pembayaran Lainnya', 'Debet', 1, 13),
(14, 'Refund', 'Kredit', 1, 1),
(15, 'Penarikan oleh Owner', 'Kredit', 1, 2),
(16, 'Pembelian ke Supplier', 'Kredit', 1, 3);

-- --------------------------------------------------------

--
-- Table structure for table `bank`
--

CREATE TABLE `bank` (
  `bank_id` int(11) NOT NULL,
  `bank_name` varchar(100) NOT NULL,
  `store_id` int(11) NOT NULL
) ENGINE=InnoDB DEFAULT CHARSET=utf8mb4;

--
-- Dumping data for table `bank`
--

INSERT INTO `bank` (`bank_id`, `bank_name`, `store_id`) VALUES
(1, 'BCA', 1),
(2, 'Mandiri', 1);

-- --------------------------------------------------------

--
-- Table structure for table `buy`
--

CREATE TABLE `buy` (
  `buy_id` bigint(20) UNSIGNED NOT NULL,
  `buy_price` int(11) NOT NULL,
  `product_id` int(11) NOT NULL,
  `buy_date_active` timestamp NOT NULL DEFAULT current_timestamp() ON UPDATE current_timestamp(),
  `created_at` timestamp NULL DEFAULT NULL,
  `updated_at` timestamp NULL DEFAULT NULL
) ENGINE=InnoDB DEFAULT CHARSET=utf8mb4 COLLATE=utf8mb4_unicode_ci;

-- --------------------------------------------------------

--
-- Table structure for table `category`
--

CREATE TABLE `category` (
  `category_id` bigint(20) UNSIGNED NOT NULL,
  `category_name` varchar(255) COLLATE utf8mb4_unicode_ci NOT NULL,
  `store_id` int(11) NOT NULL,
  `category_datetime` datetime NOT NULL DEFAULT current_timestamp()
) ENGINE=InnoDB DEFAULT CHARSET=utf8mb4 COLLATE=utf8mb4_unicode_ci;

--
-- Dumping data for table `category`
--

INSERT INTO `category` (`category_id`, `category_name`, `store_id`, `category_datetime`) VALUES
(1, 'Antibiotik', 0, '2022-12-15 06:18:23'),
(5, 'Vitamin', 0, '2022-12-15 06:19:10'),
(6, 'Analgesik', 0, '2022-12-15 06:19:46'),
(13, 'Obat Bebas', 1, '2022-12-26 13:17:29'),
(14, 'Obat Bebas Terbatas', 1, '2022-12-26 13:20:03'),
(15, 'Obat Keras', 1, '2022-12-26 13:20:31'),
(16, 'Obat Herbal', 1, '2022-12-26 13:20:50'),
(17, 'Minuman', 1, '2022-12-26 13:57:50'),
(18, 'Alat Kesehatan', 1, '2022-12-26 15:57:03');

-- --------------------------------------------------------

--
-- Table structure for table `company`
--

CREATE TABLE `company` (
  `company_id` bigint(20) UNSIGNED NOT NULL,
  `company_name` varchar(255) COLLATE utf8mb4_unicode_ci NOT NULL,
  `company_address` text COLLATE utf8mb4_unicode_ci NOT NULL,
  `company_phone` varchar(255) COLLATE utf8mb4_unicode_ci NOT NULL,
  `company_wa` varchar(255) COLLATE utf8mb4_unicode_ci NOT NULL,
  `company_owner` varchar(255) COLLATE utf8mb4_unicode_ci NOT NULL,
  `company_date` date NOT NULL,
  `company_active` tinyint(1) NOT NULL,
  `created_at` timestamp NULL DEFAULT NULL,
  `updated_at` timestamp NULL DEFAULT NULL
) ENGINE=InnoDB DEFAULT CHARSET=utf8mb4 COLLATE=utf8mb4_unicode_ci;

-- --------------------------------------------------------

--
-- Table structure for table `courier`
--

CREATE TABLE `courier` (
  `courier_id` int(11) NOT NULL,
  `courier_name` varchar(100) NOT NULL,
  `store_id` int(11) NOT NULL
) ENGINE=InnoDB DEFAULT CHARSET=utf8mb4;

-- --------------------------------------------------------

--
-- Table structure for table `dollar`
--

CREATE TABLE `dollar` (
  `dollar_id` bigint(20) UNSIGNED NOT NULL,
  `dollar_curs` int(11) NOT NULL,
  `dollar_date_active` timestamp NOT NULL DEFAULT current_timestamp() ON UPDATE current_timestamp(),
  `created_at` timestamp NULL DEFAULT NULL,
  `updated_at` timestamp NULL DEFAULT NULL
) ENGINE=InnoDB DEFAULT CHARSET=utf8mb4 COLLATE=utf8mb4_unicode_ci;

-- --------------------------------------------------------

--
-- Table structure for table `euro`
--

CREATE TABLE `euro` (
  `euro_id` bigint(20) UNSIGNED NOT NULL,
  `euro_curs` int(11) NOT NULL,
  `euro_date_active` timestamp NOT NULL DEFAULT current_timestamp() ON UPDATE current_timestamp(),
  `created_at` timestamp NULL DEFAULT NULL,
  `updated_at` timestamp NULL DEFAULT NULL
) ENGINE=InnoDB DEFAULT CHARSET=utf8mb4 COLLATE=utf8mb4_unicode_ci;

-- --------------------------------------------------------

--
-- Table structure for table `failed_jobs`
--

CREATE TABLE `failed_jobs` (
  `id` bigint(20) UNSIGNED NOT NULL,
  `uuid` varchar(255) COLLATE utf8mb4_unicode_ci NOT NULL,
  `connection` text COLLATE utf8mb4_unicode_ci NOT NULL,
  `queue` text COLLATE utf8mb4_unicode_ci NOT NULL,
  `payload` longtext COLLATE utf8mb4_unicode_ci NOT NULL,
  `exception` longtext COLLATE utf8mb4_unicode_ci NOT NULL,
  `failed_at` timestamp NOT NULL DEFAULT current_timestamp()
) ENGINE=InnoDB DEFAULT CHARSET=utf8mb4 COLLATE=utf8mb4_unicode_ci;

-- --------------------------------------------------------

--
-- Table structure for table `identity`
--

CREATE TABLE `identity` (
  `identity_id` bigint(20) UNSIGNED NOT NULL,
  `identity_name` varchar(255) COLLATE utf8mb4_unicode_ci NOT NULL,
  `identity_address` text COLLATE utf8mb4_unicode_ci NOT NULL,
  `identity_phone` varchar(255) COLLATE utf8mb4_unicode_ci NOT NULL,
  `identity_wa` varchar(255) COLLATE utf8mb4_unicode_ci NOT NULL,
  `identity_owner` varchar(255) COLLATE utf8mb4_unicode_ci NOT NULL,
  `identity_logo` text COLLATE utf8mb4_unicode_ci NOT NULL,
  `identity_about` text COLLATE utf8mb4_unicode_ci NOT NULL,
  `created_at` timestamp NULL DEFAULT NULL,
  `updated_at` timestamp NULL DEFAULT NULL
) ENGINE=InnoDB DEFAULT CHARSET=utf8mb4 COLLATE=utf8mb4_unicode_ci;

--
-- Dumping data for table `identity`
--

INSERT INTO `identity` (`identity_id`, `identity_name`, `identity_address`, `identity_phone`, `identity_wa`, `identity_owner`, `identity_logo`, `identity_about`, `created_at`, `updated_at`) VALUES
(1, 'TokoQit', 'Pasir Putih, Sawangan, Depok, Jabar. Indonesia', '+628 567 148813', '628567148813', 'Ibadi Ichsan, S.Kom', 'tokoqit_logo.png', '<div class=\"paragraph\">TokoQit adalah aplikasi kasir yang banyak dibutuhkan oleh perusahaan retail di Indonesia.</div>\n                                    <div class=\"paragraph\">Fitur aplikasi TokoQit diantaranya:\n                                        <ul>\n                                            <li>Pembuatan Nota</li>\n                                            <li>Manajemen Gudang</li>\n                                            <li>Laporan dalam rupiah, dollar dan euro</li>\n                                            <li>Multi Store</li>\n                                            <li>WA Blaster</li>\n                                            <li>Promo Bundling</li>\n                                            <li>Diskon Member</li>\n                                            <li>Cetak Kartu Member</li>\n                                        </ul>\n                                    </div>\n                                    <div class=\"paragraph\">TokoQit cocok bagi retail yang tidak ingin kesusahan dalam Manajemen Kasir. Selain itu aplikasi akan otomatis terupdate tanpa perlu keahlian IT tertentu.</div>\n                                    <div class=\"paragraph\">TokoQit memudahkan owner yang memiliki banyak toko untuk mengetahui laporan rugi laba setiap bulannya.</div>\n                                    <div class=\"paragraph\">Hubungi kami di 08567148813 untuk memiliki aplikasi yang luar biasa ini.</div>\n                                   \n                                    <div class=\"paragraph\">TokoQit dibuat oleh Qithy.com.</div>\n                                    ', '2022-07-13 23:54:08', '2022-07-13 23:54:08');

-- --------------------------------------------------------

--
-- Table structure for table `kas`
--

CREATE TABLE `kas` (
  `kas_id` int(11) NOT NULL,
  `kas_date` date NOT NULL,
  `kas_datetime` datetime NOT NULL DEFAULT current_timestamp(),
  `kas_nominal` int(11) NOT NULL,
  `kas_type` varchar(11) NOT NULL COMMENT 'masuk,keluar',
  `kas_shift` int(11) NOT NULL,
  `store_id` int(11) NOT NULL,
  `kas_description` text NOT NULL,
  `transaction_id` int(11) NOT NULL,
  `purchase_id` int(11) NOT NULL,
  `payment_id` int(11) NOT NULL,
  `payment_no` text NOT NULL,
  `kas_modal` int(11) NOT NULL,
  `kas_tariksetoran` int(11) NOT NULL,
  `account_id` int(11) NOT NULL,
  `kas_numcek` varchar(50) NOT NULL COMMENT 'pembayaran cek',
  `kas_numcard` varchar(50) NOT NULL COMMENT 'pembayaran kartu',
  `bank_id` int(11) NOT NULL COMMENT 'pembayaran transfer bank',
  `kas_numrek` varchar(50) NOT NULL COMMENT 'pembayaran transfer bank',
  `member_id` int(11) NOT NULL,
  `courier_id` int(11) NOT NULL COMMENT 'pengiriman cod',
  `kas_numovo` varchar(50) NOT NULL COMMENT 'pembayaran ovo',
  `kas_numgopay` varchar(50) NOT NULL COMMENT 'pembayaran gopay'
) ENGINE=InnoDB DEFAULT CHARSET=utf8mb4;

--
-- Dumping data for table `kas`
--

INSERT INTO `kas` (`kas_id`, `kas_date`, `kas_datetime`, `kas_nominal`, `kas_type`, `kas_shift`, `store_id`, `kas_description`, `transaction_id`, `purchase_id`, `payment_id`, `payment_no`, `kas_modal`, `kas_tariksetoran`, `account_id`, `kas_numcek`, `kas_numcard`, `bank_id`, `kas_numrek`, `member_id`, `courier_id`, `kas_numovo`, `kas_numgopay`) VALUES
(71, '2022-12-27', '2022-12-27 09:14:50', 410000, 'masuk', 1, 1, 'Modal Awal', 0, 0, 0, '', 1, 0, 2, '', '', 0, '', 0, 0, '', ''),
(72, '2022-12-27', '2022-12-27 09:26:41', 2000000, 'keluar', 1, 1, 'Pembayaran Tagihan PUR202212270920511', 0, 5, 21, 'PAY202212270926411', 0, 0, 0, '', '', 0, '', 0, 0, '', ''),
(73, '2022-12-27', '2022-12-27 09:27:21', 200000, 'keluar', 1, 1, 'Pembayaran kpd Bintang Semesta Farma', 0, 0, 22, 'PAY202212270927211', 0, 0, 0, '', '', 0, '', 0, 0, '', ''),
(74, '2022-12-27', '2022-12-27 09:36:25', 2997000, 'keluar', 1, 1, 'Pembayaran Tagihan PUR202212270928571', 0, 6, 23, 'PAY202212270936251', 0, 0, 0, '', '', 0, '', 0, 0, '', ''),
(75, '2022-12-27', '2022-12-27 09:39:25', 255000, 'keluar', 1, 1, 'Pembayaran Tagihan PUR202212270937121', 0, 7, 24, 'PAY202212270939251', 0, 0, 0, '', '', 0, '', 0, 0, '', ''),
(76, '2022-12-27', '2022-12-27 09:40:22', 300000, 'keluar', 1, 1, 'Pembayaran Tagihan PUR202212270937121', 0, 7, 25, 'PAY202212270940221', 0, 0, 0, '', '', 0, '', 0, 0, '', ''),
(77, '2022-12-27', '2022-12-27 09:42:26', 100000, 'keluar', 1, 1, 'Pembayaran kpd PT.  Berkat Mahkota Putra', 0, 0, 26, 'PAY202212270942261', 0, 0, 0, '', '', 0, '', 0, 0, '', ''),
(79, '2022-12-27', '2022-12-27 09:49:09', 5414000, 'keluar', 1, 1, 'Penarikan Kas', 0, 0, 0, '', 0, 1, 0, '', '', 0, '', 0, 0, '', ''),
(80, '2022-12-27', '2022-12-27 09:49:40', 410000, 'masuk', 2, 1, 'Modal Awal', 0, 0, 0, '', 1, 0, 2, '', '', 0, '', 0, 0, '', ''),
(86, '2022-12-31', '2022-12-31 09:12:49', 563000, 'keluar', 1, 1, 'Penarikan Kas', 0, 0, 0, '', 0, 1, 0, '', '', 0, '', 0, 0, '', ''),
(87, '2022-12-31', '2022-12-31 09:13:08', 400000, 'masuk', 1, 1, 'Modal Awal', 0, 0, 0, '', 1, 0, 2, '', '', 0, '', 0, 0, '', ''),
(92, '2022-12-31', '2022-12-31 09:23:19', 560000, 'keluar', 1, 1, 'Penarikan Kas', 0, 0, 0, '', 0, 1, 0, '', '', 0, '', 0, 0, '', ''),
(93, '2022-12-31', '2022-12-31 09:41:10', 400000, 'masuk', 2, 1, 'Modal Awal', 0, 0, 0, '', 1, 0, 2, '', '', 0, '', 0, 0, '', ''),
(94, '2022-12-31', '2022-12-31 09:42:59', 47000, 'masuk', 2, 1, 'Pembayaran POS202212310941151', 64, 0, 0, '', 0, 0, 2, '', '', 0, '', 0, 0, '', ''),
(95, '2022-12-31', '2022-12-31 09:47:10', 89000, 'masuk', 2, 1, 'Pembayaran POS202212310943541', 65, 0, 0, '', 0, 0, 2, '', '', 0, '', 0, 0, '', ''),
(96, '2022-12-31', '2022-12-31 09:48:15', 11000, 'masuk', 2, 1, 'Pembayaran POS202212310947351', 67, 0, 0, '', 0, 0, 2, '', '', 0, '', 0, 0, '', ''),
(97, '2022-12-31', '2022-12-31 09:50:26', 84000, 'masuk', 2, 1, 'Pembayaran POS202212310948481', 68, 0, 0, '', 0, 0, 2, '', '', 0, '', 0, 0, '', ''),
(98, '2022-12-31', '2022-12-31 09:52:48', 25000, 'masuk', 2, 1, 'Pembayaran POS202212310950591', 69, 0, 0, '', 0, 0, 2, '', '', 0, '', 0, 0, '', ''),
(99, '2022-12-31', '2022-12-31 09:54:07', 24000, 'masuk', 2, 1, 'Pembayaran POS202212310952581', 70, 0, 0, '', 0, 0, 2, '', '', 0, '', 0, 0, '', ''),
(100, '2022-12-31', '2022-12-31 09:54:43', 38000, 'masuk', 2, 1, 'Pembayaran POS202212310954121', 71, 0, 0, '', 0, 0, 2, '', '', 0, '', 0, 0, '', ''),
(101, '2022-12-31', '2022-12-31 10:10:15', 18000, 'masuk', 2, 1, 'Pembayaran POS202212311010041', 72, 0, 0, '', 0, 0, 2, '', '', 0, '', 0, 0, '', ''),
(102, '2022-12-31', '2022-12-31 10:13:50', 8000, 'masuk', 2, 1, 'Pembayaran POS202212311013211', 74, 0, 0, '', 0, 0, 2, '', '', 0, '', 0, 0, '', ''),
(103, '2022-12-31', '2022-12-31 10:28:04', 42000, 'masuk', 2, 1, 'Pembayaran POS202212311027031', 75, 0, 0, '', 0, 0, 2, '', '', 0, '', 0, 0, '', ''),
(104, '2022-12-31', '2022-12-31 11:01:01', 56000, 'masuk', 2, 1, 'Pembayaran POS202212311051111', 78, 0, 0, '', 0, 0, 2, '', '', 0, '', 0, 0, '', ''),
(105, '2022-12-31', '2022-12-31 11:01:38', 14000, 'masuk', 2, 1, 'Pembayaran POS202212311101211', 79, 0, 0, '', 0, 0, 2, '', '', 0, '', 0, 0, '', ''),
(106, '2022-12-31', '2022-12-31 11:08:20', 2000, 'masuk', 2, 1, 'Pembayaran POS202212311107561', 80, 0, 0, '', 0, 0, 2, '', '', 0, '', 0, 0, '', ''),
(107, '2022-12-31', '2022-12-31 11:27:13', 45000, 'masuk', 2, 1, 'Pembayaran POS202212311115471', 84, 0, 0, '', 0, 0, 2, '', '', 0, '', 0, 0, '', ''),
(108, '2022-12-31', '2022-12-31 11:32:31', 8000, 'masuk', 2, 1, 'Pembayaran POS202212311131451', 85, 0, 0, '', 0, 0, 2, '', '', 0, '', 0, 0, '', ''),
(109, '2022-12-31', '2022-12-31 11:42:42', 8000, 'masuk', 2, 1, 'Pembayaran POS202212311132431', 86, 0, 0, '', 0, 0, 2, '', '', 0, '', 0, 0, '', ''),
(110, '2022-12-31', '2022-12-31 11:57:05', 126000, 'masuk', 2, 1, 'Pembayaran POS202212311143081', 88, 0, 0, '', 0, 0, 2, '', '', 0, '', 0, 0, '', ''),
(111, '2022-12-31', '2022-12-31 12:16:31', 9000, 'masuk', 2, 1, 'Pembayaran POS202212311157231', 89, 0, 0, '', 0, 0, 2, '', '', 0, '', 0, 0, '', ''),
(112, '2022-12-31', '2022-12-31 12:23:13', 46000, 'masuk', 2, 1, 'Pembayaran POS202212311216481', 90, 0, 0, '', 0, 0, 2, '', '', 0, '', 0, 0, '', ''),
(113, '2022-12-31', '2022-12-31 12:40:31', 6000, 'masuk', 2, 1, 'Pembayaran POS202212311223301', 91, 0, 0, '', 0, 0, 2, '', '', 0, '', 0, 0, '', ''),
(114, '2022-12-31', '2022-12-31 12:49:00', 32000, 'masuk', 2, 1, 'Pembayaran POS202212311240421', 92, 0, 0, '', 0, 0, 2, '', '', 0, '', 0, 0, '', ''),
(115, '2022-12-31', '2022-12-31 12:55:49', 3000, 'masuk', 2, 1, 'Pembayaran POS202212311249091', 93, 0, 0, '', 0, 0, 2, '', '', 0, '', 0, 0, '', ''),
(116, '2022-12-31', '2022-12-31 13:25:09', 20000, 'masuk', 2, 1, 'Pembayaran POS202212311324511', 96, 0, 0, '', 0, 0, 2, '', '', 0, '', 0, 0, '', ''),
(117, '2022-12-31', '2022-12-31 13:38:15', 25000, 'masuk', 2, 1, 'Pembayaran POS202212311337351', 99, 0, 0, '', 0, 0, 2, '', '', 0, '', 0, 0, '', ''),
(118, '2022-12-31', '2022-12-31 13:44:08', 25000, 'masuk', 2, 1, 'Pembayaran POS202212311337351', 99, 0, 0, '', 0, 0, 2, '', '', 0, '', 0, 0, '', ''),
(119, '2022-12-31', '2022-12-31 14:05:52', 28000, 'masuk', 2, 1, 'Pembayaran POS202212311324501', 95, 0, 0, '', 0, 0, 2, '', '', 0, '', 0, 0, '', ''),
(120, '2022-12-31', '2022-12-31 16:52:56', 500000, 'keluar', 2, 1, 'Pembayaran kpd PT.  Berkat Mahkota Putra', 0, 0, 28, 'PAY202212311652561', 0, 0, 0, '', '', 0, '', 0, 0, '', ''),
(121, '2022-12-31', '2022-12-31 17:05:56', 739000, 'keluar', 2, 1, 'Penarikan Kas', 0, 0, 0, '', 0, 1, 0, '', '', 0, '', 0, 0, '', ''),
(122, '2022-12-31', '2022-12-31 17:06:33', 400000, 'masuk', 3, 1, 'Modal Awal', 0, 0, 0, '', 1, 0, 2, '', '', 0, '', 0, 0, '', ''),
(123, '2022-12-31', '2022-12-31 17:07:32', 8000, 'masuk', 3, 1, 'Pembayaran POS202212311706491', 100, 0, 0, '', 0, 0, 2, '', '', 0, '', 0, 0, '', ''),
(124, '2022-12-31', '2022-12-31 17:08:05', 20000, 'masuk', 3, 1, 'Pembayaran POS202212311707451', 101, 0, 0, '', 0, 0, 2, '', '', 0, '', 0, 0, '', ''),
(125, '2022-12-31', '2022-12-31 17:09:08', 18000, 'masuk', 3, 1, 'Pembayaran POS202212311708111', 102, 0, 0, '', 0, 0, 2, '', '', 0, '', 0, 0, '', ''),
(126, '2022-12-31', '2022-12-31 17:09:28', 28000, 'masuk', 3, 1, 'Pembayaran POS202212311709131', 103, 0, 0, '', 0, 0, 2, '', '', 0, '', 0, 0, '', ''),
(127, '2022-12-31', '2022-12-31 17:09:53', 9000, 'masuk', 3, 1, 'Pembayaran POS202212311709331', 104, 0, 0, '', 0, 0, 2, '', '', 0, '', 0, 0, '', ''),
(128, '2022-12-31', '2022-12-31 17:10:54', 16000, 'masuk', 3, 1, 'Pembayaran POS202212311709581', 105, 0, 0, '', 0, 0, 2, '', '', 0, '', 0, 0, '', ''),
(129, '2022-12-31', '2022-12-31 17:11:39', 61000, 'masuk', 3, 1, 'Pembayaran POS202212311710591', 106, 0, 0, '', 0, 0, 2, '', '', 0, '', 0, 0, '', ''),
(130, '2022-12-31', '2022-12-31 17:12:28', 17000, 'masuk', 3, 1, 'Pembayaran POS202212311711451', 107, 0, 0, '', 0, 0, 2, '', '', 0, '', 0, 0, '', ''),
(131, '2022-12-31', '2022-12-31 17:13:44', 56000, 'masuk', 3, 1, 'Pembayaran POS202212311712341', 108, 0, 0, '', 0, 0, 2, '', '', 0, '', 0, 0, '', ''),
(132, '2022-12-31', '2022-12-31 17:14:27', 24000, 'masuk', 3, 1, 'Pembayaran POS202212311713501', 109, 0, 0, '', 0, 0, 2, '', '', 0, '', 0, 0, '', ''),
(133, '2022-12-31', '2022-12-31 17:16:14', 152000, 'masuk', 3, 1, 'Pembayaran POS202212311714381', 110, 0, 0, '', 0, 0, 2, '', '', 0, '', 0, 0, '', ''),
(134, '2022-12-31', '2022-12-31 17:24:16', 10000, 'masuk', 3, 1, 'Pembayaran POS202212311716261', 111, 0, 0, '', 0, 0, 2, '', '', 0, '', 0, 0, '', ''),
(135, '2022-12-31', '2022-12-31 17:36:41', 20000, 'masuk', 3, 1, 'Pembayaran POS202212311724261', 112, 0, 0, '', 0, 0, 2, '', '', 0, '', 0, 0, '', ''),
(136, '2022-12-31', '2022-12-31 17:48:08', 8000, 'masuk', 3, 1, 'Pembayaran POS202212311738511', 113, 0, 0, '', 0, 0, 2, '', '', 0, '', 0, 0, '', ''),
(137, '2022-12-31', '2022-12-31 18:03:23', 19000, 'masuk', 3, 1, 'Pembayaran POS202212311748131', 114, 0, 0, '', 0, 0, 2, '', '', 0, '', 0, 0, '', ''),
(139, '2022-12-31', '2022-12-31 18:06:51', 64000, 'masuk', 3, 1, 'Pembayaran POS202212311806031', 116, 0, 0, '', 0, 0, 2, '', '', 0, '', 0, 0, '', ''),
(140, '2022-12-31', '2022-12-31 18:07:10', 12000, 'masuk', 3, 1, 'Pembayaran POS202212311806171', 117, 0, 0, '', 0, 0, 2, '', '', 0, '', 0, 0, '', ''),
(141, '2022-12-31', '2022-12-31 18:08:02', 20000, 'masuk', 3, 1, 'Pembayaran POS202212311807291', 118, 0, 0, '', 0, 0, 2, '', '', 0, '', 0, 0, '', ''),
(142, '2022-12-31', '2022-12-31 18:08:46', 10000, 'masuk', 3, 1, 'Pembayaran POS202212311808291', 119, 0, 0, '', 0, 0, 2, '', '', 0, '', 0, 0, '', ''),
(143, '2022-12-31', '2022-12-31 18:10:28', 16000, 'masuk', 3, 1, 'Pembayaran POS202212311810141', 120, 0, 0, '', 0, 0, 2, '', '', 0, '', 0, 0, '', ''),
(144, '2022-12-31', '2022-12-31 18:33:48', 25000, 'masuk', 3, 1, 'Pembayaran POS202212311812551', 121, 0, 0, '', 0, 0, 2, '', '', 0, '', 0, 0, '', ''),
(145, '2022-12-31', '2022-12-31 18:43:55', 10000, 'masuk', 3, 1, 'Pembayaran POS202212311833561', 122, 0, 0, '', 0, 0, 2, '', '', 0, '', 0, 0, '', ''),
(146, '2022-12-31', '2022-12-31 18:50:58', 6000, 'masuk', 3, 1, 'Pembayaran POS202212311850331', 123, 0, 0, '', 0, 0, 2, '', '', 0, '', 0, 0, '', ''),
(147, '2022-12-31', '2022-12-31 18:57:36', 7000, 'masuk', 3, 1, 'Pembayaran POS202212311857191', 124, 0, 0, '', 0, 0, 2, '', '', 0, '', 0, 0, '', ''),
(148, '2022-12-31', '2022-12-31 19:13:12', 3000, 'masuk', 3, 1, 'Pembayaran POS202212311906311', 126, 0, 0, '', 0, 0, 2, '', '', 0, '', 0, 0, '', ''),
(149, '2022-12-31', '2022-12-31 19:19:55', 5000, 'masuk', 3, 1, 'Pembayaran POS202212311919411', 127, 0, 0, '', 0, 0, 2, '', '', 0, '', 0, 0, '', ''),
(150, '2022-12-31', '2022-12-31 19:23:35', 19000, 'masuk', 3, 1, 'Pembayaran POS202212311905231', 125, 0, 0, '', 0, 0, 2, '', '', 0, '', 0, 0, '', ''),
(151, '2022-12-31', '2022-12-31 19:24:42', 22000, 'masuk', 3, 1, 'Pembayaran POS202212311924071', 129, 0, 0, '', 0, 0, 2, '', '', 0, '', 0, 0, '', ''),
(152, '2022-12-31', '2022-12-31 19:25:57', 15000, 'masuk', 3, 1, 'Pembayaran POS202212311924471', 130, 0, 0, '', 0, 0, 2, '', '', 0, '', 0, 0, '', ''),
(153, '2022-12-31', '2022-12-31 19:26:21', 10000, 'masuk', 3, 1, 'Pembayaran POS202212311926021', 131, 0, 0, '', 0, 0, 2, '', '', 0, '', 0, 0, '', ''),
(154, '2022-12-31', '2022-12-31 19:37:03', 43000, 'masuk', 3, 1, 'Pembayaran POS202212311931271', 133, 0, 0, '', 0, 0, 2, '', '', 0, '', 0, 0, '', ''),
(155, '2022-12-31', '2022-12-31 20:03:39', 23000, 'masuk', 3, 1, 'Pembayaran POS202212312002471', 134, 0, 0, '', 0, 0, 2, '', '', 0, '', 0, 0, '', ''),
(156, '2022-12-31', '2022-12-31 20:10:44', 30000, 'masuk', 3, 1, 'Pembayaran POS202212312010231', 135, 0, 0, '', 0, 0, 2, '', '', 0, '', 0, 0, '', ''),
(157, '2022-12-31', '2022-12-31 20:12:43', 31000, 'masuk', 3, 1, 'Pembayaran POS202212312010491', 136, 0, 0, '', 0, 0, 2, '', '', 0, '', 0, 0, '', ''),
(158, '2022-12-31', '2022-12-31 20:25:02', 65000, 'masuk', 3, 1, 'Pembayaran POS202212312012491', 137, 0, 0, '', 0, 0, 2, '', '', 0, '', 0, 0, '', ''),
(159, '2022-12-31', '2022-12-31 20:25:18', 9000, 'masuk', 3, 1, 'Pembayaran POS202212312025071', 138, 0, 0, '', 0, 0, 2, '', '', 0, '', 0, 0, '', ''),
(160, '2022-12-31', '2022-12-31 20:26:44', 23000, 'masuk', 3, 1, 'Pembayaran POS202212312025231', 139, 0, 0, '', 0, 0, 2, '', '', 0, '', 0, 0, '', ''),
(161, '2022-12-31', '2022-12-31 20:29:19', 2000, 'masuk', 3, 1, 'Pembayaran POS202212312029081', 140, 0, 0, '', 0, 0, 2, '', '', 0, '', 0, 0, '', ''),
(162, '2022-12-31', '2022-12-31 20:36:02', 10000, 'masuk', 3, 1, 'Pembayaran POS202212312029261', 141, 0, 0, '', 0, 0, 2, '', '', 0, '', 0, 0, '', ''),
(163, '2022-12-31', '2022-12-31 20:42:32', 62000, 'masuk', 3, 1, 'Pembayaran POS202212312041411', 142, 0, 0, '', 0, 0, 2, '', '', 0, '', 0, 0, '', ''),
(164, '2022-12-31', '2022-12-31 20:51:52', 20000, 'masuk', 3, 1, 'Pembayaran POS202212312051251', 143, 0, 0, '', 0, 0, 2, '', '', 0, '', 0, 0, '', ''),
(165, '2022-12-31', '2022-12-31 20:55:47', 17000, 'masuk', 3, 1, 'Pembayaran POS202212312052021', 144, 0, 0, '', 0, 0, 2, '', '', 0, '', 0, 0, '', ''),
(166, '2022-12-31', '2022-12-31 21:14:19', 28000, 'masuk', 3, 1, 'Pembayaran POS202212312113451', 145, 0, 0, '', 0, 0, 2, '', '', 0, '', 0, 0, '', ''),
(167, '2022-12-31', '2022-12-31 21:30:16', 1537000, 'keluar', 3, 1, 'Penarikan Kas', 0, 0, 0, '', 0, 1, 0, '', '', 0, '', 0, 0, '', ''),
(168, '2023-01-01', '2023-01-01 07:46:29', 400000, 'masuk', 1, 1, 'Modal Awal', 0, 0, 0, '', 1, 0, 2, '', '', 0, '', 0, 0, '', ''),
(171, '2023-01-01', '2023-01-01 08:31:42', 28000, 'masuk', 1, 1, 'Pembayaran POS202301010826031', 147, 0, 0, '', 0, 0, 2, '', '', 0, '', 0, 0, '', ''),
(173, '2023-01-01', '2023-01-01 08:36:53', 20000, 'masuk', 1, 1, 'Pembayaran POS202301010836291', 149, 0, 0, '', 0, 0, 2, '', '', 0, '', 0, 0, '', ''),
(174, '2023-01-01', '2023-01-01 08:40:00', 28000, 'masuk', 1, 1, 'Pembayaran POS202301010826031', 147, 0, 0, '', 0, 0, 2, '', '', 0, '', 0, 0, '', ''),
(178, '2023-01-01', '2023-01-01 11:41:29', 29000, 'masuk', 1, 1, 'Pembayaran POS202301011139271', 156, 0, 0, '', 0, 0, 2, '', '', 0, '', 0, 0, '', ''),
(179, '2023-01-01', '2023-01-01 11:42:01', 30000, 'masuk', 1, 1, 'Pembayaran POS202301011141371', 157, 0, 0, '', 0, 0, 2, '', '', 0, '', 0, 0, '', ''),
(180, '2023-01-01', '2023-01-01 11:46:20', 59000, 'masuk', 1, 1, 'Pembayaran POS202301011142561', 158, 0, 0, '', 0, 0, 2, '', '', 0, '', 0, 0, '', ''),
(186, '2023-01-01', '2023-01-01 11:51:14', 22000, 'masuk', 1, 1, 'Pembayaran POS202301011150531', 164, 0, 0, '', 0, 0, 2, '', '', 0, '', 0, 0, '', ''),
(188, '2023-01-01', '2023-01-01 12:03:35', 20000, 'masuk', 1, 1, 'Pembayaran POS202301011203101', 167, 0, 0, '', 0, 0, 2, '', '', 0, '', 0, 0, '', ''),
(189, '2023-01-01', '2023-01-01 13:01:53', 24000, 'masuk', 1, 1, 'Pembayaran POS202301011301311', 169, 0, 0, '', 0, 0, 2, '', '', 0, '', 0, 0, '', ''),
(190, '2023-01-01', '2023-01-01 13:14:29', 13000, 'masuk', 1, 1, 'Pembayaran POS202301011310201', 170, 0, 0, '', 0, 0, 2, '', '', 0, '', 0, 0, '', ''),
(191, '2023-01-01', '2023-01-01 13:18:48', 14000, 'masuk', 1, 1, 'Pembayaran POS202301011318271', 171, 0, 0, '', 0, 0, 2, '', '', 0, '', 0, 0, '', ''),
(193, '2023-01-01', '2023-01-01 13:32:21', 8000, 'masuk', 1, 1, 'Pembayaran POS202301011331581', 173, 0, 0, '', 0, 0, 2, '', '', 0, '', 0, 0, '', ''),
(194, '2023-01-01', '2023-01-01 13:40:11', 25000, 'masuk', 1, 1, 'Pembayaran POS202301011339551', 174, 0, 0, '', 0, 0, 2, '', '', 0, '', 0, 0, '', ''),
(195, '2023-01-01', '2023-01-01 13:45:00', 16000, 'masuk', 1, 1, 'Pembayaran POS202301011344301', 175, 0, 0, '', 0, 0, 2, '', '', 0, '', 0, 0, '', ''),
(196, '2023-01-01', '2023-01-01 13:57:20', 32000, 'masuk', 1, 1, 'Pembayaran POS202301011353311', 176, 0, 0, '', 0, 0, 2, '', '', 0, '', 0, 0, '', ''),
(197, '2023-01-01', '2023-01-01 14:03:36', 5000, 'masuk', 1, 1, 'Pembayaran POS202301011403231', 177, 0, 0, '', 0, 0, 2, '', '', 0, '', 0, 0, '', ''),
(198, '2023-01-01', '2023-01-01 14:19:54', 22000, 'masuk', 1, 1, 'Pembayaran POS202301011416101', 180, 0, 0, '', 0, 0, 2, '', '', 0, '', 0, 0, '', ''),
(199, '2023-01-01', '2023-01-01 14:30:43', 12000, 'masuk', 1, 1, 'Pembayaran POS202301011430091', 181, 0, 0, '', 0, 0, 2, '', '', 0, '', 0, 0, '', ''),
(201, '2023-01-01', '2023-01-01 14:51:52', 9000, 'masuk', 1, 1, 'Pembayaran POS202301011433111', 182, 0, 0, '', 0, 0, 2, '', '', 0, '', 0, 0, '', ''),
(203, '2023-01-01', '2023-01-01 15:29:54', 158000, 'masuk', 1, 1, 'Pembayaran POS202301011529361', 185, 0, 0, '', 0, 0, 2, '', '', 0, '', 0, 0, '', ''),
(204, '2023-01-01', '2023-01-01 16:08:08', -3531500, 'keluar', 1, 1, 'Penarikan Kas', 0, 0, 0, '', 0, 1, 0, '', '', 0, '', 0, 0, '', ''),
(205, '2023-01-01', '2023-01-01 16:08:22', 400000, 'masuk', 2, 1, 'Modal Awal', 0, 0, 0, '', 1, 0, 2, '', '', 0, '', 0, 0, '', ''),
(206, '2023-01-01', '2023-01-01 16:09:39', 22000, 'masuk', 2, 1, 'Pembayaran POS202301011609161', 186, 0, 0, '', 0, 0, 2, '', '', 0, '', 0, 0, '', ''),
(207, '2023-01-01', '2023-01-01 16:10:55', 16000, 'masuk', 2, 1, 'Pembayaran POS202301011609461', 187, 0, 0, '', 0, 0, 2, '', '', 0, '', 0, 0, '', ''),
(208, '2023-01-01', '2023-01-01 16:11:20', 6000, 'masuk', 2, 1, 'Pembayaran POS202301011611021', 188, 0, 0, '', 0, 0, 2, '', '', 0, '', 0, 0, '', ''),
(209, '2023-01-01', '2023-01-01 16:11:45', 3500, 'masuk', 2, 1, 'Pembayaran POS202301011611281', 189, 0, 0, '', 0, 0, 2, '', '', 0, '', 0, 0, '', ''),
(210, '2023-01-01', '2023-01-01 16:13:48', 70000, 'masuk', 2, 1, 'Pembayaran POS202301011611591', 190, 0, 0, '', 0, 0, 2, '', '', 0, '', 0, 0, '', ''),
(212, '2023-01-01', '2023-01-01 16:20:59', 9000, 'masuk', 2, 1, 'Pembayaran POS202301011620421', 192, 0, 0, '', 0, 0, 2, '', '', 0, '', 0, 0, '', ''),
(213, '2023-01-01', '2023-01-01 17:12:38', 208000, 'masuk', 2, 1, 'Pembayaran POS202301011620421', 192, 0, 0, '', 0, 0, 2, '', '', 0, '', 0, 0, '', ''),
(214, '2023-01-01', '2023-01-01 17:16:04', 21000, 'masuk', 2, 1, 'Pembayaran POS202301011715481', 193, 0, 0, '', 0, 0, 2, '', '', 0, '', 0, 0, '', ''),
(215, '2023-01-01', '2023-01-01 17:17:28', 37000, 'masuk', 2, 1, 'Pembayaran POS202301011716121', 194, 0, 0, '', 0, 0, 2, '', '', 0, '', 0, 0, '', ''),
(216, '2023-01-01', '2023-01-01 17:39:46', 68000, 'masuk', 2, 1, 'Pembayaran POS202301011717361', 195, 0, 0, '', 0, 0, 2, '', '', 0, '', 0, 0, '', ''),
(218, '2023-01-01', '2023-01-01 17:47:19', 76000, 'masuk', 2, 1, 'Pembayaran POS202301011744201', 197, 0, 0, '', 0, 0, 2, '', '', 0, '', 0, 0, '', ''),
(219, '2023-01-01', '2023-01-01 17:48:30', 45000, 'masuk', 2, 1, 'Pembayaran POS202301011747321', 198, 0, 0, '', 0, 0, 2, '', '', 0, '', 0, 0, '', ''),
(220, '2023-01-01', '2023-01-01 17:51:09', 19000, 'masuk', 2, 1, 'Pembayaran POS202301011748361', 199, 0, 0, '', 0, 0, 2, '', '', 0, '', 0, 0, '', ''),
(221, '2023-01-01', '2023-01-01 17:54:24', 24000, 'masuk', 2, 1, 'Pembayaran POS202301011753441', 200, 0, 0, '', 0, 0, 2, '', '', 0, '', 0, 0, '', ''),
(222, '2023-01-01', '2023-01-01 17:55:03', 88000, 'masuk', 2, 1, 'Pembayaran POS202301011754301', 201, 0, 0, '', 0, 0, 2, '', '', 0, '', 0, 0, '', ''),
(223, '2023-01-01', '2023-01-01 17:55:31', 18000, 'masuk', 2, 1, 'Pembayaran POS202301011755131', 202, 0, 0, '', 0, 0, 2, '', '', 0, '', 0, 0, '', ''),
(225, '2023-01-01', '2023-01-01 17:59:55', 26000, 'masuk', 2, 1, 'Pembayaran POS202301011758221', 204, 0, 0, '', 0, 0, 2, '', '', 0, '', 0, 0, '', ''),
(226, '2023-01-01', '2023-01-01 18:01:15', 39500, 'masuk', 2, 1, 'Pembayaran POS202301011800181', 205, 0, 0, '', 0, 0, 2, '', '', 0, '', 0, 0, '', ''),
(227, '2023-01-01', '2023-01-01 18:01:55', 39500, 'masuk', 2, 1, 'Pembayaran POS202301011800181', 205, 0, 0, '', 0, 0, 2, '', '', 0, '', 0, 0, '', ''),
(228, '2023-01-01', '2023-01-01 18:02:31', 13000, 'masuk', 2, 1, 'Pembayaran POS202301011802011', 206, 0, 0, '', 0, 0, 2, '', '', 0, '', 0, 0, '', ''),
(229, '2023-01-01', '2023-01-01 18:03:09', 67000, 'masuk', 2, 1, 'Pembayaran POS202301011802381', 207, 0, 0, '', 0, 0, 2, '', '', 0, '', 0, 0, '', ''),
(230, '2023-01-01', '2023-01-01 18:05:15', 19500, 'masuk', 2, 1, 'Pembayaran POS202301011803171', 208, 0, 0, '', 0, 0, 2, '', '', 0, '', 0, 0, '', ''),
(231, '2023-01-01', '2023-01-01 18:06:13', 19500, 'masuk', 2, 1, 'Pembayaran POS202301011803171', 208, 0, 0, '', 0, 0, 2, '', '', 0, '', 0, 0, '', ''),
(232, '2023-01-01', '2023-01-01 18:06:44', 42000, 'masuk', 2, 1, 'Pembayaran POS202301011806301', 209, 0, 0, '', 0, 0, 2, '', '', 0, '', 0, 0, '', ''),
(233, '2023-01-01', '2023-01-01 18:07:35', 52000, 'masuk', 2, 1, 'Pembayaran POS202301011806521', 210, 0, 0, '', 0, 0, 2, '', '', 0, '', 0, 0, '', ''),
(234, '2023-01-01', '2023-01-01 18:08:29', 8000, 'masuk', 2, 1, 'Pembayaran POS202301011807461', 211, 0, 0, '', 0, 0, 2, '', '', 0, '', 0, 0, '', ''),
(235, '2023-01-01', '2023-01-01 18:09:28', 8000, 'masuk', 2, 1, 'Pembayaran POS202301011807461', 211, 0, 0, '', 0, 0, 2, '', '', 0, '', 0, 0, '', ''),
(236, '2023-01-01', '2023-01-01 18:10:47', 18000, 'masuk', 2, 1, 'Pembayaran POS202301011810211', 212, 0, 0, '', 0, 0, 2, '', '', 0, '', 0, 0, '', ''),
(237, '2023-01-01', '2023-01-01 18:20:06', 7000, 'masuk', 2, 1, 'Pembayaran POS202301011811121', 213, 0, 0, '', 0, 0, 2, '', '', 0, '', 0, 0, '', ''),
(238, '2023-01-01', '2023-01-01 18:41:09', 153000, 'masuk', 2, 1, 'Pembayaran POS202301011839401', 214, 0, 0, '', 0, 0, 2, '', '', 0, '', 0, 0, '', ''),
(239, '2023-01-01', '2023-01-01 18:50:59', 10000, 'masuk', 2, 1, 'Pembayaran POS202301011850471', 217, 0, 0, '', 0, 0, 2, '', '', 0, '', 0, 0, '', ''),
(240, '2023-01-01', '2023-01-01 18:57:02', 25000, 'masuk', 2, 1, 'Pembayaran POS202301011856371', 218, 0, 0, '', 0, 0, 2, '', '', 0, '', 0, 0, '', ''),
(241, '2023-01-02', '2023-01-02 07:43:53', 400000, 'masuk', 1, 1, 'Modal Awal', 0, 0, 0, '', 1, 0, 2, '', '', 0, '', 0, 0, '', ''),
(242, '2023-01-02', '2023-01-02 07:51:44', 13000, 'masuk', 1, 1, 'Pembayaran POS202301020744111', 220, 0, 0, '', 0, 0, 2, '', '', 0, '', 0, 0, '', ''),
(243, '2023-01-02', '2023-01-02 08:33:14', 22000, 'masuk', 1, 1, 'Pembayaran POS202301020752001', 221, 0, 0, '', 0, 0, 2, '', '', 0, '', 0, 0, '', ''),
(244, '2023-01-02', '2023-01-02 09:01:11', 15000, 'masuk', 1, 1, 'Pembayaran POS202301020833261', 222, 0, 0, '', 0, 0, 2, '', '', 0, '', 0, 0, '', ''),
(245, '2023-01-02', '2023-01-02 09:12:54', 16000, 'masuk', 1, 1, 'Pembayaran POS202301020901241', 223, 0, 0, '', 0, 0, 2, '', '', 0, '', 0, 0, '', ''),
(246, '2023-01-02', '2023-01-02 09:25:35', 38000, 'masuk', 1, 1, 'Pembayaran POS202301020913041', 224, 0, 0, '', 0, 0, 2, '', '', 0, '', 0, 0, '', ''),
(247, '2023-01-02', '2023-01-02 09:36:49', 20000, 'masuk', 1, 1, 'Pembayaran POS202301020925431', 225, 0, 0, '', 0, 0, 2, '', '', 0, '', 0, 0, '', ''),
(248, '2023-01-02', '2023-01-02 09:37:24', 41000, 'masuk', 1, 1, 'Pembayaran POS202301020937001', 226, 0, 0, '', 0, 0, 2, '', '', 0, '', 0, 0, '', ''),
(249, '2023-01-02', '2023-01-02 09:38:13', 42000, 'masuk', 1, 1, 'Pembayaran POS202301020937321', 227, 0, 0, '', 0, 0, 2, '', '', 0, '', 0, 0, '', ''),
(250, '2023-01-02', '2023-01-02 09:42:37', 20000, 'masuk', 1, 1, 'Pembayaran POS202301020938191', 228, 0, 0, '', 0, 0, 2, '', '', 0, '', 0, 0, '', ''),
(251, '2023-01-02', '2023-01-02 09:45:23', 38000, 'masuk', 1, 1, 'Pembayaran POS202301020942441', 229, 0, 0, '', 0, 0, 2, '', '', 0, '', 0, 0, '', ''),
(252, '2023-01-02', '2023-01-02 09:58:21', 4000, 'masuk', 1, 1, 'Pembayaran POS202301020945321', 230, 0, 0, '', 0, 0, 2, '', '', 0, '', 0, 0, '', ''),
(253, '2023-01-02', '2023-01-02 10:02:59', 10000, 'masuk', 1, 1, 'Pembayaran POS202301020958281', 231, 0, 0, '', 0, 0, 2, '', '', 0, '', 0, 0, '', ''),
(254, '2023-01-02', '2023-01-02 10:45:43', 9000, 'masuk', 1, 1, 'Pembayaran POS202301021003071', 232, 0, 0, '', 0, 0, 2, '', '', 0, '', 0, 0, '', ''),
(255, '2023-01-02', '2023-01-02 10:58:24', 18000, 'masuk', 1, 1, 'Pembayaran POS202301021045501', 233, 0, 0, '', 0, 0, 2, '', '', 0, '', 0, 0, '', ''),
(256, '2023-01-02', '2023-01-02 11:08:20', 17000, 'masuk', 1, 1, 'Pembayaran POS202301021058301', 234, 0, 0, '', 0, 0, 2, '', '', 0, '', 0, 0, '', ''),
(257, '2023-01-02', '2023-01-02 11:36:23', 3000, 'masuk', 1, 1, 'Pembayaran POS202301021108261', 235, 0, 0, '', 0, 0, 2, '', '', 0, '', 0, 0, '', ''),
(258, '2023-01-02', '2023-01-02 11:38:50', 22000, 'masuk', 1, 1, 'Pembayaran POS202301021136321', 236, 0, 0, '', 0, 0, 2, '', '', 0, '', 0, 0, '', ''),
(259, '2023-01-02', '2023-01-02 11:56:39', 5000, 'masuk', 1, 1, 'Pembayaran POS202301021138581', 237, 0, 0, '', 0, 0, 2, '', '', 0, '', 0, 0, '', ''),
(260, '2023-01-02', '2023-01-02 12:10:29', 20000, 'masuk', 1, 1, 'Pembayaran POS202301021209591', 238, 0, 0, '', 0, 0, 2, '', '', 0, '', 0, 0, '', ''),
(261, '2023-01-02', '2023-01-02 12:39:46', 48000, 'masuk', 1, 1, 'Pembayaran POS202301021210381', 239, 0, 0, '', 0, 0, 2, '', '', 0, '', 0, 0, '', ''),
(262, '2023-01-02', '2023-01-02 13:09:39', 5000, 'masuk', 1, 1, 'Pembayaran POS202301021239541', 240, 0, 0, '', 0, 0, 2, '', '', 0, '', 0, 0, '', ''),
(263, '2023-01-02', '2023-01-02 13:12:05', 19000, 'masuk', 1, 1, 'Pembayaran POS202301021309461', 241, 0, 0, '', 0, 0, 2, '', '', 0, '', 0, 0, '', ''),
(264, '2023-01-02', '2023-01-02 13:23:23', 18000, 'masuk', 1, 1, 'Pembayaran POS202301021312101', 242, 0, 0, '', 0, 0, 2, '', '', 0, '', 0, 0, '', ''),
(265, '2023-01-02', '2023-01-02 13:24:59', 50000, 'masuk', 1, 1, 'Pembayaran POS202301021323331', 243, 0, 0, '', 0, 0, 2, '', '', 0, '', 0, 0, '', ''),
(266, '2023-01-02', '2023-01-02 13:45:27', 78000, 'masuk', 1, 1, 'Pembayaran POS202301021325071', 244, 0, 0, '', 0, 0, 2, '', '', 0, '', 0, 0, '', ''),
(267, '2023-01-02', '2023-01-02 13:58:50', 17000, 'masuk', 1, 1, 'Pembayaran POS202301021345351', 245, 0, 0, '', 0, 0, 2, '', '', 0, '', 0, 0, '', ''),
(268, '2023-01-02', '2023-01-02 14:10:06', 10000, 'masuk', 1, 1, 'Pembayaran POS202301021358561', 246, 0, 0, '', 0, 0, 2, '', '', 0, '', 0, 0, '', ''),
(269, '2023-01-02', '2023-01-02 14:16:51', 60000, 'masuk', 1, 1, 'Pembayaran POS202301021410141', 247, 0, 0, '', 0, 0, 2, '', '', 0, '', 0, 0, '', ''),
(270, '2023-01-02', '2023-01-02 14:31:18', 8000, 'masuk', 1, 1, 'Pembayaran POS202301021416591', 248, 0, 0, '', 0, 0, 2, '', '', 0, '', 0, 0, '', ''),
(271, '2023-01-02', '2023-01-02 14:31:41', 16000, 'masuk', 1, 1, 'Pembayaran POS202301021431241', 249, 0, 0, '', 0, 0, 2, '', '', 0, '', 0, 0, '', ''),
(272, '2023-01-02', '2023-01-02 14:33:29', 32000, 'masuk', 1, 1, 'Pembayaran POS202301021431531', 250, 0, 0, '', 0, 0, 2, '', '', 0, '', 0, 0, '', ''),
(273, '2023-01-02', '2023-01-02 14:34:48', 7890000, 'keluar', 1, 1, 'Penarikan Kas', 0, 0, 0, '', 0, 1, 0, '', '', 0, '', 0, 0, '', ''),
(274, '2023-01-02', '2023-01-02 14:35:22', 400000, 'masuk', 2, 1, 'Modal Awal', 0, 0, 0, '', 1, 0, 2, '', '', 0, '', 0, 0, '', ''),
(275, '2023-01-02', '2023-01-02 14:52:24', 6000, 'masuk', 2, 1, 'Pembayaran POS202301021451531', 251, 0, 0, '', 0, 0, 2, '', '', 0, '', 0, 0, '', ''),
(276, '2023-01-02', '2023-01-02 15:15:05', 14000, 'masuk', 2, 1, 'Pembayaran POS202301021514141', 252, 0, 0, '', 0, 0, 2, '', '', 0, '', 0, 0, '', ''),
(277, '2023-01-02', '2023-01-02 15:22:11', 18000, 'masuk', 2, 1, 'Pembayaran POS202301021521471', 254, 0, 0, '', 0, 0, 2, '', '', 0, '', 0, 0, '', ''),
(278, '2023-01-02', '2023-01-02 15:31:55', 558500, 'masuk', 2, 1, 'Pembayaran POS202301021515121', 253, 0, 0, '', 0, 0, 2, '', '', 0, '', 0, 0, '', ''),
(279, '2023-01-02', '2023-01-02 15:46:44', 7000, 'masuk', 2, 1, 'Pembayaran POS202301021532011', 255, 0, 0, '', 0, 0, 2, '', '', 0, '', 0, 0, '', ''),
(280, '2023-01-02', '2023-01-02 16:18:22', 40000, 'masuk', 2, 1, 'Pembayaran POS202301021617461', 258, 0, 0, '', 0, 0, 2, '', '', 0, '', 0, 0, '', ''),
(281, '2023-01-02', '2023-01-02 16:18:48', 13000, 'masuk', 2, 1, 'Pembayaran POS202301021618361', 259, 0, 0, '', 0, 0, 2, '', '', 0, '', 0, 0, '', ''),
(282, '2023-01-02', '2023-01-02 16:19:18', 8000, 'masuk', 2, 1, 'Pembayaran POS202301021618581', 260, 0, 0, '', 0, 0, 2, '', '', 0, '', 0, 0, '', ''),
(283, '2023-01-02', '2023-01-02 16:20:08', 50000, 'masuk', 2, 1, 'Pembayaran POS202301021619251', 261, 0, 0, '', 0, 0, 2, '', '', 0, '', 0, 0, '', ''),
(284, '2023-01-02', '2023-01-02 16:21:11', 140000, 'masuk', 2, 1, 'Pembayaran POS202301021620161', 262, 0, 0, '', 0, 0, 2, '', '', 0, '', 0, 0, '', ''),
(285, '2023-01-02', '2023-01-02 16:27:30', 26000, 'masuk', 2, 1, 'Pembayaran POS202301021626171', 263, 0, 0, '', 0, 0, 2, '', '', 0, '', 0, 0, '', ''),
(286, '2023-01-02', '2023-01-02 16:29:18', 20000, 'masuk', 2, 1, 'Pembayaran POS202301021628381', 264, 0, 0, '', 0, 0, 2, '', '', 0, '', 0, 0, '', ''),
(287, '2023-01-02', '2023-01-02 16:31:02', 12000, 'masuk', 2, 1, 'Pembayaran POS202301021629351', 265, 0, 0, '', 0, 0, 2, '', '', 0, '', 0, 0, '', ''),
(288, '2023-01-02', '2023-01-02 16:44:28', 59000, 'masuk', 2, 1, 'Pembayaran POS202301021631211', 266, 0, 0, '', 0, 0, 2, '', '', 0, '', 0, 0, '', ''),
(289, '2023-01-02', '2023-01-02 16:46:31', 18000, 'masuk', 2, 1, 'Pembayaran POS202301021645401', 267, 0, 0, '', 0, 0, 2, '', '', 0, '', 0, 0, '', ''),
(290, '2023-01-02', '2023-01-02 16:52:45', 6000, 'masuk', 2, 1, 'Pembayaran POS202301021646571', 268, 0, 0, '', 0, 0, 2, '', '', 0, '', 0, 0, '', ''),
(291, '2023-01-02', '2023-01-02 17:11:12', 3000, 'masuk', 2, 1, 'Pembayaran POS202301021653171', 269, 0, 0, '', 0, 0, 2, '', '', 0, '', 0, 0, '', ''),
(292, '2023-01-02', '2023-01-02 17:30:44', 28000, 'masuk', 2, 1, 'Pembayaran POS202301021723121', 271, 0, 0, '', 0, 0, 2, '', '', 0, '', 0, 0, '', ''),
(293, '2023-01-02', '2023-01-02 17:48:04', 28000, 'masuk', 2, 1, 'Pembayaran POS202301021730511', 272, 0, 0, '', 0, 0, 2, '', '', 0, '', 0, 0, '', ''),
(294, '2023-01-02', '2023-01-02 17:48:37', 41000, 'masuk', 2, 1, 'Pembayaran POS202301021748101', 274, 0, 0, '', 0, 0, 2, '', '', 0, '', 0, 0, '', ''),
(295, '2023-01-02', '2023-01-02 17:49:04', 45000, 'masuk', 2, 1, 'Pembayaran POS202301021748421', 275, 0, 0, '', 0, 0, 2, '', '', 0, '', 0, 0, '', ''),
(296, '2023-01-02', '2023-01-02 17:51:48', 21000, 'masuk', 2, 1, 'Pembayaran POS202301021748421', 275, 0, 0, '', 0, 0, 2, '', '', 0, '', 0, 0, '', ''),
(297, '2023-01-02', '2023-01-02 17:53:14', 18000, 'masuk', 2, 1, 'Pembayaran POS202301021751541', 276, 0, 0, '', 0, 0, 2, '', '', 0, '', 0, 0, '', ''),
(298, '2023-01-02', '2023-01-02 17:53:35', 5000, 'masuk', 2, 1, 'Pembayaran POS202301021753201', 277, 0, 0, '', 0, 0, 2, '', '', 0, '', 0, 0, '', ''),
(299, '2023-01-02', '2023-01-02 18:00:27', 95000, 'masuk', 2, 1, 'Pembayaran POS202301021753401', 278, 0, 0, '', 0, 0, 2, '', '', 0, '', 0, 0, '', ''),
(300, '2023-01-02', '2023-01-02 18:00:57', 40000, 'masuk', 2, 1, 'Pembayaran POS202301021800321', 280, 0, 0, '', 0, 0, 2, '', '', 0, '', 0, 0, '', ''),
(301, '2023-01-02', '2023-01-02 18:01:48', 50000, 'masuk', 2, 1, 'Pembayaran POS202301021753421', 279, 0, 0, '', 0, 0, 2, '', '', 0, '', 0, 0, '', ''),
(302, '2023-01-02', '2023-01-02 18:02:43', 30000, 'masuk', 2, 1, 'Pembayaran POS202301021801111', 281, 0, 0, '', 0, 0, 2, '', '', 0, '', 0, 0, '', ''),
(303, '2023-01-02', '2023-01-02 18:11:28', 30000, 'masuk', 2, 1, 'Pembayaran POS202301021802491', 282, 0, 0, '', 0, 0, 2, '', '', 0, '', 0, 0, '', ''),
(304, '2023-01-02', '2023-01-02 18:11:28', 30000, 'masuk', 2, 1, 'Pembayaran POS202301021802491', 282, 0, 0, '', 0, 0, 2, '', '', 0, '', 0, 0, '', ''),
(305, '2023-01-02', '2023-01-02 18:11:28', 30000, 'masuk', 2, 1, 'Pembayaran POS202301021802491', 282, 0, 0, '', 0, 0, 2, '', '', 0, '', 0, 0, '', ''),
(306, '2023-01-02', '2023-01-02 18:11:28', 30000, 'masuk', 2, 1, 'Pembayaran POS202301021802491', 282, 0, 0, '', 0, 0, 2, '', '', 0, '', 0, 0, '', ''),
(307, '2023-01-02', '2023-01-02 18:11:29', 30000, 'masuk', 2, 1, 'Pembayaran POS202301021802491', 282, 0, 0, '', 0, 0, 2, '', '', 0, '', 0, 0, '', ''),
(308, '2023-01-02', '2023-01-02 18:11:29', 30000, 'masuk', 2, 1, 'Pembayaran POS202301021802491', 282, 0, 0, '', 0, 0, 2, '', '', 0, '', 0, 0, '', ''),
(309, '2023-01-02', '2023-01-02 18:11:29', 30000, 'masuk', 2, 1, 'Pembayaran POS202301021802491', 282, 0, 0, '', 0, 0, 2, '', '', 0, '', 0, 0, '', ''),
(310, '2023-01-02', '2023-01-02 18:11:29', 30000, 'masuk', 2, 1, 'Pembayaran POS202301021802491', 282, 0, 0, '', 0, 0, 2, '', '', 0, '', 0, 0, '', ''),
(311, '2023-01-02', '2023-01-02 18:11:29', 30000, 'masuk', 2, 1, 'Pembayaran POS202301021802491', 282, 0, 0, '', 0, 0, 2, '', '', 0, '', 0, 0, '', ''),
(312, '2023-01-02', '2023-01-02 18:11:29', 30000, 'masuk', 2, 1, 'Pembayaran POS202301021802491', 282, 0, 0, '', 0, 0, 2, '', '', 0, '', 0, 0, '', ''),
(313, '2023-01-02', '2023-01-02 18:11:29', 30000, 'masuk', 2, 1, 'Pembayaran POS202301021802491', 282, 0, 0, '', 0, 0, 2, '', '', 0, '', 0, 0, '', ''),
(314, '2023-01-02', '2023-01-02 18:11:29', 30000, 'masuk', 2, 1, 'Pembayaran POS202301021802491', 282, 0, 0, '', 0, 0, 2, '', '', 0, '', 0, 0, '', ''),
(315, '2023-01-02', '2023-01-02 18:11:29', 30000, 'masuk', 2, 1, 'Pembayaran POS202301021802491', 282, 0, 0, '', 0, 0, 2, '', '', 0, '', 0, 0, '', ''),
(316, '2023-01-02', '2023-01-02 18:18:47', 30000, 'masuk', 2, 1, 'Pembayaran POS202301021802491', 282, 0, 0, '', 0, 0, 2, '', '', 0, '', 0, 0, '', ''),
(317, '2023-01-02', '2023-01-02 18:19:11', 18000, 'masuk', 2, 1, 'Pembayaran POS202301021818521', 283, 0, 0, '', 0, 0, 2, '', '', 0, '', 0, 0, '', ''),
(318, '2023-01-02', '2023-01-02 18:19:58', 66000, 'masuk', 2, 1, 'Pembayaran POS202301021819161', 284, 0, 0, '', 0, 0, 2, '', '', 0, '', 0, 0, '', ''),
(319, '2023-01-02', '2023-01-02 18:51:42', 29000, 'masuk', 2, 1, 'Pembayaran POS202301021840041', 286, 0, 0, '', 0, 0, 2, '', '', 0, '', 0, 0, '', ''),
(320, '2023-01-02', '2023-01-02 18:53:28', 26000, 'masuk', 2, 1, 'Pembayaran POS202301021851501', 287, 0, 0, '', 0, 0, 2, '', '', 0, '', 0, 0, '', ''),
(321, '2023-01-02', '2023-01-02 19:03:19', 20000, 'masuk', 2, 1, 'Pembayaran POS202301021902471', 288, 0, 0, '', 0, 0, 2, '', '', 0, '', 0, 0, '', ''),
(322, '2023-01-02', '2023-01-02 19:03:40', 171000, 'masuk', 2, 1, 'Pembayaran POS202301021820071', 285, 0, 0, '', 0, 0, 2, '', '', 0, '', 0, 0, '', ''),
(323, '2023-01-02', '2023-01-02 19:11:40', 16000, 'masuk', 2, 1, 'Pembayaran POS202301021907491', 290, 0, 0, '', 0, 0, 2, '', '', 0, '', 0, 0, '', ''),
(324, '2023-01-02', '2023-01-02 19:12:22', 27000, 'masuk', 2, 1, 'Pembayaran POS202301021911551', 291, 0, 0, '', 0, 0, 2, '', '', 0, '', 0, 0, '', ''),
(325, '2023-01-02', '2023-01-02 19:21:40', 3000, 'masuk', 2, 1, 'Pembayaran POS202301021919431', 294, 0, 0, '', 0, 0, 2, '', '', 0, '', 0, 0, '', ''),
(326, '2023-01-02', '2023-01-02 19:27:59', 67000, 'masuk', 2, 1, 'Pembayaran POS202301021921571', 295, 0, 0, '', 0, 0, 2, '', '', 0, '', 0, 0, '', ''),
(327, '2023-01-02', '2023-01-02 19:38:37', 14000, 'masuk', 2, 1, 'Pembayaran POS202301021928271', 296, 0, 0, '', 0, 0, 2, '', '', 0, '', 0, 0, '', ''),
(328, '2023-01-02', '2023-01-02 19:39:14', 1000, 'masuk', 2, 1, 'Pembayaran POS202301021903281', 289, 0, 0, '', 0, 0, 2, '', '', 0, '', 0, 0, '', ''),
(329, '2023-01-02', '2023-01-02 19:49:04', 35000, 'masuk', 2, 1, 'Pembayaran POS202301021947001', 298, 0, 0, '', 0, 0, 2, '', '', 0, '', 0, 0, '', ''),
(330, '2023-01-02', '2023-01-02 19:54:14', 11000, 'masuk', 2, 1, 'Pembayaran POS202301021952011', 299, 0, 0, '', 0, 0, 2, '', '', 0, '', 0, 0, '', ''),
(331, '2023-01-02', '2023-01-02 19:55:24', 20000, 'masuk', 2, 1, 'Pembayaran POS202301021954281', 300, 0, 0, '', 0, 0, 2, '', '', 0, '', 0, 0, '', ''),
(332, '2023-01-02', '2023-01-02 19:59:35', 22000, 'masuk', 2, 1, 'Pembayaran POS202301021958181', 301, 0, 0, '', 0, 0, 2, '', '', 0, '', 0, 0, '', ''),
(333, '2023-01-02', '2023-01-02 20:00:34', 23000, 'masuk', 2, 1, 'Pembayaran POS202301021959471', 302, 0, 0, '', 0, 0, 2, '', '', 0, '', 0, 0, '', ''),
(334, '2023-01-02', '2023-01-02 20:07:07', 12000, 'masuk', 2, 1, 'Pembayaran POS202301021939231', 297, 0, 0, '', 0, 0, 2, '', '', 0, '', 0, 0, '', ''),
(335, '2023-01-02', '2023-01-02 20:19:35', 20000, 'masuk', 2, 1, 'Pembayaran POS202301022003551', 303, 0, 0, '', 0, 0, 2, '', '', 0, '', 0, 0, '', ''),
(336, '2023-01-02', '2023-01-02 20:19:51', 20000, 'masuk', 2, 1, 'Pembayaran POS202301022003551', 303, 0, 0, '', 0, 0, 2, '', '', 0, '', 0, 0, '', ''),
(337, '2023-01-02', '2023-01-02 20:20:25', 23000, 'masuk', 2, 1, 'Pembayaran POS202301022020001', 304, 0, 0, '', 0, 0, 2, '', '', 0, '', 0, 0, '', ''),
(338, '2023-01-02', '2023-01-02 20:20:45', 30000, 'masuk', 2, 1, 'Pembayaran POS202301022020321', 305, 0, 0, '', 0, 0, 2, '', '', 0, '', 0, 0, '', ''),
(339, '2023-01-02', '2023-01-02 20:23:06', 6000, 'masuk', 2, 1, 'Pembayaran POS202301022020521', 306, 0, 0, '', 0, 0, 2, '', '', 0, '', 0, 0, '', ''),
(340, '2023-01-02', '2023-01-02 20:50:37', 45000, 'masuk', 2, 1, 'Pembayaran POS202301022023121', 307, 0, 0, '', 0, 0, 2, '', '', 0, '', 0, 0, '', ''),
(341, '2023-01-02', '2023-01-02 20:59:50', 5000, 'masuk', 2, 1, 'Pembayaran POS202301022050441', 308, 0, 0, '', 0, 0, 2, '', '', 0, '', 0, 0, '', ''),
(342, '2023-01-02', '2023-01-02 21:00:15', 48000, 'masuk', 2, 1, 'Pembayaran POS202301022059541', 309, 0, 0, '', 0, 0, 2, '', '', 0, '', 0, 0, '', ''),
(343, '2023-01-02', '2023-01-02 21:00:39', 32000, 'masuk', 2, 1, 'Pembayaran POS202301022100201', 310, 0, 0, '', 0, 0, 2, '', '', 0, '', 0, 0, '', ''),
(344, '2023-01-02', '2023-01-02 21:09:06', 37000, 'masuk', 2, 1, 'Pembayaran POS202301022100441', 311, 0, 0, '', 0, 0, 2, '', '', 0, '', 0, 0, '', ''),
(345, '2023-01-02', '2023-01-02 21:12:16', 22500, 'masuk', 2, 1, 'Pembayaran POS202301022109561', 312, 0, 0, '', 0, 0, 2, '', '', 0, '', 0, 0, '', ''),
(346, '2023-01-02', '2023-01-02 21:31:51', 18000, 'masuk', 2, 1, 'Pembayaran POS202301022112231', 313, 0, 0, '', 0, 0, 2, '', '', 0, '', 0, 0, '', ''),
(347, '2023-01-02', '2023-01-02 21:32:18', 40000, 'masuk', 2, 1, 'Pembayaran POS202301022131581', 314, 0, 0, '', 0, 0, 2, '', '', 0, '', 0, 0, '', ''),
(348, '2023-01-02', '2023-01-02 21:35:24', 9000, 'masuk', 2, 1, 'Pembayaran POS202301022132241', 315, 0, 0, '', 0, 0, 2, '', '', 0, '', 0, 0, '', ''),
(349, '2023-01-02', '2023-01-02 21:39:47', 3156000, 'keluar', 2, 1, 'Penarikan Kas', 0, 0, 0, '', 0, 1, 0, '', '', 0, '', 0, 0, '', ''),
(350, '2023-01-03', '2023-01-03 08:04:44', 395000, 'masuk', 1, 1, 'Modal Awal', 0, 0, 0, '', 1, 0, 2, '', '', 0, '', 0, 0, '', ''),
(351, '2023-01-03', '2023-01-03 08:05:33', 106000, 'masuk', 1, 1, 'Pembayaran POS202301030805051', 316, 0, 0, '', 0, 0, 2, '', '', 0, '', 0, 0, '', ''),
(352, '2023-01-03', '2023-01-03 08:21:18', 7000, 'masuk', 1, 1, 'Pembayaran POS202301030810441', 317, 0, 0, '', 0, 0, 2, '', '', 0, '', 0, 0, '', ''),
(353, '2023-01-03', '2023-01-03 08:41:30', 4000, 'masuk', 1, 1, 'Pembayaran POS202301030837511', 318, 0, 0, '', 0, 0, 2, '', '', 0, '', 0, 0, '', ''),
(354, '2023-01-03', '2023-01-03 08:54:08', 26000, 'masuk', 1, 1, 'Pembayaran POS202301030841351', 319, 0, 0, '', 0, 0, 2, '', '', 0, '', 0, 0, '', ''),
(355, '2023-01-03', '2023-01-03 09:15:17', 48000, 'masuk', 1, 1, 'Pembayaran POS202301030913431', 320, 0, 0, '', 0, 0, 2, '', '', 0, '', 0, 0, '', ''),
(356, '2023-01-03', '2023-01-03 09:23:14', 10000, 'masuk', 1, 1, 'Pembayaran POS202301030915231', 321, 0, 0, '', 0, 0, 2, '', '', 0, '', 0, 0, '', ''),
(357, '2023-01-03', '2023-01-03 09:28:08', 7000, 'masuk', 1, 1, 'Pembayaran POS202301030923181', 322, 0, 0, '', 0, 0, 2, '', '', 0, '', 0, 0, '', ''),
(358, '2023-01-03', '2023-01-03 09:50:21', 42000, 'masuk', 1, 1, 'Pembayaran POS202301030949211', 323, 0, 0, '', 0, 0, 2, '', '', 0, '', 0, 0, '', ''),
(359, '2023-01-03', '2023-01-03 10:29:28', 14000, 'masuk', 1, 1, 'Pembayaran POS202301031029161', 324, 0, 0, '', 0, 0, 2, '', '', 0, '', 0, 0, '', ''),
(360, '2023-01-03', '2023-01-03 11:02:07', 25000, 'masuk', 1, 1, 'Pembayaran POS202301031055111', 325, 0, 0, '', 0, 0, 2, '', '', 0, '', 0, 0, '', ''),
(361, '2023-01-03', '2023-01-03 11:18:02', 39000, 'masuk', 1, 1, 'Pembayaran POS202301031117361', 326, 0, 0, '', 0, 0, 2, '', '', 0, '', 0, 0, '', ''),
(362, '2023-01-03', '2023-01-03 11:18:52', 12000, 'masuk', 1, 1, 'Pembayaran POS202301031118071', 327, 0, 0, '', 0, 0, 2, '', '', 0, '', 0, 0, '', ''),
(363, '2023-01-03', '2023-01-03 11:19:46', 36000, 'masuk', 1, 1, 'Pembayaran POS202301031118591', 328, 0, 0, '', 0, 0, 2, '', '', 0, '', 0, 0, '', ''),
(364, '2023-01-03', '2023-01-03 11:20:35', 78000, 'masuk', 1, 1, 'Pembayaran POS202301031119511', 329, 0, 0, '', 0, 0, 2, '', '', 0, '', 0, 0, '', ''),
(365, '2023-01-03', '2023-01-03 11:21:14', 46000, 'masuk', 1, 1, 'Pembayaran POS202301031120391', 330, 0, 0, '', 0, 0, 2, '', '', 0, '', 0, 0, '', ''),
(366, '2023-01-03', '2023-01-03 11:46:07', 13000, 'masuk', 1, 1, 'Pembayaran POS202301031124411', 331, 0, 0, '', 0, 0, 2, '', '', 0, '', 0, 0, '', ''),
(367, '2023-01-03', '2023-01-03 12:00:56', 5000, 'masuk', 1, 1, 'Pembayaran POS202301031147451', 332, 0, 0, '', 0, 0, 2, '', '', 0, '', 0, 0, '', ''),
(368, '2023-01-03', '2023-01-03 12:09:22', 17000, 'masuk', 1, 1, 'Pembayaran POS202301031201261', 333, 0, 0, '', 0, 0, 2, '', '', 0, '', 0, 0, '', ''),
(369, '2023-01-03', '2023-01-03 12:16:05', 22000, 'masuk', 1, 1, 'Pembayaran POS202301031209291', 334, 0, 0, '', 0, 0, 2, '', '', 0, '', 0, 0, '', ''),
(370, '2023-01-03', '2023-01-03 12:21:18', 10000, 'masuk', 1, 1, 'Pembayaran POS202301031219581', 335, 0, 0, '', 0, 0, 2, '', '', 0, '', 0, 0, '', ''),
(371, '2023-01-03', '2023-01-03 12:31:06', 100000, 'masuk', 1, 1, 'Pembayaran POS202301031227151', 336, 0, 0, '', 0, 0, 2, '', '', 0, '', 0, 0, '', ''),
(372, '2023-01-03', '2023-01-03 12:40:04', 24000, 'masuk', 1, 1, 'Pembayaran POS202301031231121', 337, 0, 0, '', 0, 0, 2, '', '', 0, '', 0, 0, '', ''),
(373, '2023-01-03', '2023-01-03 12:44:37', 11000, 'masuk', 1, 1, 'Pembayaran POS202301031243451', 338, 0, 0, '', 0, 0, 2, '', '', 0, '', 0, 0, '', ''),
(374, '2023-01-03', '2023-01-03 12:44:56', 6000, 'masuk', 1, 1, 'Pembayaran POS202301031244421', 339, 0, 0, '', 0, 0, 2, '', '', 0, '', 0, 0, '', ''),
(375, '2023-01-03', '2023-01-03 13:00:20', 54000, 'masuk', 1, 1, 'Pembayaran POS202301031245111', 340, 0, 0, '', 0, 0, 2, '', '', 0, '', 0, 0, '', ''),
(376, '2023-01-03', '2023-01-03 13:24:12', 6000, 'masuk', 1, 1, 'Pembayaran POS202301031300261', 341, 0, 0, '', 0, 0, 2, '', '', 0, '', 0, 0, '', ''),
(377, '2023-01-03', '2023-01-03 13:56:01', 25000, 'masuk', 1, 1, 'Pembayaran POS202301031355481', 342, 0, 0, '', 0, 0, 2, '', '', 0, '', 0, 0, '', ''),
(378, '2023-01-03', '2023-01-03 14:02:02', 20000, 'masuk', 1, 1, 'Pembayaran POS202301031357311', 343, 0, 0, '', 0, 0, 2, '', '', 0, '', 0, 0, '', ''),
(379, '2023-01-03', '2023-01-03 14:14:52', 21000, 'masuk', 1, 1, 'Pembayaran POS202301031414291', 344, 0, 0, '', 0, 0, 2, '', '', 0, '', 0, 0, '', ''),
(380, '2023-01-03', '2023-01-03 14:21:18', 3000, 'masuk', 1, 1, 'Pembayaran POS202301031415001', 345, 0, 0, '', 0, 0, 2, '', '', 0, '', 0, 0, '', ''),
(381, '2023-01-03', '2023-01-03 14:30:09', 37000, 'masuk', 1, 1, 'Pembayaran POS202301031421461', 346, 0, 0, '', 0, 0, 2, '', '', 0, '', 0, 0, '', ''),
(382, '2023-01-03', '2023-01-03 14:33:52', 1269000, 'keluar', 1, 1, 'Penarikan Kas', 0, 0, 0, '', 0, 1, 0, '', '', 0, '', 0, 0, '', ''),
(383, '2023-01-03', '2023-01-03 14:34:09', 395000, 'masuk', 2, 1, 'Modal Awal', 0, 0, 0, '', 1, 0, 2, '', '', 0, '', 0, 0, '', ''),
(384, '2023-01-03', '2023-01-03 15:37:26', 14000, 'masuk', 2, 1, 'Pembayaran POS202301031455221', 347, 0, 0, '', 0, 0, 2, '', '', 0, '', 0, 0, '', ''),
(385, '2023-01-03', '2023-01-03 15:38:42', 41000, 'masuk', 2, 1, 'Pembayaran POS202301031537471', 348, 0, 0, '', 0, 0, 2, '', '', 0, '', 0, 0, '', ''),
(386, '2023-01-03', '2023-01-03 15:40:19', 20000, 'masuk', 2, 1, 'Pembayaran POS202301031538561', 349, 0, 0, '', 0, 0, 2, '', '', 0, '', 0, 0, '', ''),
(387, '2023-01-03', '2023-01-03 15:56:52', 12000, 'masuk', 2, 1, 'Pembayaran POS202301031541301', 350, 0, 0, '', 0, 0, 2, '', '', 0, '', 0, 0, '', ''),
(388, '2023-01-03', '2023-01-03 16:02:05', 50000, 'masuk', 2, 1, 'Pembayaran POS202301031601121', 351, 0, 0, '', 0, 0, 2, '', '', 0, '', 0, 0, '', ''),
(389, '2023-01-03', '2023-01-03 16:07:27', 8000, 'masuk', 2, 1, 'Pembayaran POS202301031607111', 352, 0, 0, '', 0, 0, 2, '', '', 0, '', 0, 0, '', ''),
(390, '2023-01-03', '2023-01-03 16:19:30', 21000, 'masuk', 2, 1, 'Pembayaran POS202301031607331', 353, 0, 0, '', 0, 0, 2, '', '', 0, '', 0, 0, '', ''),
(391, '2023-01-03', '2023-01-03 16:19:30', 21000, 'masuk', 2, 1, 'Pembayaran POS202301031607331', 353, 0, 0, '', 0, 0, 2, '', '', 0, '', 0, 0, '', ''),
(392, '2023-01-03', '2023-01-03 16:20:15', 67000, 'masuk', 2, 1, 'Pembayaran POS202301031619411', 354, 0, 0, '', 0, 0, 2, '', '', 0, '', 0, 0, '', ''),
(393, '2023-01-03', '2023-01-03 16:24:54', 41000, 'masuk', 2, 1, 'Pembayaran POS202301031624171', 355, 0, 0, '', 0, 0, 2, '', '', 0, '', 0, 0, '', ''),
(394, '2023-01-03', '2023-01-03 16:30:05', 21000, 'masuk', 2, 1, 'Pembayaran POS202301031625251', 356, 0, 0, '', 0, 0, 2, '', '', 0, '', 0, 0, '', ''),
(395, '2023-01-03', '2023-01-03 16:31:20', 12000, 'masuk', 2, 1, 'Pembayaran POS202301031630121', 357, 0, 0, '', 0, 0, 2, '', '', 0, '', 0, 0, '', ''),
(396, '2023-01-03', '2023-01-03 16:31:43', 12000, 'masuk', 2, 1, 'Pembayaran POS202301031631261', 358, 0, 0, '', 0, 0, 2, '', '', 0, '', 0, 0, '', ''),
(397, '2023-01-03', '2023-01-03 16:34:46', 10000, 'masuk', 2, 1, 'Pembayaran POS202301031631491', 359, 0, 0, '', 0, 0, 2, '', '', 0, '', 0, 0, '', ''),
(398, '2023-01-03', '2023-01-03 16:44:23', 58000, 'masuk', 2, 1, 'Pembayaran POS202301031634571', 360, 0, 0, '', 0, 0, 2, '', '', 0, '', 0, 0, '', ''),
(399, '2023-01-03', '2023-01-03 16:50:04', 10000, 'masuk', 2, 1, 'Pembayaran POS202301031644281', 361, 0, 0, '', 0, 0, 2, '', '', 0, '', 0, 0, '', ''),
(400, '2023-01-03', '2023-01-03 17:00:16', 13000, 'masuk', 2, 1, 'Pembayaran POS202301031650111', 362, 0, 0, '', 0, 0, 2, '', '', 0, '', 0, 0, '', ''),
(401, '2023-01-03', '2023-01-03 17:02:59', 21000, 'masuk', 2, 1, 'Pembayaran POS202301031700251', 363, 0, 0, '', 0, 0, 2, '', '', 0, '', 0, 0, '', ''),
(402, '2023-01-03', '2023-01-03 17:25:56', 10000, 'masuk', 2, 1, 'Pembayaran POS202301031703141', 364, 0, 0, '', 0, 0, 2, '', '', 0, '', 0, 0, '', ''),
(403, '2023-01-03', '2023-01-03 17:28:25', 12000, 'masuk', 2, 1, 'Pembayaran POS202301031726021', 365, 0, 0, '', 0, 0, 2, '', '', 0, '', 0, 0, '', ''),
(404, '2023-01-03', '2023-01-03 17:29:56', 18000, 'masuk', 2, 1, 'Pembayaran POS202301031728441', 366, 0, 0, '', 0, 0, 2, '', '', 0, '', 0, 0, '', ''),
(405, '2023-01-03', '2023-01-03 17:48:27', 52000, 'masuk', 2, 1, 'Pembayaran POS202301031730011', 367, 0, 0, '', 0, 0, 2, '', '', 0, '', 0, 0, '', ''),
(406, '2023-01-03', '2023-01-03 18:11:59', 13000, 'masuk', 2, 1, 'Pembayaran POS202301031811261', 369, 0, 0, '', 0, 0, 2, '', '', 0, '', 0, 0, '', ''),
(407, '2023-01-03', '2023-01-03 18:23:59', 32000, 'masuk', 2, 1, 'Pembayaran POS202301031812111', 370, 0, 0, '', 0, 0, 2, '', '', 0, '', 0, 0, '', ''),
(408, '2023-01-03', '2023-01-03 18:52:23', 28000, 'masuk', 2, 1, 'Pembayaran POS202301031824101', 371, 0, 0, '', 0, 0, 2, '', '', 0, '', 0, 0, '', ''),
(409, '2023-01-03', '2023-01-03 18:56:58', 18000, 'masuk', 2, 1, 'Pembayaran POS202301031852291', 372, 0, 0, '', 0, 0, 2, '', '', 0, '', 0, 0, '', ''),
(410, '2023-01-03', '2023-01-03 18:57:20', 10000, 'masuk', 2, 1, 'Pembayaran POS202301031857061', 373, 0, 0, '', 0, 0, 2, '', '', 0, '', 0, 0, '', ''),
(411, '2023-01-03', '2023-01-03 19:04:47', 10000, 'masuk', 2, 1, 'Pembayaran POS202301031904181', 374, 0, 0, '', 0, 0, 2, '', '', 0, '', 0, 0, '', ''),
(412, '2023-01-03', '2023-01-03 19:11:07', 43000, 'masuk', 2, 1, 'Pembayaran POS202301031904591', 375, 0, 0, '', 0, 0, 2, '', '', 0, '', 0, 0, '', ''),
(413, '2023-01-03', '2023-01-03 19:13:49', 18000, 'masuk', 2, 1, 'Pembayaran POS202301031911231', 376, 0, 0, '', 0, 0, 2, '', '', 0, '', 0, 0, '', ''),
(414, '2023-01-03', '2023-01-03 19:24:52', 28000, 'masuk', 2, 1, 'Pembayaran POS202301031924341', 377, 0, 0, '', 0, 0, 2, '', '', 0, '', 0, 0, '', ''),
(415, '2023-01-03', '2023-01-03 19:27:40', 96000, 'masuk', 2, 1, 'Pembayaran POS202301031925041', 378, 0, 0, '', 0, 0, 2, '', '', 0, '', 0, 0, '', ''),
(417, '2023-01-03', '2023-01-03 19:41:13', 10000, 'masuk', 2, 1, 'Pembayaran POS202301031940451', 380, 0, 0, '', 0, 0, 2, '', '', 0, '', 0, 0, '', ''),
(418, '2023-01-03', '2023-01-03 19:41:32', 34000, 'masuk', 2, 1, 'Pembayaran POS202301031941211', 381, 0, 0, '', 0, 0, 2, '', '', 0, '', 0, 0, '', ''),
(419, '2023-01-03', '2023-01-03 19:47:32', 16000, 'masuk', 2, 1, 'Pembayaran POS202301031945221', 382, 0, 0, '', 0, 0, 2, '', '', 0, '', 0, 0, '', ''),
(420, '2023-01-03', '2023-01-03 19:58:31', 6000, 'masuk', 2, 1, 'Pembayaran POS202301031947381', 383, 0, 0, '', 0, 0, 2, '', '', 0, '', 0, 0, '', ''),
(421, '2023-01-03', '2023-01-03 19:59:45', 27000, 'masuk', 2, 1, 'Pembayaran POS202301031958401', 384, 0, 0, '', 0, 0, 2, '', '', 0, '', 0, 0, '', ''),
(422, '2023-01-03', '2023-01-03 20:04:34', 8000, 'masuk', 2, 1, 'Pembayaran POS202301031959561', 385, 0, 0, '', 0, 0, 2, '', '', 0, '', 0, 0, '', ''),
(423, '2023-01-03', '2023-01-03 20:05:13', 5000, 'masuk', 2, 1, 'Pembayaran POS202301032005021', 387, 0, 0, '', 0, 0, 2, '', '', 0, '', 0, 0, '', ''),
(424, '2023-01-03', '2023-01-03 20:05:13', 5000, 'masuk', 2, 1, 'Pembayaran POS202301032005021', 387, 0, 0, '', 0, 0, 2, '', '', 0, '', 0, 0, '', ''),
(425, '2023-01-03', '2023-01-03 20:10:34', 10000, 'masuk', 2, 1, 'Pembayaran POS202301032009051', 388, 0, 0, '', 0, 0, 2, '', '', 0, '', 0, 0, '', ''),
(426, '2023-01-03', '2023-01-03 20:18:11', 10000, 'masuk', 2, 1, 'Pembayaran POS202301032017491', 389, 0, 0, '', 0, 0, 2, '', '', 0, '', 0, 0, '', ''),
(427, '2023-01-03', '2023-01-03 20:19:38', 13000, 'masuk', 2, 1, 'Pembayaran POS202301032018201', 390, 0, 0, '', 0, 0, 2, '', '', 0, '', 0, 0, '', ''),
(428, '2023-01-03', '2023-01-03 20:26:06', 53000, 'masuk', 2, 1, 'Pembayaran POS202301032025041', 391, 0, 0, '', 0, 0, 2, '', '', 0, '', 0, 0, '', ''),
(429, '2023-01-03', '2023-01-03 20:29:59', 33000, 'masuk', 2, 1, 'Pembayaran POS202301032026131', 392, 0, 0, '', 0, 0, 2, '', '', 0, '', 0, 0, '', ''),
(430, '2023-01-03', '2023-01-03 20:31:16', 46000, 'masuk', 2, 1, 'Pembayaran POS202301032030061', 393, 0, 0, '', 0, 0, 2, '', '', 0, '', 0, 0, '', ''),
(431, '2023-01-03', '2023-01-03 20:42:26', 14000, 'masuk', 2, 1, 'Pembayaran POS202301032031241', 394, 0, 0, '', 0, 0, 2, '', '', 0, '', 0, 0, '', ''),
(432, '2023-01-03', '2023-01-03 20:56:47', 42000, 'masuk', 2, 1, 'Pembayaran POS202301032042331', 395, 0, 0, '', 0, 0, 2, '', '', 0, '', 0, 0, '', '');
INSERT INTO `kas` (`kas_id`, `kas_date`, `kas_datetime`, `kas_nominal`, `kas_type`, `kas_shift`, `store_id`, `kas_description`, `transaction_id`, `purchase_id`, `payment_id`, `payment_no`, `kas_modal`, `kas_tariksetoran`, `account_id`, `kas_numcek`, `kas_numcard`, `bank_id`, `kas_numrek`, `member_id`, `courier_id`, `kas_numovo`, `kas_numgopay`) VALUES
(433, '2023-01-03', '2023-01-03 20:59:41', 14000, 'masuk', 2, 1, 'Pembayaran POS202301032059231', 396, 0, 0, '', 0, 0, 2, '', '', 0, '', 0, 0, '', ''),
(434, '2023-01-03', '2023-01-03 21:05:30', 30000, 'masuk', 2, 1, 'Pembayaran POS202301032102441', 397, 0, 0, '', 0, 0, 2, '', '', 0, '', 0, 0, '', ''),
(435, '2023-01-03', '2023-01-03 21:05:55', 78000, 'masuk', 2, 1, 'Pembayaran POS202301031748461', 368, 0, 0, '', 0, 0, 2, '', '', 0, '', 0, 0, '', ''),
(436, '2023-01-03', '2023-01-03 21:15:38', 31000, 'masuk', 2, 1, 'Pembayaran POS202301032114371', 398, 0, 0, '', 0, 0, 2, '', '', 0, '', 0, 0, '', ''),
(437, '2023-01-03', '2023-01-03 21:30:23', 1723000, 'keluar', 2, 1, 'Penarikan Kas', 0, 0, 0, '', 0, 1, 0, '', '', 0, '', 0, 0, '', ''),
(438, '2023-01-04', '2023-01-04 07:39:05', 403000, 'masuk', 1, 1, 'Modal Awal', 0, 0, 0, '', 1, 0, 2, '', '', 0, '', 0, 0, '', ''),
(439, '2023-01-04', '2023-01-04 08:02:46', 23000, 'masuk', 1, 1, 'Pembayaran POS202301040739111', 399, 0, 0, '', 0, 0, 2, '', '', 0, '', 0, 0, '', ''),
(440, '2023-01-04', '2023-01-04 08:03:10', 60000, 'masuk', 1, 1, 'Pembayaran POS202301040802521', 400, 0, 0, '', 0, 0, 2, '', '', 0, '', 0, 0, '', ''),
(441, '2023-01-04', '2023-01-04 08:04:19', 50000, 'masuk', 1, 1, 'Pembayaran POS202301040803171', 401, 0, 0, '', 0, 0, 2, '', '', 0, '', 0, 0, '', ''),
(442, '2023-01-04', '2023-01-04 08:36:26', 56000, 'masuk', 1, 1, 'Pembayaran POS202301040804251', 402, 0, 0, '', 0, 0, 2, '', '', 0, '', 0, 0, '', ''),
(443, '2023-01-04', '2023-01-04 08:51:11', 30500, 'masuk', 1, 1, 'Pembayaran POS202301040836341', 403, 0, 0, '', 0, 0, 2, '', '', 0, '', 0, 0, '', ''),
(444, '2023-01-04', '2023-01-04 08:51:29', 14000, 'masuk', 1, 1, 'Pembayaran POS202301040851171', 404, 0, 0, '', 0, 0, 2, '', '', 0, '', 0, 0, '', ''),
(445, '2023-01-04', '2023-01-04 09:22:33', 31000, 'masuk', 1, 1, 'Pembayaran POS202301040851351', 405, 0, 0, '', 0, 0, 2, '', '', 0, '', 0, 0, '', ''),
(446, '2023-01-04', '2023-01-04 09:23:01', 26000, 'masuk', 1, 1, 'Pembayaran POS202301040922411', 406, 0, 0, '', 0, 0, 2, '', '', 0, '', 0, 0, '', ''),
(447, '2023-01-04', '2023-01-04 09:29:08', 5000, 'masuk', 1, 1, 'Pembayaran POS202301040926581', 407, 0, 0, '', 0, 0, 2, '', '', 0, '', 0, 0, '', ''),
(448, '2023-01-04', '2023-01-04 09:34:12', 34000, 'masuk', 1, 1, 'Pembayaran POS202301040929141', 408, 0, 0, '', 0, 0, 2, '', '', 0, '', 0, 0, '', ''),
(449, '2023-01-04', '2023-01-04 09:52:09', 9000, 'masuk', 1, 1, 'Pembayaran POS202301040934181', 409, 0, 0, '', 0, 0, 2, '', '', 0, '', 0, 0, '', ''),
(450, '2023-01-12', '2023-01-12 20:48:10', 13000, 'masuk', 1, 1, 'Pembayaran POS202301121611031', 411, 0, 0, '', 0, 0, 0, '', '', 0, '', 0, 0, '', ''),
(451, '2023-01-12', '2023-01-12 21:14:27', 13000, 'masuk', 1, 1, 'Pembayaran POS202301122108581', 412, 0, 0, '', 0, 0, 2, '', '', 0, '', 0, 0, '', ''),
(453, '2023-01-15', '2023-01-15 17:56:01', 111000, 'keluar', 1, 1, 'Pembayaran Tagihan PUR202301151738341', 0, 32, 31, 'PAY202301151756011', 0, 0, 16, '', '', 0, '', 0, 0, '', ''),
(454, '2023-01-15', '2023-01-15 18:02:19', 656500, 'keluar', 1, 1, 'Penarikan Kas', 0, 0, 0, '', 0, 1, 0, '', '', 0, '', 0, 0, '', ''),
(455, '2023-01-15', '2023-01-15 18:10:03', 100000, 'masuk', 1, 1, 'Modal Awal', 0, 0, 0, '', 1, 0, 1, '', '', 0, '', 0, 0, '', ''),
(456, '2023-01-15', '2023-01-15 18:11:30', 17000, 'masuk', 1, 1, 'Pembayaran POS202301151811181', 413, 0, 0, '', 0, 0, 2, '', '', 0, '', 0, 0, '', ''),
(457, '2023-01-15', '2023-01-15 18:11:57', 117000, 'keluar', 1, 1, 'Penarikan Kas', 0, 0, 0, '', 0, 1, 15, '', '', 0, '', 0, 0, '', ''),
(458, '2023-01-21', '2023-01-21 13:06:39', 100000, 'masuk', 1, 1, 'Modal Awal', 0, 0, 0, '', 1, 0, 1, '', '', 0, '', 0, 0, '', ''),
(459, '2023-02-16', '2023-02-16 20:54:10', 100000, 'keluar', 2, 0, 'Pembayaran kpd PT.ABC', 0, 0, 32, 'PAY202302162054100', 0, 0, 16, '', '', 0, '', 0, 0, '', ''),
(460, '2023-02-23', '2023-02-23 17:44:36', 54000, 'masuk', 1, 0, 'Pembayaran POS202302231744260', 416, 0, 0, '', 0, 0, 2, '', '', 0, '', 0, 0, '', '');

-- --------------------------------------------------------

--
-- Table structure for table `memaddress`
--

CREATE TABLE `memaddress` (
  `memaddress_id` bigint(20) UNSIGNED NOT NULL,
  `member_id` int(11) NOT NULL,
  `memaddress_name` varchar(255) COLLATE utf8mb4_unicode_ci NOT NULL,
  `memaddress_address` varchar(255) COLLATE utf8mb4_unicode_ci NOT NULL,
  `memaddress_lat` timestamp NULL DEFAULT NULL,
  `memaddress_lon` timestamp NULL DEFAULT NULL,
  `memaddress_default` tinyint(1) DEFAULT NULL,
  `remember_token` varchar(100) COLLATE utf8mb4_unicode_ci DEFAULT NULL,
  `created_at` timestamp NULL DEFAULT NULL,
  `updated_at` timestamp NULL DEFAULT NULL
) ENGINE=InnoDB DEFAULT CHARSET=utf8mb4 COLLATE=utf8mb4_unicode_ci;

-- --------------------------------------------------------

--
-- Table structure for table `member`
--

CREATE TABLE `member` (
  `member_id` bigint(20) UNSIGNED NOT NULL,
  `member_name` varchar(255) COLLATE utf8mb4_unicode_ci NOT NULL,
  `member_email` varchar(255) COLLATE utf8mb4_unicode_ci NOT NULL,
  `member_password` varchar(255) COLLATE utf8mb4_unicode_ci NOT NULL,
  `member_address` text COLLATE utf8mb4_unicode_ci NOT NULL,
  `member_no` varchar(100) COLLATE utf8mb4_unicode_ci DEFAULT NULL,
  `store_id` int(11) NOT NULL,
  `member_date` date NOT NULL DEFAULT current_timestamp(),
  `member_datetime` datetime NOT NULL DEFAULT current_timestamp(),
  `member_birthday` date DEFAULT NULL,
  `positionm_id` int(11) NOT NULL,
  `member_saldo` int(11) NOT NULL
) ENGINE=InnoDB DEFAULT CHARSET=utf8mb4 COLLATE=utf8mb4_unicode_ci;

-- --------------------------------------------------------

--
-- Table structure for table `migrations`
--

CREATE TABLE `migrations` (
  `id` int(10) UNSIGNED NOT NULL,
  `migration` varchar(255) COLLATE utf8mb4_unicode_ci NOT NULL,
  `batch` int(11) NOT NULL
) ENGINE=InnoDB DEFAULT CHARSET=utf8mb4 COLLATE=utf8mb4_unicode_ci;

--
-- Dumping data for table `migrations`
--

INSERT INTO `migrations` (`id`, `migration`, `batch`) VALUES
(1, '2014_10_12_000000_create_users_table', 1),
(2, '2014_10_12_100000_create_password_resets_table', 1),
(3, '2019_08_19_000000_create_failed_jobs_table', 1),
(4, '2019_12_14_000001_create_personal_access_tokens_table', 1),
(5, '2022_07_03_013337_modl', 1);

-- --------------------------------------------------------

--
-- Table structure for table `modal`
--

CREATE TABLE `modal` (
  `modal_id` int(11) NOT NULL,
  `modal_date` date NOT NULL,
  `modal_datetime` datetime NOT NULL DEFAULT current_timestamp(),
  `modal_nominal` int(11) NOT NULL,
  `modal_shift` int(11) NOT NULL,
  `store_id` int(11) NOT NULL,
  `kas_id` int(11) NOT NULL,
  `account_id` int(11) NOT NULL
) ENGINE=InnoDB DEFAULT CHARSET=utf8mb4;

--
-- Dumping data for table `modal`
--

INSERT INTO `modal` (`modal_id`, `modal_date`, `modal_datetime`, `modal_nominal`, `modal_shift`, `store_id`, `kas_id`, `account_id`) VALUES
(65, '2022-12-27', '2022-12-27 09:14:50', 410000, 1, 1, 71, 0),
(66, '2022-12-27', '2022-12-27 09:49:40', 410000, 2, 1, 80, 0),
(67, '2022-12-31', '2022-12-31 09:13:08', 400000, 1, 1, 87, 0),
(68, '2022-12-31', '2022-12-31 09:41:10', 400000, 2, 1, 93, 0),
(69, '2022-12-31', '2022-12-31 17:06:33', 400000, 3, 1, 122, 0),
(70, '2023-01-01', '2023-01-01 07:46:29', 400000, 1, 1, 168, 0),
(71, '2023-01-01', '2023-01-01 16:08:22', 400000, 2, 1, 205, 0),
(72, '2023-01-02', '2023-01-02 07:43:53', 7156000, 1, 1, 241, 0),
(73, '2023-01-02', '2023-01-02 14:35:22', 400000, 2, 1, 274, 0),
(74, '2023-01-03', '2023-01-03 08:04:44', 395000, 1, 1, 350, 0),
(75, '2023-01-03', '2023-01-03 14:34:09', 395000, 2, 1, 383, 0),
(76, '2023-01-04', '2023-01-04 07:39:05', 403000, 1, 1, 438, 0),
(77, '2023-01-15', '2023-01-15 18:10:03', 100000, 1, 1, 455, 1),
(78, '2023-01-21', '2023-01-21 13:06:40', 100000, 1, 1, 458, 1);

-- --------------------------------------------------------

--
-- Table structure for table `pages`
--

CREATE TABLE `pages` (
  `pages_id` int(11) NOT NULL,
  `pages_name` varchar(255) NOT NULL,
  `pages_url` text NOT NULL,
  `pages_category` int(11) NOT NULL COMMENT '1=master, 2=transaction, 3=report'
) ENGINE=InnoDB DEFAULT CHARSET=utf8mb4;

--
-- Dumping data for table `pages`
--

INSERT INTO `pages` (`pages_id`, `pages_name`, `pages_url`, `pages_category`) VALUES
(1, 'master', '', 1),
(2, 'manajemen user', '', 1),
(3, 'position', 'mposition', 1),
(4, 'rules', 'mpositionpages', 1),
(5, 'user', 'muser', 1),
(6, 'store', 'mstore', 1),
(7, 'ppn', 'mppn', 1),
(8, 'product', 'mproduct', 1),
(9, 'transaction', '', 2),
(10, 'category', 'mcategory', 1),
(11, 'unit', 'munit', 1),
(13, 'pos', 'transaction', 2),
(14, 'report', '', 3),
(15, 'kas', 'rkas', 3),
(16, 'transaction', 'rtransaction', 3),
(17, 'laba rugi', 'rlabarugi', 3),
(18, 'purchase', 'purchase', 2),
(19, 'supplier', 'msupplier', 1),
(20, 'payment', 'payment', 2),
(21, 'neraca', 'rneraca', 3),
(22, 'akun', 'maccount', 1),
(23, 'bank', 'mbank', 1),
(24, 'produk keluar', 'rprodukkeluar', 3),
(25, 'produk masuk', 'rprodukmasuk', 3),
(26, 'stockopname', 'stockopname', 2),
(27, 'history stok', 'rhistorystock', 3);

-- --------------------------------------------------------

--
-- Table structure for table `password_resets`
--

CREATE TABLE `password_resets` (
  `email` varchar(255) COLLATE utf8mb4_unicode_ci NOT NULL,
  `token` varchar(255) COLLATE utf8mb4_unicode_ci NOT NULL,
  `created_at` timestamp NULL DEFAULT NULL
) ENGINE=InnoDB DEFAULT CHARSET=utf8mb4 COLLATE=utf8mb4_unicode_ci;

-- --------------------------------------------------------

--
-- Table structure for table `payment`
--

CREATE TABLE `payment` (
  `payment_id` int(11) NOT NULL,
  `payment_date` date NOT NULL,
  `payment_datetime` datetime NOT NULL DEFAULT current_timestamp(),
  `payment_nominal` int(11) NOT NULL,
  `purchase_id` int(11) NOT NULL,
  `store_id` int(11) NOT NULL,
  `cashier_id` int(11) NOT NULL,
  `supplier_id` int(11) NOT NULL,
  `payment_no` varchar(20) NOT NULL,
  `account_id` int(11) NOT NULL
) ENGINE=InnoDB DEFAULT CHARSET=utf8mb4;

--
-- Dumping data for table `payment`
--

INSERT INTO `payment` (`payment_id`, `payment_date`, `payment_datetime`, `payment_nominal`, `purchase_id`, `store_id`, `cashier_id`, `supplier_id`, `payment_no`, `account_id`) VALUES
(21, '2022-12-27', '2022-12-27 09:26:41', 2000000, 5, 1, 17, 5, 'PAY202212270926411', 0),
(22, '2022-12-27', '2022-12-27 09:27:21', 200000, 0, 1, 17, 5, 'PAY202212270927211', 0),
(23, '2022-12-27', '2022-12-27 09:36:25', 2997000, 6, 1, 17, 4, 'PAY202212270936251', 0),
(24, '2022-12-27', '2022-12-27 09:39:25', 255000, 7, 1, 17, 5, 'PAY202212270939251', 0),
(25, '2022-12-27', '2022-12-27 09:40:22', 300000, 7, 1, 17, 5, 'PAY202212270940221', 0),
(26, '2022-12-27', '2022-12-27 09:42:26', 100000, 0, 1, 17, 4, 'PAY202212270942261', 0),
(27, '2022-12-31', '2022-12-31 16:50:21', 500000, 25, 1, 17, 0, 'PAY202212311650211', 0),
(28, '2022-12-31', '2022-12-31 16:52:56', 500000, 0, 1, 17, 4, 'PAY202212311652561', 0),
(31, '2023-01-15', '2023-01-15 17:56:01', 111000, 32, 1, 17, 4, 'PAY202301151756011', 16),
(32, '2023-02-16', '2023-02-16 20:54:10', 100000, 0, 0, 1, 1, 'PAY202302162054100', 16);

-- --------------------------------------------------------

--
-- Table structure for table `personal_access_tokens`
--

CREATE TABLE `personal_access_tokens` (
  `id` bigint(20) UNSIGNED NOT NULL,
  `tokenable_type` varchar(255) COLLATE utf8mb4_unicode_ci NOT NULL,
  `tokenable_id` bigint(20) UNSIGNED NOT NULL,
  `name` varchar(255) COLLATE utf8mb4_unicode_ci NOT NULL,
  `token` varchar(64) COLLATE utf8mb4_unicode_ci NOT NULL,
  `abilities` text COLLATE utf8mb4_unicode_ci DEFAULT NULL,
  `last_used_at` timestamp NULL DEFAULT NULL,
  `created_at` timestamp NULL DEFAULT NULL,
  `updated_at` timestamp NULL DEFAULT NULL
) ENGINE=InnoDB DEFAULT CHARSET=utf8mb4 COLLATE=utf8mb4_unicode_ci;

-- --------------------------------------------------------

--
-- Table structure for table `position`
--

CREATE TABLE `position` (
  `position_id` bigint(20) UNSIGNED NOT NULL,
  `position_administrator` int(11) NOT NULL COMMENT '1=administrator,2=admin',
  `position_name` varchar(255) COLLATE utf8mb4_unicode_ci NOT NULL,
  `position_datetime` datetime DEFAULT current_timestamp(),
  `store_id` int(11) NOT NULL
) ENGINE=InnoDB DEFAULT CHARSET=utf8mb4 COLLATE=utf8mb4_unicode_ci;

--
-- Dumping data for table `position`
--

INSERT INTO `position` (`position_id`, `position_administrator`, `position_name`, `position_datetime`, `store_id`) VALUES
(1, 2, 'Admin', '2022-07-14 06:54:08', 0),
(3, 0, 'Manajer', '2022-07-14 06:54:08', 0),
(4, 0, 'Karyawan', '2022-07-14 06:54:08', 0),
(5, 1, 'Administrator', '2022-12-12 02:03:44', 0),
(8, 1, 'Administrator', '2022-12-25 06:31:31', 1),
(9, 2, 'Admin', '2022-12-25 06:32:09', 1),
(10, 0, 'Karyawan', '2022-12-25 06:37:53', 1);

-- --------------------------------------------------------

--
-- Table structure for table `positionm`
--

CREATE TABLE `positionm` (
  `positionm_id` int(11) NOT NULL,
  `positionm_name` varchar(255) NOT NULL,
  `store_id` int(11) NOT NULL,
  `positionm_datetime` datetime NOT NULL DEFAULT current_timestamp()
) ENGINE=InnoDB DEFAULT CHARSET=utf8mb4;

--
-- Dumping data for table `positionm`
--

INSERT INTO `positionm` (`positionm_id`, `positionm_name`, `store_id`, `positionm_datetime`) VALUES
(1, 'Silver', 1, '2022-12-31 06:05:33'),
(2, 'Gold', 1, '2022-12-31 06:05:37'),
(3, 'Platinum', 1, '2022-12-31 06:05:43');

-- --------------------------------------------------------

--
-- Table structure for table `positionpages`
--

CREATE TABLE `positionpages` (
  `positionpages_id` int(11) NOT NULL,
  `pages_id` int(11) NOT NULL,
  `position_id` int(11) NOT NULL,
  `positionpages_read` tinyint(1) DEFAULT NULL,
  `positionpages_create` tinyint(1) DEFAULT NULL,
  `positionpages_update` tinyint(1) DEFAULT NULL,
  `positionpages_delete` tinyint(1) DEFAULT NULL,
  `positionpages_approve` tinyint(1) DEFAULT NULL
) ENGINE=InnoDB DEFAULT CHARSET=utf8mb4;

--
-- Dumping data for table `positionpages`
--

INSERT INTO `positionpages` (`positionpages_id`, `pages_id`, `position_id`, `positionpages_read`, `positionpages_create`, `positionpages_update`, `positionpages_delete`, `positionpages_approve`) VALUES
(2, 1, 1, 1, 1, 1, 1, 1),
(3, 2, 1, 1, 1, 1, 1, 1),
(4, 3, 1, 1, 1, 1, 1, 1),
(5, 4, 1, 1, 1, 1, 1, 1),
(6, 5, 1, 1, 1, 1, 1, 1),
(7, 1, 4, 1, 1, 0, NULL, NULL),
(8, 3, 4, 1, 1, 0, NULL, NULL),
(9, 2, 4, 1, 1, 0, NULL, NULL),
(10, 4, 4, 1, 1, 0, NULL, NULL),
(11, 5, 4, 1, 1, 0, NULL, NULL),
(12, 5, 7, 1, 1, 1, NULL, NULL),
(13, 1, 7, 1, 1, 1, 1, NULL),
(14, 6, 7, 1, 1, 1, NULL, NULL),
(15, 2, 7, 1, 1, 1, NULL, NULL),
(16, 4, 7, 1, 1, 1, NULL, NULL),
(17, 3, 7, 1, 1, 1, NULL, NULL),
(18, 10, 7, 1, 1, 1, NULL, NULL),
(19, 11, 7, 1, 1, 1, 1, NULL),
(20, 13, 7, 1, 1, 1, NULL, 1),
(21, 13, 4, 1, 0, 1, 1, NULL),
(22, 1, 9, 1, 1, 1, 1, 1),
(23, 11, 9, 1, 1, 1, 1, 1),
(24, 10, 9, 1, 1, 1, 1, 1),
(25, 15, 9, 1, 1, 1, 1, 1),
(26, 13, 9, 1, 1, 1, 1, 1),
(27, 14, 9, 1, 1, 1, 1, 1),
(28, 16, 9, 1, 1, 1, 1, 1),
(29, 17, 9, 1, 1, 1, 1, 1),
(30, 18, 9, 1, 1, 1, 1, 1),
(31, 11, 10, 1, 1, 1, 1, 1),
(32, 1, 10, 1, 1, 1, 1, 1),
(33, 15, 10, 1, 1, 1, 1, 1),
(34, 13, 10, 1, 1, 1, 1, 1),
(35, 10, 10, 1, 1, 1, 1, 1),
(36, 14, 10, 1, 1, 1, 1, 1),
(37, 16, 10, 1, 1, 1, 1, 1),
(38, 17, 10, 1, 1, 1, 1, 1),
(39, 18, 10, 1, 1, 1, 1, 1),
(40, 2, 10, 1, 1, 1, 1, 1),
(41, 6, 10, 1, 1, 1, 1, 1),
(42, 4, 10, 1, 1, 1, 1, 1),
(43, 5, 10, 1, 1, 1, 1, 1),
(44, 3, 10, 1, 1, 1, 1, 1),
(45, 7, 10, 1, 1, 1, 1, 1),
(46, 8, 10, 1, 1, 1, 1, 1),
(47, 9, 10, 1, 1, 1, 1, 1);

-- --------------------------------------------------------

--
-- Table structure for table `ppn`
--

CREATE TABLE `ppn` (
  `ppn_id` int(11) NOT NULL,
  `ppn_type` int(11) NOT NULL COMMENT '1=pembelian,2=penjualan',
  `ppn_nominal` varchar(5) NOT NULL,
  `ppn_activedate` date NOT NULL,
  `ppn_datetime` datetime NOT NULL DEFAULT current_timestamp(),
  `store_id` int(11) NOT NULL
) ENGINE=InnoDB DEFAULT CHARSET=utf8mb4;

--
-- Dumping data for table `ppn`
--

INSERT INTO `ppn` (`ppn_id`, `ppn_type`, `ppn_nominal`, `ppn_activedate`, `ppn_datetime`, `store_id`) VALUES
(1, 1, '10', '2022-12-11', '2022-12-13 08:44:28', 0),
(2, 1, '12', '2022-12-20', '2022-12-13 08:48:03', 0),
(3, 1, '11', '2022-12-13', '2022-12-13 08:48:37', 0);

-- --------------------------------------------------------

--
-- Table structure for table `product`
--

CREATE TABLE `product` (
  `product_id` bigint(20) UNSIGNED NOT NULL,
  `store_id` int(11) NOT NULL,
  `product_name` varchar(255) COLLATE utf8mb4_unicode_ci NOT NULL,
  `product_description` varchar(255) COLLATE utf8mb4_unicode_ci DEFAULT NULL,
  `category_id` int(11) NOT NULL,
  `unit_id` int(11) NOT NULL,
  `product_countlimit` int(11) NOT NULL COMMENT 'jumlah rekomendasi stock',
  `product_stock` int(11) NOT NULL,
  `product_picture` text COLLATE utf8mb4_unicode_ci DEFAULT NULL,
  `product_datetime` datetime DEFAULT current_timestamp(),
  `product_buy` int(11) NOT NULL,
  `product_sell` int(11) NOT NULL,
  `product_ube` varchar(20) COLLATE utf8mb4_unicode_ci DEFAULT NULL,
  `product_batch` varchar(50) COLLATE utf8mb4_unicode_ci DEFAULT NULL,
  `product_expiredate` date DEFAULT NULL
) ENGINE=InnoDB DEFAULT CHARSET=utf8mb4 COLLATE=utf8mb4_unicode_ci;

--
-- Dumping data for table `product`
--

INSERT INTO `product` (`product_id`, `store_id`, `product_name`, `product_description`, `category_id`, `unit_id`, `product_countlimit`, `product_stock`, `product_picture`, `product_datetime`, `product_buy`, `product_sell`, `product_ube`, `product_batch`, `product_expiredate`) VALUES
(1, 0, 'IMBOOST TABLET ISI 4', 'Merupakan suplemen untuk daya tahan tubuh', 5, 5, 1, 19, '06_58_53_Screenshot_60.png', '2022-12-15 06:34:42', 15000, 17000, 'UB00363', '22A0394', '2023-01-07'),
(2, 0, 'NEUROBION FORTE TAB', 'Merupakan vitamin pengobatan kerusakan sel saraf', 5, 5, 1, 20, '06_59_36_Screenshot_61.png', '2022-12-15 06:40:59', 12000, 15000, 'UB00594', 'E1057134', '2023-01-07'),
(3, 0, 'WOOD\'S EXPECTORANT', ' Merupakan obat untuk membantu meredakan batuk berdahak', 6, 6, 2, 20, '07_01_07_Screenshot_62.png', '2022-12-15 07:01:07', 12000, 20000, 'UB00888', 'KLWPET232', '2023-01-07'),
(4, 0, 'SANMOL TABLET', 'Merupakan obat untuk  demam, sakit kepala, dan nyeri', 6, 5, 1, 20, '07_02_41_Screenshot_63.png', '2022-12-15 07:02:41', 3000, 9000, 'UB00749', 'CG8292', '2023-01-07'),
(5, 0, 'AMBEVEN', 'Merupakan obat untuk membantu meringankan gejala wasir', 1, 2, 1, 20, '07_03_55_Screenshot_64.png', '2022-12-15 07:03:55', 1000, 8000, 'UB00023', '143ER01', '2023-01-07'),
(6, 0, 'DUMIN TABLET', 'Merupakan obat untuk  demam, sakit kepala, dan nyeri', 1, 1, 1, 20, '07_05_19_Screenshot_65.png', '2022-12-15 07:05:19', 2000, 8000, 'UB00222', 'B23341008', '2023-01-07'),
(7, 0, 'VICK FORMULA 44 54ML', 'Merupakan obat batuk yang tidak berdahak disertai bersin-bersin/ alergi', 1, 6, 1, 20, '07_06_43_Screenshot_66.png', '2022-12-15 07:06:43', 40000, 50000, 'UB00859', '21696298A1', '2022-12-28'),
(8, 0, 'ALPARA KAPLET', 'Merupakan obat untuk meringankan gejala flu yang disertai batuk', 1, 2, 2, 50, '07_07_49_Screenshot_67.png', '2022-12-15 07:07:49', 4900, 45000, 'UB00022', 'A06E0258', '2023-01-05'),
(9, 0, 'PANADOL HIJAU', 'Merupakan obat untuk meringankan gejala flu yang disertai batuk', 6, 1, 1, 20, '07_09_01_Screenshot_68.png', '2022-12-15 07:09:01', 12000, 16000, 'UB00640', 'G29Y', '2022-12-31'),
(10, 0, 'POLYSILANE SYR 100ML', 'Merupakan obat untuk mengurangi kelebihan asam lambung', 1, 5, 2, 19, '07_10_41_Screenshot_69.png', '2022-12-15 07:10:41', 28000, 54000, 'UB00683', 'D2F073C', '2023-01-06'),
(16, 1, 'Polysilane 100ML', 'mengurangi gejala-gejala yang berhubungan dengan: kelebihan asam lambung, gastritis, tukak lambung, tukak usus 12 jari, mual, nyeri lambung, nyeri ulu hati, kembung dan perasaan penuh pada lambung.', 13, 8, 4, 14, '17_49_41_download_-_2022-12-29T174821.927.jpg', '2022-12-26 14:25:29', 0, 25000, 'UBE000001', 'D2F073C', '2025-06-26'),
(17, 1, 'Madu Rasa Original', ' membantu memelihara daya tahan tubuh dan membantu memelihara kesehatan tubuh.', 16, 13, 5, 73, '17_25_13_download_-_2022-12-29T172358.842.jpg', '2022-12-26 14:49:01', 0, 1000, 'UBE221226144707', '', '0000-00-00'),
(18, 1, 'Tolak Angin Dewasa', 'Untuk masuk angin dengan gejala kembung, mual, sakit perut, pusing, meriang, dan tenggorokan kering. Baik diminum saat perjalan jauh, kecapaian dan kurang tidur. Untuk memelihara/menjaga daya tahan tubuh.', 16, 13, 5, 57, '16_07_35_download_(70).jpg', '2022-12-26 14:53:32', 0, 4000, 'UBE221226145133', '', '0000-00-00'),
(19, 1, '21Antangin JRG', 'mengatasi masuk angin, mual, perut kembung, badan meriang, serta kelelahan.', 16, 13, 5, 121, '15_15_41_download_(37).jpg', '2022-12-26 14:54:54', 0, 3500, 'UBE221226145352', '', '0000-00-00'),
(20, 1, 'Antangin Tablet', 'mengatasi masuk angin, mual, perut kembung, badan meriang, serta kelelahan.', 16, 7, 5, 15, '15_17_59_download_(39).jpg', '2022-12-26 14:56:28', 0, 4000, 'UBE221226145540', '', '0000-00-00'),
(21, 1, 'Madu Rasa Strawberry', '', 16, 13, 12, 36, '17_26_05_download_-_2022-12-29T172315.970.jpg', '2022-12-26 14:57:25', 0, 1000, 'UBE221226145640', '', '0000-00-00'),
(22, 1, 'Nano-nano coklat', 'Permen susu dengan kandungan Kalsium yang baik untuk anak-anak.', 13, 7, 0, 0, '19_00_52_download_-_2022-12-29T190008.225.jpg', '2022-12-26 14:58:56', 0, 3000, 'UBE221226145729', '', '0000-00-00'),
(23, 1, 'Nano-nano Strawberry', 'Permen susu dengan kandungan Kalsium yang baik untuk anak-anak.', 13, 7, 5, 17, '19_01_52_images_(41).jpg', '2022-12-26 14:59:39', 0, 3000, 'UBE221226145901', '', '0000-00-00'),
(24, 1, 'Tolak Linu Herbal', 'untuk membantu meredakan pegal linu dan nyeri sendi.', 16, 13, 5, 15, '16_08_37_download_(72).jpg', '2022-12-26 15:02:43', 0, 4000, 'UBE221226150147', '', '0000-00-00'),
(25, 1, 'Antangin Good Night', 'membantu memperbaiki kualitas tidur, membuat tidur lebih cepat dan meningkatkan tidur lebih nyenyak.', 16, 7, 0, 0, '15_14_10_download_(35).jpg', '2022-12-26 15:04:10', 0, 5000, 'UBE221226150247', '', '0000-00-00'),
(27, 1, 'Nano-nano Vanila', 'Permen susu dengan kandungan Kalsium yang baik untuk anak-anak.', 13, 7, 5, 26, '19_02_39_download_-_2022-12-29T190013.634.jpg', '2022-12-26 15:05:36', 0, 3000, 'UBE221226150514', '', '0000-00-00'),
(28, 1, 'Antangin Junior', 'membantu meredakan masuk angin, perut kembung, mual dan muntah, membantu melegakan tenggorokan, membantu mencegah mabuk perjalanan, membantu meningkatkan daya tahan tubuh dan membantu memelihara kesehatan dan menghangatkan tubuh.', 16, 13, 0, 0, '15_16_21_download_(38).jpg', '2022-12-26 15:06:29', 0, 3000, 'UBE221226150540', '', '0000-00-00'),
(29, 1, 'Tolak Angin Flu', 'membantu meringankan gejala flu, membantu meringankan masuk angin, serta membantu memelihara daya tahan tubuh.', 16, 13, 5, 37, '16_08_06_download_(71).jpg', '2022-12-26 15:07:25', 0, 4000, 'UBE221226150641', '', '0000-00-00'),
(30, 1, 'Nano-nano Taro', 'Permen susu dengan kandungan Kalsium yang baik untuk anak-anak.', 13, 7, 0, 0, '19_02_17_download_-_2022-12-29T190200.192.jpg', '2022-12-26 15:07:53', 0, 3000, 'UBE221226150730', '', '0000-00-00'),
(31, 1, 'Nano-nano Cookies', 'Permen susu dengan kandungan Kalsium yang baik untuk anak-anak.', 13, 7, 0, 0, '19_01_28_download_-_2022-12-29T190106.105.jpg', '2022-12-26 15:08:20', 0, 3000, 'UBE221226150757', '', '0000-00-00'),
(32, 1, 'Tolak Linu Mint', 'untuk membantu meredakan pegal linu dan nyeri sendi.', 16, 13, 5, 13, '16_09_02_download_(73).jpg', '2022-12-26 15:08:45', 0, 4000, 'UBE221226150824', '', '0000-00-00'),
(33, 1, 'Bejo Jahe Merah', 'Membantu meredakan masuk angin, perut kembung, pegal-pegal, sakit kepala, mual dan meriang.', 16, 13, 5, 40, '15_46_22_download_(67).jpg', '2022-12-26 15:09:34', 0, 3000, 'UBE221226150849', '', '0000-00-00'),
(34, 1, 'Antangin Habbatussauda', 'membantu meningkatkan daya tahan tubuh dan meredakan masuk angin, meriang, mual kembung, pegal-pegal, sakit kepala dan melegakan tenggorokan.', 16, 13, 5, 31, '15_14_50_download_(36).jpg', '2022-12-26 15:10:33', 0, 3500, 'UBE221226150942', '', '0000-00-00'),
(35, 1, 'Bejo Anak', 'Membantu meredakan masuk angin, perut kembung, pegal-pegal, sakit kepala, mual dan meriang.', 16, 13, 5, 17, '15_45_51_download_(66).jpg', '2022-12-26 15:11:17', 0, 3000, 'UBE221226151039', '', '0000-00-00'),
(36, 1, 'Tolak Angin Anak', 'mengatasi masuk angin, perut mulas, meriang, perut kembung, dan pusing akibat mabuk perjalanan.', 16, 13, 5, 30, '16_06_59_download_(69).jpg', '2022-12-26 15:12:36', 0, 3000, 'UBE221226151123', '', '0000-00-00'),
(37, 1, 'Fitkom Anggur', 'memenuhi kebutuhan vitamin dan mineral anak di masa pertumbuhannya.', 13, 8, 5, 21, '20_17_42_download_-_2022-12-28T201642.870.jpg', '2022-12-26 15:13:44', 0, 17000, 'UBE221226151303', '', '0000-00-00'),
(38, 1, 'Fitkom Strawberry', ' membantu memelihara daya tahan tubuh dan membantu memelihara kesehatan tubuh.', 13, 8, 5, 11, '20_18_38_download_-_2022-12-28T201652.198.jpg', '2022-12-26 15:14:11', 0, 17000, 'UBE221226151349', '', '0000-00-00'),
(39, 1, 'Biolysin Kids Anggur', '', 13, 8, 5, 7, '15_56_55_images_(2).jpg', '2022-12-26 15:14:49', 0, 19000, 'UBE221226151418', '', '0000-00-00'),
(40, 1, 'Biolysin Kids Jeruk', ' membantu memelihara daya tahan tubuh dan membantu memelihara kesehatan tubuh.', 13, 8, 5, 8, '15_57_34_download_(80).jpg', '2022-12-26 15:15:20', 0, 19000, 'UBE221226151453', '', '0000-00-00'),
(41, 1, 'Biolysin Kids Strawberry', ' membantu memelihara daya tahan tubuh dan membantu memelihara kesehatan tubuh.', 13, 8, 5, 7, '15_58_11_download_(81).jpg', '2022-12-26 15:15:52', 0, 19000, 'UBE221226151526', '', '0000-00-00'),
(42, 1, 'Redoxon Kids', 'membantu menjaga daya tahan tubuh anak.', 13, 8, 1, 1, '17_13_34_images_(6).jpg', '2022-12-26 15:16:49', 0, 74000, 'UBE221226151556', '', '0000-00-00'),
(43, 1, 'Sakatonik ABC Anggur', 'Membantu memenuhi kebutuhan vitamin pada anak.', 13, 8, 5, 11, '17_09_26_download_-_2022-12-29T170915.475.jpg', '2022-12-26 15:17:26', 0, 18000, 'UBE221226151652', '', '0000-00-00'),
(44, 1, 'Sakatonik ABC Jeruk', ' membantu memelihara daya tahan tubuh dan membantu memelihara kesehatan tubuh.', 13, 8, 5, 18, '17_09_59_download_-_2022-12-29T170950.067.jpg', '2022-12-26 15:17:56', 0, 18000, 'UBE221226151729', '', '0000-00-00'),
(45, 1, 'Sakatonik ABC Strawberry', ' membantu memelihara daya tahan tubuh dan membantu memelihara kesehatan tubuh.', 13, 8, 5, 8, '17_10_31_download_-_2022-12-29T171023.018.jpg', '2022-12-26 15:18:36', 0, 18000, 'UBE221226151802', '', '0000-00-00'),
(46, 1, 'Fitkom Jeruk', ' membantu memelihara daya tahan tubuh dan membantu memelihara kesehatan tubuh.', 13, 8, 5, 18, '20_18_16_download_-_2022-12-28T201647.501.jpg', '2022-12-26 15:18:56', 0, 17000, 'UBE221226151838', '', '0000-00-00'),
(47, 1, 'Alkohol 100ml', 'Sebagai antiseptik, membersihkan luka, dan membersihkan alat-alat medis.', 13, 8, 5, 10, '14_51_01_download_(9).jpg', '2022-12-26 15:21:35', 0, 6000, 'UBE221226152018', '', '0000-00-00'),
(48, 1, 'Dettol 45ml', 'sebagai cairan antiseptik yang dapat membunuh berbagai kuman pada permukaan lantai.', 13, 8, 1, 4, NULL, '2022-12-26 15:22:18', 0, 14000, 'UBE221226152139', '', '0000-00-00'),
(49, 1, 'Dettol 95ml', 'sebagai cairan antiseptik yang dapat membunuh berbagai kuman pada permukaan lantai.', 13, 8, 1, 3, NULL, '2022-12-26 15:22:43', 0, 29000, 'UBE221226152220', '', '0000-00-00'),
(50, 1, 'Dettol 245ml', 'sebagai cairan antiseptik yang dapat membunuh berbagai kuman pada permukaan lantai.', 13, 8, 1, 5, '17_59_02_download_-_2022-12-28T175840.750.jpg', '2022-12-26 15:23:07', 0, 68000, 'UBE221226152247', '', '0000-00-00'),
(51, 1, 'Rivanol 100ml', 'cairan desinfektan yang di gunakan untuk membersihkan luka.', 13, 8, 5, 18, '17_06_04_download_-_2022-12-29T170556.301.jpg', '2022-12-26 15:23:58', 0, 6000, 'UBE221226152322', '', '0000-00-00'),
(52, 1, 'Caladin Powder 60gr', 'engatasi rasa gatal yang timbul akibat biang keringan serta memberikan sensasi sejuk di kulit sehingga tidak mengganggu aktifitas setiap hari. ', 13, 8, 3, 6, '17_01_40_download_-_2022-12-28T170056.916.jpg', '2022-12-26 15:25:00', 0, 12000, 'UBE221226152407', '', '0000-00-00'),
(53, 1, 'Caladin Powder 100gr', 'engatasi rasa gatal yang timbul akibat biang keringan serta memberikan sensasi sejuk di kulit sehingga tidak mengganggu aktifitas setiap hari. ', 13, 8, 3, 6, '17_01_13_download_-_2022-12-28T170056.916.jpg', '2022-12-26 15:25:24', 0, 17000, 'UBE221226152504', '', '0000-00-00'),
(54, 1, 'Bedak Salicyl Nellco', 'meringankan gatal-gatal pada kulit karena biang keringat.', 13, 8, 5, 17, '15_45_16_download_(65).jpg', '2022-12-26 15:26:50', 0, 8000, 'UBE221226152530', '', '0000-00-00'),
(55, 1, 'Tj Joybee Strawberry', 'memperbaiki nafsu makan, meningkatkan daya tahan tubuh anak, mencegah sariawan dan panas dalam, membantu mengoptimalkan fungsi otak serta membantu pertumbuhan dan perkembangan anak', 13, 8, 5, 6, '15_48_36_download_(68).jpg', '2022-12-26 15:27:47', 0, 14000, 'UBE221226152701', '', '0000-00-00'),
(56, 1, 'Tj Joybee Original', 'memperbaiki nafsu makan, meningkatkan daya tahan tubuh anak, mencegah sariawan dan panas dalam, membantu mengoptimalkan fungsi otak serta membantu pertumbuhan dan perkembangan anak', 13, 8, 5, 9, '15_47_57_download_(67).jpg', '2022-12-26 15:28:21', 0, 14000, 'UBE221226152751', '', '0000-00-00'),
(57, 1, 'Tj Joybee Jeruk', 'memperbaiki nafsu makan, meningkatkan daya tahan tubuh anak, mencegah sariawan dan panas dalam, membantu mengoptimalkan fungsi otak serta membantu pertumbuhan dan perkembangan anak', 13, 8, 5, 5, '15_46_34_download_(66).jpg', '2022-12-26 15:28:45', 0, 14000, 'UBE221226152823', '', '0000-00-00'),
(58, 1, 'Vermint isi 12 kapsul', 'membantu mengatasi tipes, demam berdarah, migran, mengeringkan luka bakar dan menghilangkan luka pasca operasi.', 16, 8, 5, 12, '15_18_20_download_(44).jpg', '2022-12-26 15:30:08', 0, 24000, 'UBE221226152848', '', '0000-00-00'),
(59, 1, 'Vermint isi 30 kapsul', 'membantu mengatasi tipes, demam berdarah, migran, mengeringkan luka bakar dan menghilangkan luka pasca operasi.', 16, 8, 5, 15, '15_18_36_download_(44).jpg', '2022-12-26 15:30:39', 0, 41000, 'UBE221226153011', '', '0000-00-00'),
(60, 1, 'Madu Hitam Pahit (B)', 'menghilangkan kanker, antiinflamasi, dan memperkuat sistem kekebalan tubuh. ', 16, 8, 0, 0, '17_17_02_download_-_2022-12-29T171637.064.jpg', '2022-12-26 15:31:32', 0, 0, 'UBE221226153043', '', '0000-00-00'),
(61, 1, 'Madu Hitam Pahit 250gr', 'menghilangkan kanker, antiinflamasi, dan memperkuat sistem kekebalan tubuh. ', 13, 8, 0, 0, '17_17_56_download_-_2022-12-29T171734.048.jpg', '2022-12-26 15:32:00', 0, 0, 'UBE221226153135', '', '0000-00-00'),
(62, 1, 'Sari Kurma Tj', 'meningkatkan daya tahan tubuh, meningkatkan kesuburan, baik untuk ibu hamil dan menyusui, dan meningkatkan stamina.', 16, 8, 0, 0, '16_56_08_download_-_2022-12-29T165600.612.jpg', '2022-12-26 15:32:52', 0, 0, 'UBE221226153204', '', '0000-00-00'),
(63, 1, 'Egoji Gummy Anggur', 'memelihara daya tahan tubuh anak serta dapat juga merawat sel-sel serta jaringan tubuh karena tinggi akan Vitamin A, Vitamin B kompleks, Vitamin D, Vitamin E dan Zinc.', 13, 7, 0, 0, '18_25_24_download_-_2022-12-28T182505.110.jpg', '2022-12-26 15:34:13', 0, 10000, 'UBE221226153311', '', '0000-00-00'),
(64, 1, 'Egoji Gummy Strawberry', 'memelihara daya tahan tubuh anak serta dapat juga merawat sel-sel serta jaringan tubuh karena tinggi akan Vitamin A, Vitamin B kompleks, Vitamin D, Vitamin E dan Zinc.', 13, 7, 5, 0, '18_26_15_download_-_2022-12-28T182555.333.jpg', '2022-12-26 15:34:43', 0, 10000, 'UBE221226153416', '', '0000-00-00'),
(65, 1, 'Egoji Gummy Jeruk', 'memelihara daya tahan tubuh anak serta dapat juga merawat sel-sel serta jaringan tubuh karena tinggi akan Vitamin A, Vitamin B kompleks, Vitamin D, Vitamin E dan Zinc.', 13, 7, 5, 27, '18_25_52_download_-_2022-12-28T182530.629.jpg', '2022-12-26 15:35:07', 0, 10000, 'UBE221226153447', '', '0000-00-00'),
(66, 1, 'Lactacyd Feminine', 'melindungi area intim Anda dari bakteri yang dapat menimbulkan rasa gatal dan bau tak sedap.', 13, 8, 5, 8, '16_49_49_download_-_2022-12-29T164932.440.jpg', '2022-12-26 15:36:03', 0, 32000, 'UBE221226153512', '', '0000-00-00'),
(67, 1, 'Lactacyd Baby', 'untuk membersihkan dan merawat bayi serta menjaganya agar tetap bersih dan sehat. ', 13, 8, 5, 9, '16_49_19_download_-_2022-12-29T164903.824.jpg', '2022-12-26 15:37:07', 0, 32000, 'UBE221226153612', '', '0000-00-00'),
(68, 1, 'Giovan Merah', 'untuk membilas Organ Kewanitaan.', 13, 8, 5, 19, '12_04_17_download_-_2022-12-29T120137.634.jpg', '2022-12-26 15:37:44', 0, 10000, 'UBE221226153710', '', '0000-00-00'),
(69, 1, 'Giovan Biru', 'untuk membantu mengurangi gatal akibat biang keringat, membantu mngurangi iritasi pada kulit, dan membantu melembabkan kulit.', 13, 8, 5, 18, '12_03_41_download_-_2022-12-29T120109.800.jpg', '2022-12-26 15:38:33', 0, 10000, 'UBE221226153748', '', '0000-00-00'),
(70, 1, 'Tj Joybee Gummy', 'Membantu memperbaiki nafsu makan, membantu meningkatkan daya tahan tubuh anak, mencegah sariawan dan panas dalam, membantu mengoptimalkan fungsi otak, memenuhi kebutuhan nutrisi anak, membantu pertumbuhan dan perkembangan anak', 16, 7, 0, 0, '15_44_45_download_(65).jpg', '2022-12-26 15:39:34', 0, 8000, 'UBE221226153837', '', '0000-00-00'),
(71, 1, 'Scott\'s Emulsion 400ml', 'membantu memenuhi kebutuhan vitamin A dan D untuk memelihara kesehatan tubuh serta mendukung pertumbuhan dan perkembangan.', 13, 8, 0, 0, '16_49_24_download_-_2022-12-29T164915.681.jpg', '2022-12-26 15:40:40', 0, 42000, 'UBE221226153939', '', '0000-00-00'),
(72, 1, 'Curvit CL Emulsion', 'membantu memenuhi kebutuhan vitamin selama masa pertumbuhan pada anak, serta meningkatkan perkembangan sel otak anak. ', 13, 8, 5, 7, '17_50_23_download_-_2022-12-28T174952.372.jpg', '2022-12-26 15:41:30', 0, 65000, 'UBE221226154048', '', '0000-00-00'),
(73, 1, 'Curcuma Plus Grow Jeruk', 'sebagai suplemen untuk memenuhi kebutuhan vitamin anak di masa pertumbuhannya.', 13, 8, 3, 0, '17_48_06_download_-_2022-12-28T174744.637.jpg', '2022-12-26 15:42:41', 0, 30000, 'UBE221226154145', '', '0000-00-00'),
(74, 1, 'Apialys Syrup', ' membantu meningkatkan nafsu makan, namun juga membantu meningkatkan daya tahan tubuh dan membantu pertumbuhan tulang dan gigi. ', 13, 8, 2, 3, '15_25_36_download_(45).jpg', '2022-12-26 15:43:36', 0, 49000, 'UBE221226154246', '', '0000-00-00'),
(75, 1, 'Curvit Syrup', 'membantu memenuhi kebutuhan vitamin selama masa pertumbuhan pada anak, serta meningkatkan perkembangan sel otak anak.', 13, 8, 3, 12, '17_51_54_download_-_2022-12-28T175042.172.jpg', '2022-12-26 15:44:16', 0, 32000, 'UBE221226154338', '', '0000-00-00'),
(76, 1, 'Enervon-c Plus Syrup', 'meningkatkan energi, menjaga daya tahan tubuh, serta digunakan untuk pengobatan bagi pasien yang kekurangan vitamin B kompleks dan kekurangan vitamin C.', 13, 8, 2, 1, '18_31_50_download_-_2022-12-28T183130.418.jpg', '2022-12-26 15:44:58', 0, 23000, 'UBE221226154421', '', '0000-00-00'),
(77, 1, 'Apialys Drop', 'membantu mengoptimalkan tumbuh kembang anak serta membantu memenuhi kekurangan nutrisi pada anak-anak atau bayi yang kurang nafsu makan.', 13, 8, 2, 4, '15_24_27_download_(44).jpg', '2022-12-26 15:45:37', 0, 60000, 'UBE221226154503', '', '0000-00-00'),
(78, 1, 'Elkana syrup', 'memenuhi kebutuhan vitamin dan mineral, terutama untuk anak-anak pada masa pertumbuhan, wanita hamil dan menyusui, serta sebagai terapi pada penderita defisiensi vitamin.', 13, 8, 1, 0, '18_27_16_fec64819-238c-4ddf-b675-a70ae7a9aadf.jpg', '2022-12-26 15:46:19', 0, 0, 'UBE221226154541', '', '0000-00-00'),
(79, 1, 'Biolysin Smart 100ml', 'Merangsang nafsu makan, Meningkatkan daya tahan tubuh, Memenuhi kebutuhan gizi untuk pertumbuhan.', 13, 8, 1, 2, '15_58_44_download_(82).jpg', '2022-12-26 15:47:13', 0, 15000, 'UBE221226154625', '', '0000-00-00'),
(80, 1, 'Biolysin Smart 60ml', 'Merangsang nafsu makan, Meningkatkan daya tahan tubuh, Memenuhi kebutuhan gizi untuk pertumbuhan.', 13, 8, 1, 2, '16_03_08_download_(83).jpg', '2022-12-26 15:47:37', 0, 15000, 'UBE221226154717', '', '0000-00-00'),
(81, 1, 'Biolysin Syrup 60ml', 'Merangsang nafsu makan, Meningkatkan daya tahan tubuh, Memenuhi kebutuhan gizi untuk pertumbuhan.', 13, 8, 1, 5, '16_04_29_download_(84).jpg', '2022-12-26 15:48:24', 0, 15000, 'UBE221226154741', '', '0000-00-00'),
(82, 1, 'Curcuma Plus Sharpy', 'membantu menambah nafsu makan, sekaligus meningkatkan sistem kekebalan tubuh sehingga tidak mudah sakit. Suplemen ini mengandung prebiotik, DHA, kurkuminoid, vitamin B1, vitamin B2, vitamin B6, vitamin B12, beta karoten 10%, dan dekspantenol.', 13, 8, 2, 12, '17_49_37_download_-_2022-12-28T174905.196.jpg', '2022-12-26 15:49:11', 0, 18000, 'UBE221226154827', '', '0000-00-00'),
(83, 1, 'H-booster Syrup', 'menunjang daya tahan tubuh pada anak dikala sehat dan mempercepat proses penyembuhan di kala saki', 13, 8, 2, 16, '12_17_57_download_-_2022-12-29T121325.166.jpg', '2022-12-26 15:49:52', 0, 23000, 'UBE221226154915', '', '0000-00-00'),
(84, 1, 'Curcuma Plus Grow Strawberry', 'membantu menambah nafsu makan dan menjaga daya tahan tubuh anak.', 13, 8, 3, 4, '17_48_39_images_(7).jpg', '2022-12-26 15:50:44', 0, 30000, 'UBE221226154958', '', '0000-00-00'),
(85, 1, 'Curcuma Plus Grow Anggur', 'membantu menambah nafsu makan dan menjaga daya tahan tubuh anak.', 13, 8, 2, 5, '17_47_13_images_(6).jpg', '2022-12-26 15:51:14', 0, 30000, 'UBE221226155047', '', '0000-00-00'),
(86, 1, 'Madu Tj Panas Dalam 150gr', 'Meredakan gejala panas dalam seperti sariawan, bibir pecah-pecah, tenggorokan kering, serta melegakan tenggorokan.', 16, 8, 3, 5, '17_36_53_download_-_2022-12-29T173631.507.jpg', '2022-12-26 15:52:22', 0, 24000, 'UBE221226155122', '', '0000-00-00'),
(87, 1, 'Madu Tj Murni 150gr', 'menjaga stamina tubuh agar tidak mudah sakit dan tentunya mencegah panas dalam serta penambah gizi.', 16, 8, 5, 10, '17_35_42_download_-_2022-12-29T173518.594.jpg', '2022-12-26 15:53:05', 0, 20000, 'UBE221226155226', '', '0000-00-00'),
(88, 1, 'Madu Tj Murni 250gr', 'menjaga stamina tubuh agar tidak mudah sakit dan tentunya mencegah panas dalam serta penambah gizi.', 16, 8, 5, 6, NULL, '2022-12-26 15:53:27', 0, 30000, 'UBE221226155308', '', '0000-00-00'),
(89, 1, 'Cerebrofort Gold Jeruk', 'meningkatkan kecerdasan, nafsu makan, dan tumbuh kembang pada anak.', 13, 8, 1, 4, '17_31_04_download_-_2022-12-28T173048.921.jpg', '2022-12-26 15:54:15', 0, 23000, 'UBE221226155333', '', '0000-00-00'),
(90, 1, 'Madu Tj Extra 250gr', 'membantu meningkatkan stamina tubuh, memperkuat daya tahan tubuh, sehingga tidak mudah sakit dan dapat menambah gizi.', 16, 8, 4, 2, '17_35_04_download_-_2022-12-29T173416.659.jpg', '2022-12-26 15:55:06', 0, 33000, 'UBE221226155418', '', '0000-00-00'),
(91, 1, 'Madu Tj Extra 150gr', 'membantu meningkatkan stamina tubuh, memperkuat daya tahan tubuh, sehingga tidak mudah sakit dan dapat menambah gizi.', 16, 8, 4, 8, '17_34_41_download_-_2022-12-29T173416.659.jpg', '2022-12-26 15:55:29', 0, 23000, 'UBE221226155509', '', '0000-00-00'),
(92, 1, 'Sarung Tangan (M)', 'melindungi tangan saat melakukan tugas yang melibatkan zat kimia atau di lingkungan berbahaya.', 18, 7, 6, 35, '16_48_13_download_-_2022-12-29T164749.660.jpg', '2022-12-26 15:58:09', 0, 3000, 'UBE221226155709', '', '0000-00-00'),
(93, 1, 'Sarung Tangan (L)', 'melindungi tangan saat melakukan tugas yang melibatkan zat kimia atau di lingkungan berbahaya.', 18, 7, 6, 59, '16_47_58_download_-_2022-12-29T164749.660.jpg', '2022-12-26 15:58:55', 0, 3000, 'UBE221226155812', '', '0000-00-00'),
(94, 1, 'Alkohol 1 ltr', 'membersihkan luka dan pembersih alat-alat medis. Sebagai antiseptik, membersihkan luka, dan membersihkan alat-alat medis.', 13, 8, 2, 13, '14_50_14_download_(8).jpg', '2022-12-26 16:00:07', 16667, 40000, 'UBE221226155902', '', '0000-00-00'),
(95, 1, 'Alkohol 300ml', 'membersihkan luka dan pembersih alat-alat medis. Sebagai antiseptik, membersihkan luka, dan membersihkan alat-alat medis.', 13, 8, 3, 15, '14_51_50_download_(10).jpg', '2022-12-26 16:00:33', 0, 12000, 'UBE221226160010', '', '0000-00-00'),
(96, 1, 'Rivanol 300ml', 'membersihkan luka.', 13, 8, 3, 15, '17_06_42_download_-_2022-12-29T170634.197.jpg', '2022-12-26 16:01:43', 0, 13000, 'UBE221226160037', '', '0000-00-00'),
(97, 1, 'Hansaplast Roll (B)', 'merekatkan kasa steril atau perban dan plester langsung pada kulit.', 18, 7, 5, 11, '12_40_48_download_-_2022-12-29T124028.425.jpg', '2022-12-26 16:02:54', 0, 13000, 'UBE221226160201', '', '0000-00-00'),
(98, 1, 'Micropore (B)', 'merekatkan kasa steril atau perban dan plester langsung pada kulit.', 18, 7, 2, 20, '18_03_24_download_-_2022-12-29T180258.954.jpg', '2022-12-26 16:03:44', 3, 44000, 'UBE221226160259', '', '0000-00-00'),
(99, 1, 'Hansaplast Roll (K)', 'merekatkan kasa steril atau perban dan plester langsung pada kulit.', 18, 7, 5, 15, '12_41_22_download_-_2022-12-29T124028.425.jpg', '2022-12-26 16:04:27', 0, 6000, 'UBE221226160352', '', '0000-00-00'),
(100, 1, 'Micropore (S)', 'merekatkan kasa steril atau perban dan plester langsung pada kulit.', 18, 7, 3, 9, '18_11_33_download_-_2022-12-29T180258.954.jpg', '2022-12-26 16:04:58', 0, 24000, 'UBE221226160432', '', '0000-00-00'),
(101, 1, 'Micropore (K)', 'merekatkan kasa steril atau perban dan plester langsung pada kulit.', 18, 7, 3, 15, '18_04_18_download_-_2022-12-29T180238.658.jpg', '2022-12-26 16:05:23', 0, 13000, 'UBE221226160501', '', '0000-00-00'),
(102, 1, 'Betadine Salep 5gr', 'membunuh kuman penyebab infeksi pada luka seperti luka bakar, luka sunat, lika tergores, dan luka kecil lainnya.', 13, 11, 3, 8, '15_53_48_download_(75).jpg', '2022-12-26 16:06:55', 0, 14000, 'UBE221226160544', '', '0000-00-00'),
(103, 1, 'Betadine 30ml', 'membunuh kuman penyebab infeksi pada luka seperti luka bakar, luka sunat, lika tergores, dan luka kecil lainnya.', 13, 8, 3, 9, '15_50_50_download_(72).jpg', '2022-12-26 16:07:43', 0, 26000, 'UBE221226160703', '', '0000-00-00'),
(104, 1, 'Betadine 5ml', 'membunuh kuman penyebab infeksi pada luka seperti luka bakar, luka sunat, lika tergores, dan luka kecil lainnya.', 13, 8, 5, 11, '15_51_11_download_(72).jpg', '2022-12-26 16:08:02', 0, 7000, 'UBE221226160747', '', '0000-00-00'),
(105, 1, 'Betadine 60ml', 'membunuh kuman penyebab infeksi pada luka seperti luka bakar, luka sunat, lika tergores, dan luka kecil lainnya.', 13, 8, 3, 9, '15_51_30_download_(72).jpg', '2022-12-26 16:08:23', 0, 44000, 'UBE221226160806', '', '0000-00-00'),
(106, 1, 'Betadine Salep 10gr', 'membunuh kuman penyebab infeksi pada luka seperti luka bakar, luka sunat, lika tergores, dan luka kecil lainnya.', 13, 8, 3, 12, '15_53_28_download_(75).jpg', '2022-12-26 16:08:55', 0, 25000, 'UBE221226160831', '', '0000-00-00'),
(107, 1, 'Betadine 15ml', 'membunuh kuman penyebab infeksi pada luka seperti luka bakar, luka sunat, lika tergores, dan luka kecil lainnya.', 13, 8, 5, 14, '09_57_56_e4228445a0d90d90e6ad45217a0520c4.jpg', '2022-12-26 16:09:16', 0, 17000, 'UBE221226160859', '', '0000-00-00'),
(108, 1, 'Hansaplast Plester', 'melindungi luka dari terbentur, rusak, atau kotor. ', 18, 7, 5, 86, '12_39_36_download_-_2022-12-29T123915.729.jpg', '2022-12-26 16:11:13', 0, 500, 'UBE221226160938', '', '0000-00-00'),
(109, 1, 'Hansaplast Jumbo', 'melindungi luka dari terbentur, rusak, atau kotor. ', 18, 7, 5, 0, '12_38_34_download_-_2022-12-29T122008.073.jpg', '2022-12-26 16:12:14', 0, 1000, 'UBE221226161117', '', '0000-00-00'),
(110, 1, 'Kasa Steril HK', 'operasi besar/kecil, khitan, penutup luka, dan bebat pusar bayi. Bersihkan luka dari kotoran, bakteri dan partikel untuk mencegah infeksi.', 18, 16, 5, 10, '16_23_07_download_-_2022-12-29T162100.232.jpg', '2022-12-26 16:13:19', 0, 6000, 'UBE221226161241', '', '0000-00-00'),
(111, 1, 'Termometer Digital', 'mengukur suhu, atau alat yang digunakan untuk menyatakan derajat dingin dan panasnya suatu benda.', 18, 7, 5, 19, '16_09_39_download_(74).jpg', '2022-12-26 16:13:59', 0, 30000, 'UBE221226161323', '', '0000-00-00'),
(112, 1, 'Pipet Kaca', 'memindahkan cairan dengan volume kecil, dan merupakan alat ukur untuk memindahkan cairan dari wadah aslinya ke wadah lain dalam jarak tertentu', 18, 7, 2, 5, '18_18_34_images_(8).jpg', '2022-12-26 16:14:44', 0, 6000, 'UBE221226161404', '', '0000-00-00'),
(113, 1, 'Tensocrepe', ' perban elastis yang berguna untuk fiksasi/perawatan pada kasus keseleo (sprains), letih otot (strains), dan pelebaran pembuluh darah balik (varicose veins).', 18, 7, 1, 6, '16_20_31_download_(85).jpg', '2022-12-26 16:15:31', 0, 105000, 'UBE221226161447', '', '0000-00-00'),
(114, 1, 'Cutton Bud', 'sebagai alat untuk membersihkan telinga.', 18, 7, 3, 5, '17_52_27_download_-_2022-12-28T175136.300.jpg', '2022-12-26 16:16:15', 0, 6000, 'UBE221226161534', '', '0000-00-00'),
(115, 1, 'Perban 10cm HK', 'menutup atau membalut luka dan mencegah infeksi pada luka selama proses penyembuhan.', 18, 7, 5, 21, '18_28_54_download_-_2022-12-29T182748.212.jpg', '2022-12-26 16:17:33', 0, 10000, 'UBE221226161619', '', '0000-00-00'),
(116, 1, 'Masker Convex', 'mencegah masuknya partikerl mikro seperti bakteri, cairan, asap, dan debu.', 18, 7, 1, 3, '17_39_19_download_-_2022-12-29T173901.783.jpg', '2022-12-26 16:18:53', 0, 10000, 'UBE221226161801', '', '0000-00-00'),
(117, 1, 'Masker Hijab', 'mencegah masuknya partikerl mikro seperti bakteri, cairan, asap, dan debu.', 18, 7, 3, 35, '17_39_56_images_(33).jpg', '2022-12-26 16:19:18', 0, 2000, 'UBE221226161902', '', '0000-00-00'),
(118, 1, 'Hypavix box', 'mengencangkan pembalut luka untuk area yang lebar.', 18, 16, 1, 3, '15_21_30_download_-_2022-12-29T152021.994.jpg', '2022-12-26 16:20:44', 0, 89000, 'UBE221226161926', '', '0000-00-00'),
(119, 1, 'Hypavix 1 meter', 'mengencangkan pembalut luka untuk area yang lebar.', 18, 7, 0, 20, '15_20_57_download_-_2022-12-29T152021.994.jpg', '2022-12-26 16:21:10', 0, 20000, 'UBE221226162046', '', '0000-00-00'),
(120, 1, 'Perban 5cm HK', 'menutup atau membalut luka dan mencegah infeksi pada luka selama proses penyembuhan', 18, 7, 5, 47, '18_29_14_download_-_2022-12-29T182742.514.jpg', '2022-12-26 16:21:45', 0, 10000, 'UBE221226162116', '', '0000-00-00'),
(121, 1, 'Tegaderm Film ', 'plester bening anti air yang digunakan untuk menutup luka.', 18, 7, 2, 8, '16_26_26_download_(92).jpg', '2022-12-26 16:22:26', 0, 33000, 'UBE221226162148', '', '0000-00-00'),
(122, 1, 'Lomatuell', 'perawatan luka dalam basis vaseline putih untuk mencegah pelekatan pada luka.', 18, 7, 2, 3, '17_07_57_download_-_2022-12-29T170735.920.jpg', '2022-12-26 16:23:04', 0, 20000, 'UBE221226162229', '', '0000-00-00'),
(123, 1, 'Salicyl KF', 'menghilangkan gatal yang disebabkan oleh biang keringat dan gangguan kulit lainnya.', 13, 8, 1, 1, '17_02_49_download_-_2022-12-29T170236.848.jpg', '2022-12-26 16:26:36', 0, 8000, 'UBE221226162513', '', '0000-00-00'),
(124, 1, 'Bedak Marcks 40G', 'mampu membuat kulit kusam menjadi lebih segar, menormalkan produksi minyak di wajah, mengurangi munculnya jerawat serta tidak menimbulkan dampak buruk bagi kulit karena menggunakan komposisi bahan yang aman bagi kulit wanita Indonesia.', 13, 8, 1, 12, '15_44_38_download_(64).jpg', '2022-12-26 16:29:40', 0, 17000, 'UBE221226162821', '', '0000-00-00'),
(125, 1, 'Herocyn Baby 200G', 'memelihara agar kulit bayi tetap sehat, segar, halus dan harum. Dipergunakan untuk memelihara agar kulit tetap sehat, segar, halus dan harum.', 13, 8, 1, 1, '13_14_20_download_-_2022-12-29T131230.893.jpg', '2022-12-26 16:30:55', 0, 15000, 'UBE221226162943', '', '0000-00-00'),
(126, 1, 'Herocyn Baby 100G', 'memelihara agar kulit bayi tetap sehat, segar, halus dan harum. Dipergunakan untuk memelihara agar kulit tetap sehat, segar, halus dan harum.', 13, 8, 1, 5, '13_13_54_download_-_2022-12-29T131230.893.jpg', '2022-12-26 16:31:41', 0, 10000, 'UBE221226163058', '', '0000-00-00'),
(127, 1, 'Happy Talkum Powder 150gr', 'berfungsi untuk melembabkan dan membantu mengurangi efek nyeri akibat gesekan.', 13, 8, 1, 10, '12_43_28_download_-_2022-12-29T124204.935.jpg', '2022-12-26 16:33:07', 0, 8000, 'UBE221226163143', '', '0000-00-00'),
(128, 1, 'Vitacimin 500 mg', ' untuk menjaga daya tahan tubuh. ', 13, 10, 5, 149, '15_08_58_download_(38).jpg', '2022-12-26 16:35:07', 0, 3000, 'UBE221226163321', '', '0000-00-00'),
(129, 1, 'Caviplex', 'untuk membantu memenuhi kebutuhan vitamin dan mineral. Membantu memenuhi kebutuhan vitamin dan mineral.', 13, 10, 5, 40, '17_15_35_download_-_2022-12-28T171504.642.jpg', '2022-12-26 16:36:24', 0, 10000, 'UBE221226163513', '', '0000-00-00'),
(130, 1, 'Ester- C strip', 'memelihara daya tahan tubuh, serta mencegah dan mengatasi kekurangan vitamin C. ', 13, 10, 5, 27, '18_46_13_images_(10).jpg', '2022-12-26 16:41:05', 0, 9000, 'UBE221226163628', '', '0000-00-00'),
(131, 1, 'Darsi', ' untuk membantu mengurangi jerawat, bisul dan gatal gatal.', 16, 16, 2, 3, '17_53_52_download_-_2022-12-28T175338.225.jpg', '2022-12-26 16:44:05', 0, 20000, 'UBE221226164309', '', '0000-00-00'),
(132, 1, 'Selkom-C', 'digunakan untuk terapi pada penderita kekurangan vitamin B dan C serta membantu memelihara kesehatan tubuh.', 13, 10, 2, 5, '16_50_06_download_-_2022-12-29T164959.010.jpg', '2022-12-26 16:45:30', 0, 15000, 'UBE221226164410', '', '0000-00-00'),
(133, 1, 'Prostakur', 'untuk membantu memelihara kesehatan prostat.', 16, 10, 1, 5, '17_24_26_download_-_2022-12-29T172412.608.jpg', '2022-12-26 16:47:06', 0, 24000, 'UBE221226164601', '', '0000-00-00'),
(134, 1, 'Ever-E 250', 'membantu memenuhi kebutuhan vitamin E harian. ', 13, 16, 1, 3, '18_48_42_download_-_2022-12-28T184811.168.jpg', '2022-12-26 16:49:18', 0, 31000, 'UBE221226164708', '', '0000-00-00'),
(135, 1, 'Lelap', 'berkhasiat untuk membantu meringankan gangguan tidur.', 16, 10, 2, 5, '17_03_35_download_-_2022-12-29T170317.307.jpg', '2022-12-26 16:50:43', 0, 18000, 'UBE221226164925', '', '0000-00-00'),
(136, 1, 'Vitalong-C strip', 'membantu menjaga sistem kekebalan tubuh serta membantu dalam pemulihan setelah sakit.', 13, 10, 4, 31, '14_27_07_download_(23).jpg', '2022-12-26 16:52:00', 0, 8000, 'UBE221226165047', '', '0000-00-00'),
(137, 1, 'B Complex B12', 'untuk menjaga kesehatan sel saraf dan pembentukan sel darah. ', 13, 10, 5, 22, '15_34_02_download_(52).jpg', '2022-12-26 16:53:20', 0, 10000, 'UBE221226165204', '', '0000-00-00'),
(138, 1, 'Natur-E', 'untuk merawat kesehatan kulit. ', 13, 16, 1, 0, '19_04_39_download_-_2022-12-29T190405.998.jpg', '2022-12-26 16:54:15', 0, 21000, 'UBE221226165323', '', '0000-00-00'),
(139, 1, 'Surbex Z', 'untuk membantu menjaga stamina dan memelihara kesehatan, serta membantu meningkatkan daya tahan tubuh.', 13, 10, 1, 18, '16_37_07_download_-_2022-12-29T163701.138.jpg', '2022-12-26 16:55:56', 0, 30000, 'UBE221226165441', '', '0000-00-00'),
(140, 1, 'Sangobion Caps', ' suplemen untuk mengatasi kurang darah atau anemia.', 13, 10, 5, 58, '17_04_48_download_-_2022-12-29T170438.799.jpg', '2022-12-26 16:56:54', 0, 20000, 'UBE221226165602', '', '0000-00-00'),
(141, 1, 'Vitamin C1000', 'membantu memenuhi kebutuhan vitamin C dalam tubuh. Membantu memenuhi kebutuhan Vitamin C dalam tubuh.', 13, 16, 3, 17, '14_32_32_download_(29).jpg', '2022-12-26 16:58:45', 0, 11000, 'UBE221226165732', '', '0000-00-00'),
(142, 1, 'Kejibeling Caps', 'mengatasi masalah pada saluran kemih.', 16, 10, 10, 17, '16_23_53_download_-_2022-12-29T162334.821.jpg', '2022-12-26 16:59:29', 0, 13000, 'UBE221226165732', '', '0000-00-00'),
(143, 1, 'Tonikum Buyer 330ml', 'membantu memenuhi kebutuhan vitamin dan juga mineral selama masa pertumbuhan, usia lanjut, masa kehamilan dan juga sedang menstruasi. ', 13, 8, 2, 0, '15_30_49_download_(57).jpg', '2022-12-26 17:00:32', 0, 30000, 'UBE221226165951', '', '0000-00-00'),
(144, 1, 'Tonikum Buyer 100ml', 'membantu memenuhi kebutuhan vitamin dan juga mineral selama masa pertumbuhan, usia lanjut, masa kehamilan dan juga sedang menstruasi. ', 13, 8, 2, 12, '15_30_33_download_(57).jpg', '2022-12-26 17:00:55', 0, 16000, 'UBE221226170038', '', '0000-00-00'),
(145, 1, 'Lamandel ', ' membantu meringankan gejala sakit tenggorokan, gangguan amandel serta dapat memperbaiki nafsu makan.', 16, 7, 1, 0, '16_51_34_download_-_2022-12-29T165109.733.jpg', '2022-12-26 17:01:37', 0, 3000, 'UBE221226170059', '', '0000-00-00'),
(146, 1, 'Surbex-T', 'memelihara daya tahan tubuh. Pengobatan defisiensi vitamin B kompleks & vitamin C.', 13, 10, 1, 8, '16_37_42_download_-_2022-12-29T163735.707.jpg', '2022-12-26 17:02:25', 0, 15000, 'UBE221226170141', '', '0000-00-00'),
(147, 1, 'Redoxon isi 10', 'membantu meningkatkan dan memelihara daya tahan tubuh. Suplemen yang dijual secara bebas ini mengandung vitamin dan mineral, seperti vitamin C, vitamin D, dan zinc.', 13, 8, 3, 1, '17_12_15_download_-_2022-12-29T171202.626.jpg', '2022-12-26 17:03:22', 0, 50000, 'UBE221226170229', '', '0000-00-00'),
(148, 1, 'CDR isi 10', 'membantu memenuhi kebutuhan vitamin dan mineral pada masa pertumbuhan atau pemulihan saat sakit, serta untuk mengatasi gangguan penyerapan makanan.', 13, 8, 3, 5, '17_16_25_download_-_2022-12-28T171613.067.jpg', '2022-12-26 17:28:41', 0, 53000, 'UBE221226172756', '', '0000-00-00'),
(149, 1, 'Sakatonik Liver Tablet', 'pembentukan sel darah merah, perbaruan sel tubuh, serta proses metabolisme dan pembentukan energi', 13, 10, 2, 0, '17_00_43_download_-_2022-12-29T170035.106.jpg', '2022-12-26 17:29:28', 0, 8000, 'UBE221226172845', '', '0000-00-00'),
(150, 1, 'Redoxon Sachet', 'membantu meningkatkan dan memelihara daya tahan tubuh', 13, 7, 2, 0, '17_13_12_download_-_2022-12-29T171301.241.jpg', '2022-12-26 17:30:17', 0, 11000, 'UBE221226172932', '', '0000-00-00'),
(151, 1, 'Vitamin D3 My Well', 'memenuhi kebutuhan vitamin D dengan cepat pada kondisi tertentu, seperti lanjut usia, risiko tinggi atau penyakit infeksi, penderita penyakit autoimun, dan ibu hamil atau menyusui', 13, 8, 5, 0, '14_33_40_download_(31).jpg', '2022-12-26 17:31:28', 0, 20000, 'UBE221226173022', '', '0000-00-00'),
(152, 1, 'Sp Troches', 'mengatasi infeksi pada rongga mulut dan tenggorokan.', 13, 16, 5, 6, '16_46_20_download_-_2022-12-29T164611.589.jpg', '2022-12-26 17:32:10', 0, 16000, 'UBE221226173133', '', '0000-00-00'),
(153, 1, 'Zegavit ', 'pengobatan defisiensi vitamin C dan B kompleks akibat meningkatnya kebutuhan, kurangnya makanan yang masuk atau adanya gangguan dalam penyerapan makanan, dan menambah masukan vitamin E, kalsium, dan zinc.', 13, 10, 2, 15, '14_15_26_download_(10).jpg', '2022-12-26 17:32:42', 0, 32000, 'UBE221226173213', '', '0000-00-00'),
(154, 1, 'CDR isi 15', 'membantu memenuhi kebutuhan vitamin dan mineral pada masa pertumbuhan atau pemulihan saat sakit, serta untuk mengatasi gangguan penyerapan makanan', 13, 8, 2, 1, '17_16_43_download_-_2022-12-28T171613.067.jpg', '2022-12-26 17:33:16', 0, 73000, 'UBE221226173246', '', '0000-00-00'),
(155, 1, 'CDR Sachet', 'membantu memenuhi kebutuhan vitamin dan mineral pada masa pertumbuhan atau pemulihan saat sakit, serta untuk mengatasi gangguan penyerapan makanan', 13, 10, 1, 8, '17_17_50_download_-_2022-12-28T171736.121.jpg', '2022-12-26 17:33:47', 0, 11000, 'UBE221226173322', '', '0000-00-00'),
(156, 1, 'Sakatonik Actif 310ml', ' memenuhi kebutuhan vitamin D dengan cepat pada kondisi tertentu, seperti lanjut usia, risiko tinggi atau penyakit infeksi, ', 13, 8, 1, 4, '17_11_37_download_-_2022-12-29T171051.810.jpg', '2022-12-26 17:34:44', 0, 28000, 'UBE221226173350', '', '0000-00-00'),
(157, 1, 'Sakatonik Actif 100ml', ' memenuhi kebutuhan vitamin D dengan cepat pada kondisi tertentu, seperti lanjut usia, risiko tinggi atau penyakit infeksi, ', 13, 8, 1, 2, '17_11_20_download_-_2022-12-29T171051.810.jpg', '2022-12-26 17:35:14', 0, 12000, 'UBE221226173449', '', '0000-00-00'),
(158, 1, 'Vicee 500mg', 'membantu memenuhi kebutuhan vitamin C tubuh. Mencegah dan mengobati defisiensi vitamin C, terutama dalam masa pemulihan dari sakit. Mencegah sariawan. Mengobati perdarahan gusi.', 13, 10, 5, 39, '15_20_20_download_(47).jpg', '2022-12-26 17:36:14', 0, 3000, 'UBE221226173533', '', '0000-00-00'),
(159, 1, 'Ever-E 250 Botol', 'Meregenerasi sel kulit dari dalam untuk meelihara kesehatan kulit agar tetap lembab, kenyal, dan membantu mencegah penuaan dini pada kulit. ', 13, 8, 1, 2, '18_49_09_c7223e2d090d06da9c09fe93844fa1a5.jpg', '2022-12-26 17:37:08', 0, 74000, 'UBE221226173616', '', '0000-00-00'),
(160, 1, 'Vitamin B12 Ipi', ' menghasilkan sel darah merah, menjaga kesehatan sistem saraf.', 13, 8, 3, 10, '14_30_43_download_(27).jpg', '2022-12-26 17:37:53', 0, 10000, 'UBE221226173712', '', '0000-00-00'),
(161, 1, 'Pil Kita Cair', 'menyembuhkan otot tegang, capek, pegal dan linu akibat beraktivitas, kerja keras dan olahraga berat.', 16, 13, 2, 3, '18_12_07_download_-_2022-12-29T180953.153.jpg', '2022-12-26 17:38:40', 0, 3000, 'UBE221226173756', '', '0000-00-00'),
(162, 1, 'Pil Kita Tablet', 'menyembuhkan otot tegang, capek, pegal dan linu akibat beraktivitas, kerja keras dan olahraga berat.', 13, 7, 5, 15, '18_12_25_download_-_2022-12-29T180350.747.jpg', '2022-12-26 17:39:08', 0, 3000, 'UBE221226173842', '', '0000-00-00'),
(163, 1, 'Enervon-c Strip', 'membantu mengatasi kekurangan vitamin dan mempercepat pemulihan setelah sakit.', 13, 10, 10, 124, '18_32_36_download_-_2022-12-28T183211.850.jpg', '2022-12-26 17:39:52', 0, 8000, 'UBE221226173911', '', '0000-00-00'),
(164, 1, 'C2FIT', 'memenuhi kebutuhan vitamin dan mineral, dan membantu dan membantu meningkatkan daya tahan tubuh.', 13, 10, 5, 21, '16_58_56_download_-_2022-12-28T165846.030.jpg', '2022-12-26 17:40:30', 0, 20000, 'UBE221226173955', '', '0000-00-00'),
(165, 1, 'Pharmaton Formula', 'membantu menjaga stamina dan kesehatan tubuh setelah operasi dan pada masa pemulihan.', 13, 10, 2, 22, '18_10_13_download_-_2022-12-29T180314.237.jpg', '2022-12-26 17:41:23', 0, 28000, 'UBE221226174033', '', '0000-00-00'),
(166, 1, 'Vitamin D3 Ipi', 'mendukung dan menjaga kesehatan gigi & tulang, menjaga sistem imun tubuh, sistem kardiovaskular yang sehat, kesehatan otot dan penyerapan kalsium.', 13, 8, 2, 0, '14_33_06_download_(30).jpg', '2022-12-26 17:42:14', 0, 12000, 'UBE221226174128', '', '0000-00-00'),
(167, 1, 'Kapsida', 'membantu meringankan gatal-gatal, bisul, koreng, dan jerawat.', 16, 8, 3, 0, '16_20_09_download_-_2022-12-29T161949.807.jpg', '2022-12-26 17:43:14', 0, 18000, 'UBE221226174218', '', '0000-00-00'),
(168, 1, 'Vitamin B Complex Ipi', 'metabolisme kabohidrat dan protein dalam tubuh. Membantu memenuhi kebutuhan Vitamin B Kompleks.', 13, 8, 2, 6, '14_28_30_download_(25).jpg', '2022-12-26 17:44:09', 0, 10000, 'UBE221226174324', '', '0000-00-00'),
(169, 1, 'Vitamin A Ipi', 'menjaga fungsi sistem kekebalan tubuh, membantu proses pembentukan tulang, memelihara kesehatan reproduksi serta membantu mempercepat penyembuhan luka.', 13, 8, 2, 13, '14_27_37_download_(24).jpg', '2022-12-26 17:45:05', 0, 8000, 'UBE221226174413', '', '0000-00-00'),
(170, 1, 'Vitamin B1 Ipi', 'mencegah timbulnya penyakit beri-beri, membantu pemberbaiki fungsi otak khususnya pada penderita alzheimer, mengurangi stres dan meningkatkan daya tahan tubuh.', 13, 8, 3, 11, '14_29_08_download_(26).jpg', '2022-12-26 17:46:01', 0, 8000, 'UBE221226174509', '', '0000-00-00'),
(171, 1, 'Vitamin C Ipi', 'menjaga keutuhan fungsi jaringan mesodermal yaitu kolagen, tulang, gigi dan pembuluh darah.', 13, 8, 5, 26, '14_31_39_download_(28).jpg', '2022-12-26 17:46:46', 0, 10000, 'UBE221226174605', '', '0000-00-00'),
(172, 1, 'Fatigon Kaplet', 'memulihkan kesehatan tubuh, menghilangkan capek, pegal, kram dan kesemutan setelah beraktifitas.', 13, 10, 3, 0, '20_08_57_images_(11).jpg', '2022-12-26 17:50:18', 0, 8000, 'UBE221226174931', '', '0000-00-00'),
(173, 1, 'Fatigon Spirit', 'memelihara stamina, tenaga, dan kesegaran tubuh.', 13, 10, 3, 23, '20_12_13_download_-_2022-12-28T201156.890.jpg', '2022-12-26 17:50:57', 0, 10000, 'UBE221226175023', '', '0000-00-00'),
(174, 1, 'Renovit Gold Strip', 'emelihara kesehatan tubuh dan mengatasi gangguan kesehatan pada usia di atas 50 tahun seperti gangguan fungsi penglihatan, fungsi memori dan obesitas.', 13, 10, 5, 17, '17_20_40_download_-_2022-12-29T171943.334.jpg', '2022-12-26 17:51:50', 0, 15000, 'UBE221226175102', '', '0000-00-00'),
(175, 1, 'Hemaviton Stamina Plus', 'untuk menjaga stamina tubuh dan meningkatkan konsentrasi.', 13, 10, 3, 9, '12_44_30_download_-_2022-12-29T124241.078.jpg', '2022-12-26 17:52:48', 0, 8000, 'UBE221226175158', '', '0000-00-00'),
(176, 1, 'Renovit Strip', 'meningkatkan daya tahan tubuh dan membantu metabolisme tubuh dengan menutrisi organ-organ penting dalam tubuh.', 13, 10, 3, 24, '17_21_43_download_-_2022-12-29T171946.652.jpg', '2022-12-26 17:53:29', 0, 12000, 'UBE221226175252', '', '0000-00-00'),
(177, 1, 'Hemaviton Action', 'membantu metabolisme tubuh untuk menghasilkan energi dalam menjaga stamina, menambah tenaga, dan kesegaran sehingga tubuh tetap fit sepanjang hari.', 13, 10, 3, 14, '12_44_05_images_(13).jpg', '2022-12-26 17:54:55', 0, 8000, 'UBE221226175338', '', '0000-00-00'),
(178, 1, 'Promag Tablet', ' mengurangi gejala-gejala yang berhubungan dengan kelebihan asam lambung, gastritis, tukak lambung, tukak usus 12 jari. Gejala seperti mual, nyeri lambung, nyeri ulu hati, kembung dan perasaan penuh pada lambung.', 13, 10, 6, 3, '17_35_33_download_-_2022-12-29T173238.347.jpg', '2022-12-26 17:56:53', 0, 9000, 'UBE221226175553', '', '0000-00-00'),
(179, 1, 'Polysilane Tablet', 'mengurangi gejala-gejala yang berhubungan dengan: kelebihan asam lambung, gastritis, tukak lambung, tukak usus 12 jari, mual, nyeri lambung, nyeri ulu hati, kembung dan perasaan penuh pada lambung.', 13, 10, 5, 37, '17_50_21_download_-_2022-12-29T174828.519.jpg', '2022-12-26 17:58:06', 0, 10000, 'UBE221226175657', '', '0000-00-00'),
(180, 1, 'Viostin', 'Membantu mengatasi kaku dan nyeri sendi, Mencegah dan terapi Osteoarthritis (Pengapuran Sendi), Nutrisi pembentukan tulang rawan sendi, mengurangi dan menghambat peradangan sendi.', 13, 10, 2, 10, '15_08_27_download_(37).jpg', '2022-12-26 17:58:45', 0, 33000, 'UBE221226175809', '', '0000-00-00'),
(181, 1, 'My Well Vit c', 'Membantu memelihara daya tahan tubuh. Suplementasi vitamin C pada keadaan sariawan, perdarahan gusi, kondisi pemulihan setelah sakit/operasi, serta bagi yang berusia lanjut.', 13, 10, 5, 10, '18_52_44_download_-_2022-12-29T185226.448.jpg', '2022-12-26 18:00:03', 0, 9000, 'UBE221226175848', '', '0000-00-00'),
(182, 1, 'Berlosid Tablet', 'membantu mengatasi gangguan pada saluran pencernaan seperti gastritis, perut kembung, maag, dispepsia, hiatus hernia, tukak lambung dan usus duabelas jari.', 13, 10, 5, 24, '15_49_43_images_(1).jpg', '2022-12-26 18:01:03', 0, 6000, 'UBE221226180010', '', '0000-00-00'),
(183, 1, 'Disflatyl Tablet', 'meredakan kembung dan rasa tidak nyaman diperut karena gas yang berlebihan. Meredakan kembung dan rasa tidak nyaman diperut karena gas yang berlebihan.', 13, 10, 5, 13, '18_16_06_download_-_2022-12-28T181545.428.jpg', '2022-12-26 18:01:57', 0, 8000, 'UBE221226180108', '', '0000-00-00'),
(184, 1, 'Polycrol Forte Tablet', 'mengobati gangguan pada saluran pencernaan seperti gastritis, perut kembung, maag, dispepsia, hiatus hernia, tukak lambung dan usus duabelas jari.', 13, 10, 2, 15, '17_49_22_download_-_2022-12-29T174802.272.jpg', '2022-12-26 18:02:40', 0, 8000, 'UBE221226180200', '', '0000-00-00'),
(185, 1, 'Mylanta Tablet ', ' mengurangi gejala-gejala yang berhubungan dengan kelebihan asam lambung, gastritis, tukak lambung, tukak usus 12 jari, dengan gejala-gejala seperti mual, nyeri lambung, nyeri ulu hati.', 13, 10, 3, 21, '18_55_49_download_-_2022-12-29T185451.646.jpg', '2022-12-26 18:03:36', 0, 9000, 'UBE221226180243', '', '0000-00-00'),
(186, 1, 'Antasida Doen Tablet', ' mengurangi gejala-gejala yang berhubungan dengan kelebihan asam lambung, gastritis, tukak lambung, tukak usus 12 jari, dengan gejala-gejala seperti mual, nyeri lambung, nyeri ulu hati.', 13, 10, 5, 30, '15_22_38_download_(41).jpg', '2022-12-26 18:04:30', 0, 3000, 'UBE221226180339', '', '0000-00-00'),
(187, 1, 'Omegadiar Tablet', 'mengatasi diare nonspesifik atau diare yang umum terjadi bukan disebabkan oleh masalah spesifik di saluran pencernaan.', 13, 10, 1, 6, '19_02_36_download_-_2022-12-29T190137.082.jpg', '2022-12-26 18:05:40', 0, 4000, 'UBE221226180433', '', '0000-00-00'),
(188, 1, 'Bufantacid Tablet', 'mengatasi gejala-gejala yang berhubungan dengan kelebihan asam lambung, tukak lambung, tukak usus dengan gejala seperti mual, kembung dan perasaan penuh pada lambung.', 13, 10, 5, 45, '16_52_42_download_-_2022-12-28T165224.498.jpg', '2022-12-26 18:06:23', 0, 6000, 'UBE221226180544', '', '0000-00-00'),
(189, 1, 'Gastrucid Tablet', 'mengatasi gangguan pada saluran pencernaan seperti gastritis, perut kembung, maag, dispepsia, hiatus hernia, tukak lambung dan usus duabelas jari.', 13, 10, 5, 11, '20_36_52_download_-_2022-12-28T203629.266.jpg', '2022-12-26 18:07:00', 0, 5000, 'UBE221226180627', '', '0000-00-00'),
(190, 1, 'Welmove', ' bekerja melumasi persendian sehingga sendi jadi mudah untuk digerakkan.', 13, 10, 3, 58, '13_58_42_download_(3).jpg', '2022-12-26 18:07:39', 0, 19000, 'UBE221226180703', '', '0000-00-00'),
(191, 1, 'Kenshin', 'membantu meredakan pegal linu dan nyeri pada persendian. ', 16, 10, 5, 23, '16_25_53_download_-_2022-12-29T162531.866.jpg', '2022-12-26 18:10:27', 0, 13000, 'UBE221226180947', '', '0000-00-00'),
(192, 1, 'Imboost Force Tablet', 'Membantu memelihara daya tahan tubuh.', 13, 10, 3, 7, '15_26_56_download_-_2022-12-29T152633.023.jpg', '2022-12-26 18:11:26', 0, 81000, 'UBE221226181029', '', '0000-00-00'),
(193, 1, 'Glucosamin', ' membantu memulihkan permasalahan sendi yang menyebabkan nyeri pada lutut.', 13, 10, 5, 26, '12_14_38_download_-_2022-12-29T121055.576.jpg', '2022-12-26 18:12:25', 0, 18000, 'UBE221226181129', '', '0000-00-00'),
(194, 1, 'Imboost isi 10 Kaplet', 'Membantu memelihara daya tahan tubuh.', 13, 10, 2, 19, '15_27_35_download_-_2022-12-29T152713.036.jpg', '2022-12-26 18:13:26', 0, 42000, 'UBE221226181228', '', '0000-00-00'),
(195, 1, 'Neurobion Forte', 'pencegahan dan pengobatan penyakit karena kekurangan Vitamin B1, B6, B12, seperti neuritis perifer, neuralgia.', 13, 10, 5, 34, '19_18_38_download_-_2022-12-29T191816.396.jpg', '2022-12-26 18:14:30', 0, 45000, 'UBE221226181329', '', '0000-00-00'),
(196, 1, 'Sangobion Syrup', 'vitamin dan zat besi penambah darah', 13, 8, 2, 5, '17_05_28_images_(5).jpg', '2022-12-26 18:15:31', 0, 36000, 'UBE221226181432', '', '0000-00-00'),
(197, 1, 'Neurobion Putih', 'enjaga kesehatan sistem saraf.', 13, 10, 5, 32, '19_19_09_download_-_2022-12-29T191847.554.jpg', '2022-12-26 18:16:44', 0, 26000, 'UBE221226181604', '', '0000-00-00'),
(198, 1, 'Imboost isi 4 Kaplet', 'menjaga daya tahan tubuh.', 13, 10, 5, 13, '15_28_07_download_-_2022-12-29T152739.244.jpg', '2022-12-26 18:17:49', 0, 20000, 'UBE221226181650', '', '0000-00-00'),
(199, 1, 'Dolo Neurobion', 'mengurangi rasa nyeri karena neuritis dan neuralgia.', 13, 10, 5, 0, '18_16_49_download_-_2022-12-28T181633.939.jpg', '2022-12-26 18:18:26', 0, 23000, 'UBE221226181753', '', '0000-00-00'),
(200, 1, 'Etabion Capsul', ' mencegah dan mengobati kekurangan darah (anemia) dan membantu proses pembentukan darah.', 13, 10, 5, 8, '18_47_39_download_-_2022-12-28T184708.400.jpg', '2022-12-26 18:19:06', 0, 5000, 'UBE221226181828', '', '0000-00-00'),
(201, 1, 'Theragran-m', 'membantu memenuhi kebutuhan vitamin dan mineral pada masa penyembuhan setelah sakit. ', 13, 10, 5, 10, '16_12_27_download_(78).jpg', '2022-12-26 18:20:01', 0, 26000, 'UBE221226181910', '', '0000-00-00');
INSERT INTO `product` (`product_id`, `store_id`, `product_name`, `product_description`, `category_id`, `unit_id`, `product_countlimit`, `product_stock`, `product_picture`, `product_datetime`, `product_buy`, `product_sell`, `product_ube`, `product_batch`, `product_expiredate`) VALUES
(202, 1, 'Calcifar ', ' menunjang kebutuhan kalsium dan fosfor agar terhindar dari kondisi osteoporosis.', 13, 10, 5, 16, '17_04_00_download_-_2022-12-28T170323.770.jpg', '2022-12-26 18:20:47', 0, 5000, 'UBE221226182004', '', '0000-00-00'),
(203, 1, 'Stimuno Forte', 'membantu merangsang tubuh memproduksi lebih banyak antibodi dan mengaktifkan sistem kekebalan tubuh agar daya tahan tubuh bekerja optimal', 13, 10, 2, 6, '16_30_49_download_(98).jpg', '2022-12-26 18:21:32', 0, 30000, 'UBE221226182054', '', '0000-00-00'),
(204, 1, 'Licokalk', ' membantu pertumbuhan tulang dan gigi serta sebagai suplemen kalsium pada masa hamil dan menyusui.', 13, 10, 2, 19, '17_06_02_download_-_2022-12-29T170542.857.jpg', '2022-12-26 18:22:19', 0, 5000, 'UBE221226182136', '', '0000-00-00'),
(205, 1, 'Curcuma Force', 'membantu memelihara kesehatan fungsi hati dan membantu memperbaiki nafsu makan.', 13, 10, 3, 37, '17_46_27_download_-_2022-12-28T174606.679.jpg', '2022-12-26 18:23:08', 0, 17000, 'UBE221226182224', '', '0000-00-00'),
(206, 1, 'Imugard', 'membantu memelihara daya tahan tubuh, Ekstrak Daun Kelor untuk melengkapi kebutuhan nutrisi, dan Ekstrak Kunyit untuk meningkatkan kesehatan.', 16, 10, 3, 9, '15_41_23_download_-_2022-12-29T153659.516.jpg', '2022-12-26 18:23:40', 0, 30000, 'UBE221226182311', '', '0000-00-00'),
(207, 1, 'Obh Itrasal', 'mengobati batuk berdahak dengan cara memudahkan pengeluaran dahak.', 13, 8, 5, 37, '19_18_11_download_-_2022-12-29T191741.423.jpg', '2022-12-26 18:26:58', 0, 8000, 'UBE221226182601', '', '0000-00-00'),
(208, 1, 'Bodrexin Flu Dan Batuk 60ml', 'mengobati gejala flu seperti demam, sakit kepala, disertai batuk dengan dahak/mukus yang berlebihan.', 14, 8, 2, 6, '16_26_37_download_(94).jpg', '2022-12-26 18:29:10', 0, 13000, 'UBE221226182704', '', '0000-00-00'),
(209, 1, 'Laserin Syrup 60 ml', 'membantu meredakan batuk, masuk angin, muntah, sakit perit, dan membantu melegakan tenggorokan.', 16, 8, 5, 11, '17_01_45_download_-_2022-12-29T170103.085.jpg', '2022-12-26 18:35:11', 0, 14000, 'UBE221226183038', '', '0000-00-00'),
(210, 1, 'Laserin syrup 110 ml', 'membantu meredakan batuk, masuk angin, muntah, sakit perit, dan membantu melegakan tenggorokan.', 16, 8, 5, 7, '17_01_27_download_-_2022-12-29T170103.085.jpg', '2022-12-26 18:35:48', 0, 25000, 'UBE221226183515', '', '0000-00-00'),
(211, 1, 'OBH IKA', 'untuk mengobati batuk berdahak dengan cara memudahkan pengeluaran dahak.', 13, 8, 5, 13, '19_17_53_download_-_2022-12-29T191732.447.jpg', '2022-12-26 18:37:46', 0, 15000, 'UBE221226183656', '', '0000-00-00'),
(212, 1, 'Tropidryl plus', 'digunakan untuk meringankan batuk karena alergi.', 14, 8, 1, 3, '15_22_12_download_(50).jpg', '2022-12-26 18:39:43', 0, 10000, 'UBE221226183832', '', '0000-00-00'),
(213, 1, 'Paratusin syrup', 'untuk meringankan gejala flu seperti demam, sakit kepala, hidung tersumbat dan bersin-bersin yang disertain batuk.', 14, 8, 3, 0, '18_25_54_download_-_2022-12-29T182349.127.jpg', '2022-12-26 18:40:54', 0, 40000, 'UBE221226183946', '', '0000-00-00'),
(214, 1, 'Siladex CC 60 ml', 'ntuk meredakan batuk tidak berdahak dan melegakan hidung tersumbat karena pilek.', 14, 8, 5, 17, '16_42_14_download_-_2022-12-29T163926.937.jpg', '2022-12-26 18:42:26', 0, 16000, 'UBE221226184057', '', '0000-00-00'),
(215, 1, 'Siladex CC 30 ml', 'ntuk meredakan batuk tidak berdahak dan melegakan hidung tersumbat karena pilek.', 14, 8, 3, 4, '16_39_35_download_-_2022-12-29T163926.937.jpg', '2022-12-26 18:43:10', 0, 10000, 'UBE221226184237', '', '0000-00-00'),
(216, 1, 'Siladex Expectorant 60 ml', ' untuk mengurangi dan mengencerkan dahak pada saluran pernapasan.', 14, 8, 5, 30, '16_43_12_download_-_2022-12-29T164304.591.jpg', '2022-12-26 18:45:32', 0, 16000, 'UBE221226184327', '', '0000-00-00'),
(217, 1, 'Alpara Syrup 60ml', 'obat batuk dan pereda flu', 13, 8, 5, 14, '14_58_19_download_(17).jpg', '2022-12-26 18:47:43', 33333, 14000, 'UBE221226184644', '', '0000-00-00'),
(218, 1, 'Dextral Syrup 60ml', 'mengobati batuk dan pilek.', 14, 8, 2, 0, '18_13_17_download_-_2022-12-28T181249.335.jpg', '2022-12-26 18:48:37', 0, 12000, 'UBE221226184750', '', '0000-00-00'),
(219, 1, 'Herbakof Syrup', ' meredakan batuk dan melegakan tenggorokan', 16, 8, 1, 0, '13_08_50_download_-_2022-12-29T124528.771.jpg', '2022-12-26 18:49:26', 0, 0, 'UBE221226184842', '', '0000-00-00'),
(220, 1, 'Broncitin Syrup 60ml', ' meredakan gejala demam, hidung tersumbat, dan batuk berdahak.', 14, 8, 1, 7, '16_49_35_images_(3).jpg', '2022-12-26 18:50:36', 0, 8000, 'UBE221226184931', '', '0000-00-00'),
(221, 1, 'Vicks Formula 44 Dewasa 54ml', 'meringankan batuk yang tidak berdahak disertai bersin-bersin/ alergi.', 14, 8, 5, 4, '15_06_08_download_(33).jpg', '2022-12-26 18:51:56', 0, 19000, 'UBE221226185044', '', '0000-00-00'),
(222, 1, 'Vicks Formula 44 Dewasa 100ml', 'meringankan batuk yang tidak berdahak disertai bersin-bersin/ alergi.', 14, 8, 5, 27, '15_05_47_download_(33).jpg', '2022-12-26 18:52:30', 0, 30000, 'UBE221226185202', '', '0000-00-00'),
(223, 1, 'Flutamol Syrup 60ml', 'batuk kering dan meringankan gejala-gejala flu seperti demam, sakit kepala, hidung tersumbat, dan bersin-bersin.', 14, 8, 2, 5, '20_23_04_download_-_2022-12-28T202233.378.jpg', '2022-12-26 18:53:05', 0, 12000, 'UBE221226185235', '', '0000-00-00'),
(224, 1, 'Molex Flu syrup 60ml', ' mengatasi gejala flu seperti demam, sakit kepala, hidung tersumbat, dan bersin-bersin. ', 14, 8, 2, 8, '18_43_57_download_-_2022-12-29T184337.816.jpg', '2022-12-26 18:53:43', 0, 12000, 'UBE221226185309', '', '0000-00-00'),
(225, 1, 'Woods Expectorant 60ml', 'membantu mengeluarkan dahak.', 14, 8, 5, 3, '14_00_09_download_(5).jpg', '2022-12-26 18:55:13', 0, 22000, 'UBE221226185356', '', '0000-00-00'),
(226, 1, 'Enkasari Herbal', 'membantu mengurangi sariawan, membantu menyegarkan mulut dan mengurangi bau mulut. Membantu mengurangi sariawan, membantu menyegarkan mulut dan mengurangi bau mulut.', 16, 8, 3, 0, '18_33_14_download_-_2022-12-28T183255.561.jpg', '2022-12-26 18:55:55', 0, 22000, 'UBE221226185518', '', '0000-00-00'),
(227, 1, 'OB Herbal 100ml', 'meredakan batuk dan melegakan tenggorokan.', 16, 8, 5, 8, '19_05_22_download_-_2022-12-29T190413.288.jpg', '2022-12-26 18:56:54', 0, 23000, 'UBE221226185559', '', '0000-00-00'),
(228, 1, 'Decolsin Syrup 60ml', 'meredakan batuk yang disertai gejala flu seperti demam, sakit kepala, hidung tersumbat, dan bersin.', 14, 8, 3, 0, '17_55_43_download_-_2022-12-28T175523.433.jpg', '2022-12-26 18:57:39', 0, 0, 'UBE221226185657', '', '0000-00-00'),
(229, 1, 'Siladex Antitusive 60ml', 'meredakan batuk tidak berdahak atau batuk kering yang disertai alergi.', 14, 8, 5, 11, '16_39_08_download_-_2022-12-29T163840.891.jpg', '2022-12-26 18:59:57', 0, 16000, 'UBE221226185915', '', '0000-00-00'),
(230, 1, 'Actifed Merah 60ml', 'meringankan gejala flu seperti hidung tersumbat dan bersin-bersin yang disertain batuk kering.', 14, 8, 2, 0, '14_47_40_download_(6).jpg', '2022-12-26 19:00:49', 5560, 60000, 'UBE221226190001', '', '0000-00-00'),
(231, 1, 'Actifed Hijau 60ml', 'meringankan pilek dan batuk berdahak.', 14, 8, 2, 0, '14_46_58_download_(5).jpg', '2022-12-26 19:01:23', 31250, 20000, 'UBE221226190053', '', '0000-00-00'),
(232, 1, 'Bisolvon Extra 60ml', 'mengencerkan dahak, dan membantu pengeluaran dahak pada penderita batuk berdahak', 14, 8, 2, 3, '16_07_11_download_(86).jpg', '2022-12-26 19:02:09', 0, 54000, 'UBE221226190128', '', '0000-00-00'),
(233, 1, 'Obh Combi Plus Dewasa 100ml', 'meredakan batuk disertai gejala-gejala flu seperti demam, sakit kepala, hidung tersumbat, dan bersin-bersin.', 14, 8, 5, 30, '19_16_24_download_-_2022-12-29T191436.129.jpg', '2022-12-26 19:03:01', 0, 20000, 'UBE221226190217', '', '0000-00-00'),
(234, 1, 'Obh Combi Plus Dewasa 60ml', 'meredakan batuk disertai gejala-gejala flu seperti demam, sakit kepala, hidung tersumbat, dan bersin-bersin.', 14, 8, 5, 24, '19_16_43_download_-_2022-12-29T191436.129.jpg', '2022-12-26 19:03:30', 0, 16000, 'UBE221226190306', '', '0000-00-00'),
(235, 1, 'Siladex Dmp 60ml', 'meredakan batuk tidak berdahak atau batuk kering yang disertai alergi', 14, 8, 3, 31, '16_42_43_download_-_2022-12-29T164236.559.jpg', '2022-12-26 19:04:20', 0, 15000, 'UBE221226190334', '', '0000-00-00'),
(236, 1, 'Obh Combi Batuk Berdahak 100ml', 'meredakan batuk berdahak dengan cara bekerja sebagai ekspektoran yang membantu mengeluarkan dahak.', 13, 8, 5, 72, '19_16_04_download_-_2022-12-29T191127.171.jpg', '2022-12-26 19:05:17', 0, 16000, 'UBE221226190425', '', '0000-00-00'),
(237, 1, 'Obida ( Obat Batuk Ibu Dan Anak) 75ml', 'meredakan gejala batuk berdahak.', 16, 8, 3, 10, '19_00_36_download_-_2022-12-29T185908.707.jpg', '2022-12-26 19:06:49', 0, 30000, 'UBE221226190522', '', '0000-00-00'),
(239, 1, 'OB Herbal 60ml', 'meredakan batuk dan melegakan tenggorokan.', 16, 8, 5, 12, '19_04_52_download_-_2022-12-29T190413.288.jpg', '2022-12-26 19:08:58', 0, 17000, 'UBE221226190807', '', '0000-00-00'),
(240, 1, 'Ikadryl Syrup 60ml', 'penekan rasa batuk dengan efek sedatif.', 14, 8, 1, 3, '15_23_45_download_-_2022-12-29T152326.153.jpg', '2022-12-26 19:09:57', 0, 18000, 'UBE221226190908', '', '0000-00-00'),
(241, 1, 'Decadryl Syrup 60ml', 'membantu mengobati batuk berdahak yang disebabkan oleh reaksi alergi.', 14, 8, 2, 0, '17_54_28_download_-_2022-12-28T175407.504.jpg', '2022-12-26 19:10:33', 0, 16000, 'UBE221226191001', '', '0000-00-00'),
(242, 1, 'Obh Nellco Spesial 100ml', ' membantu meredakan batuk berdahak.', 14, 8, 5, 12, '18_59_59_download_-_2022-12-29T185857.988.jpg', '2022-12-26 19:11:20', 0, 33000, 'UBE221226191036', '', '0000-00-00'),
(243, 1, 'Obh Nellco Spesial 55ml', ' membantu meredakan batuk berdahak.', 14, 8, 5, 13, '19_00_18_download_-_2022-12-29T185852.708.jpg', '2022-12-26 19:11:46', 0, 24000, 'UBE221226191125', '', '0000-00-00'),
(244, 1, 'Bisolvon Kids 60ml', 'mengencerkan dahak di saluran pernapasan. ', 14, 8, 1, 0, '16_08_14_download_(87).jpg', '2022-12-26 19:13:03', 0, 48000, 'UBE221226191204', '', '0000-00-00'),
(245, 1, 'Pasaba Syrup 60ml', 'meringankan gejala flu, seperti demam, sakit kepala, hidung tersumbat, dan bersin yang disertai batuk tidak berdahak.', 14, 8, 1, 3, '18_26_28_download_-_2022-12-29T182421.790.jpg', '2022-12-26 19:14:27', 0, 7000, 'UBE221226191312', '', '0000-00-00'),
(246, 1, 'Ob Herbal Junior 60ml', ' meredakan batuk karena masuk angin, mengencerkan dahak, dan membantu mengeluarkan dahak sehingga melegakan pernafasan.', 16, 8, 2, 18, '19_05_45_download_-_2022-12-29T190421.448.jpg', '2022-12-26 19:15:18', 0, 17000, 'UBE221226191430', '', '0000-00-00'),
(247, 1, 'Caladin Lotion 95ml', 'mengatasi rasa gatal di kulit akibat biang keringat, udara panas, atau gigitan serangga', 13, 8, 3, 6, '17_00_14_download_-_2022-12-28T165942.390.jpg', '2022-12-26 19:18:35', 0, 26000, 'UBE221226191626', '', '0000-00-00'),
(248, 1, 'Caladin Lotion 60ml', 'mengatasi rasa gatal di kulit akibat biang keringat, udara panas, atau gigitan serangga', 13, 8, 3, 17, '16_59_51_download_-_2022-12-28T165942.390.jpg', '2022-12-26 19:18:56', 0, 18000, 'UBE221226191839', '', '0000-00-00'),
(249, 1, 'Bedak Herocyn 150gr', 'membantu meredakan biang keringat dan gatal-gatal pada kulit.', 13, 8, 5, 15, '13_13_01_download_-_2022-12-29T131150.350.jpg', '2022-12-26 19:19:58', 0, 14000, 'UBE221226191859', '', '0000-00-00'),
(250, 1, 'Imboost Force Syrup 60ml', 'untuk terapi suportif agar daya tahan tubuh meningkat dan memulihkan kondisi setelah sakit.', 13, 8, 2, 0, '15_26_12_images_(23).jpg', '2022-12-26 19:22:12', 0, 72000, 'UBE221226192010', '', '0000-00-00'),
(251, 1, 'Guanistrep Syrup', 'mengadsorpsi racun dan bakteri penyebab diare, mengurangi frekuensi BAB dan memperbaiki konsistensi feses yang encer.', 13, 8, 2, 6, '12_17_34_download_-_2022-12-29T121257.974.jpg', '2022-12-26 19:23:13', 0, 8000, 'UBE221226192217', '', '0000-00-00'),
(252, 1, 'Imboost Syrup 60ml', 'membantu memelihara daya tahan tubuh anak', 13, 8, 2, 0, '15_29_28_data.jpeg', '2022-12-26 19:24:04', 0, 42000, 'UBE221226192316', '', '0000-00-00'),
(253, 1, 'Stimuno Original Syrup', 'meningkatkan daya tahan tubuh (sistem imun) pada anak-anak.', 13, 8, 2, 3, '16_30_16_download_(97).jpg', '2022-12-26 19:24:43', 0, 34000, 'UBE221226192408', '', '0000-00-00'),
(254, 1, 'Pimtrakol Chery 60ml', 'meringankan gejala flu seperti demam, sakit kepala, hidung tersumbat dan bersin-bersin yang disertai batuk berdahak pada anak-anak.', 14, 8, 5, 0, '18_16_52_download_-_2022-12-29T181553.427.jpg', '2022-12-26 19:25:26', 0, 15000, 'UBE221226192452', '', '0000-00-00'),
(255, 1, 'Pimtrakol Lemon 60ml', 'meringankan gejala flu seperti demam, sakit kepala, hidung tersumbat dan bersin-bersin yang disertai batuk berdahak pada anak-anak.', 14, 8, 5, 19, '18_17_09_download_-_2022-12-29T181524.603.jpg', '2022-12-26 19:25:54', 0, 15000, 'UBE221226192528', '', '0000-00-00'),
(256, 1, 'Pimacolin Plus Apel 60ml', ' sebagai analgetikum antipiretikum, antihistamina, batuk akut dan kronik, radang ringan saluran nafas dan susah mengeluarkan dahak.', 14, 8, 2, 4, '18_16_33_download_-_2022-12-29T181505.660.jpg', '2022-12-26 19:27:20', 0, 10000, 'UBE221226192557', '', '0000-00-00'),
(257, 1, 'Pimacolin Milk 60ml', ' sebagai analgetikum antipiretikum, antihistamina, batuk akut dan kronik, radang ringan saluran nafas dan susah mengeluarkan dahak.', 14, 8, 1, 6, '18_16_10_download_-_2022-12-29T181451.652.jpg', '2022-12-26 19:27:43', 0, 8000, 'UBE221226192727', '', '0000-00-00'),
(258, 1, 'Zenirex Syrup 60ml', ' mengatasi batuk berdahak atau batuk yang disebabkan oleh alergi. Membantu meredakan batuk yang berdahak atau batuk yang disebabkan oleh alergi.', 14, 8, 2, 6, '14_17_18_download_(11).jpg', '2022-12-26 19:28:38', 0, 8000, 'UBE221226192745', '', '0000-00-00'),
(259, 1, 'Anakonidin Chery 30ml', 'meredakan batuk & gejala flu seperti demam, sakit kepala, hidung tersumbat, serta bersin-bersin.', 14, 8, 5, 0, '15_08_48_download_(29).jpg', '2022-12-26 19:29:52', 21667, 10000, 'UBE221226192846', '', '0000-00-00'),
(260, 1, 'Vicks Formula 44  Anak 54ml', 'mengatasi batuk berdahak maupun tidak berdahak pada anak. ', 14, 8, 5, 0, '15_05_01_download_(32).jpg', '2022-12-26 19:32:00', 19000, 20000, 'UBE221226193047', '', '0000-00-00'),
(261, 1, 'Anakonidin Chery 60ml', 'mengatasi gejala pilek seperti bersin-bersin dan hidung tersumbat yang disertai batuk pada anak.', 14, 8, 5, 12, '15_09_08_download_(29).jpg', '2022-12-26 19:32:38', 0, 14000, 'UBE221226193204', '', '0000-00-00'),
(262, 1, 'Vicks Formula 44 Anak 27ml', 'untuk mengatasi batuk berdahak maupun tidak', 14, 8, 5, 0, '14_56_25_download_(32).jpg', '2022-12-26 19:33:38', 0, 10000, 'UBE221226193245', '', '0000-00-00'),
(263, 1, 'Bedak Herocyn 85gr', 'membantu meredakan biang keringat dan gatal-gatal pada kulit', 13, 8, 5, 11, '13_13_27_download_-_2022-12-29T131150.350.jpg', '2022-12-26 19:35:01', 0, 19000, 'UBE221226193423', '', '0000-00-00'),
(264, 1, 'Ciubros Salicyl Parfume ', 'Membantu mengurangi gatal-gatal pada kulit karena biang keringat.', 13, 8, 2, 0, '17_35_42_download_-_2022-12-28T173521.414.jpg', '2022-12-26 19:36:04', 0, 7000, 'UBE221226193505', '', '0000-00-00'),
(265, 1, 'Ciubros Salicyl Menthol', 'Membantu mengurangi gatal-gatal pada kulit karena biang keringat.', 13, 8, 4, 21, '17_34_56_download_-_2022-12-28T173433.678.jpg', '2022-12-26 19:37:57', 0, 7000, 'UBE221226193610', '', '0000-00-00'),
(266, 1, 'Bedak Konicare Biang Keringat', 'mengatasi biang keringat maupun masalah kulit lainnya.', 13, 8, 2, 0, '15_43_56_download_(63).jpg', '2022-12-26 19:38:59', 0, 17000, 'UBE221226193800', '', '0000-00-00'),
(267, 1, 'Obh Combi Anak Strawberry 60ml', 'mengatasi gejala flu seperti demam, sakit kepala, bersin-bersin dan hidung tersumbat yang disertai batuk pada anak.', 14, 8, 5, 6, '19_15_36_download_-_2022-12-29T191448.144.jpg', '2022-12-26 19:39:54', 0, 17000, 'UBE221226193908', '', '0000-00-00'),
(268, 1, 'Obh Combi Anak Jeruk 60ml', 'mengatasi gejala flu seperti demam, sakit kepala, bersin-bersin dan hidung tersumbat yang disertai batuk pada anak.', 14, 8, 5, 2, '19_15_14_download_-_2022-12-29T191452.041.jpg', '2022-12-26 19:40:20', 0, 17000, 'UBE221226194000', '', '0000-00-00'),
(269, 1, 'Stimuno Anggur Syrup', 'membantu merangsang tubuh memproduksi lebih banyak antibodi dan mengaktifkan sistem kekebalan tubuh agar daya tahan tubuh bekerja optimal', 13, 8, 3, 0, '16_29_52_download_(96).jpg', '2022-12-26 19:41:03', 0, 34000, 'UBE221226194023', '', '0000-00-00'),
(270, 1, 'Hufagrip BP', 'untuk meringankan gejala flu seperti hidung tersumbat dan bersin-bersin yang disertai batuk kering pada anak-anak.', 14, 8, 5, 25, '15_09_21_download_-_2022-12-29T150850.587.jpg', '2022-12-26 19:43:06', 0, 22000, 'UBE221226194213', '', '0000-00-00'),
(271, 1, 'Hufagrip Pilek', 'untuk mengatasi gejala pilek seperti bersin-bersin dan hidung tersumbat. ', 14, 8, 5, 4, '15_13_10_download_-_2022-12-29T151256.441.jpg', '2022-12-26 19:44:36', 0, 18000, 'UBE221226194308', '', '0000-00-00'),
(272, 1, 'Anakonidin OBH straw 60 ml', 'Meredakan batuk dan gejala flu seperti demam, sakit kepala, hidung tersumbat, serta bersin.', 14, 8, 5, 27, '15_10_27_download_(30).jpg', '2022-12-26 19:46:36', 0, 15000, 'UBE221226194439', '', '0000-00-00'),
(273, 1, 'Anakonidin OBH straw 30 ml', 'Meredakan batuk dan gejala flu seperti demam, sakit kepala, hidung tersumbat, serta bersin.', 14, 8, 3, 0, '15_10_10_download_(30).jpg', '2022-12-26 19:47:16', 0, 10000, 'UBE221226194639', '', '0000-00-00'),
(274, 1, 'Hufagrip Flu dan Batuk', 'gunakan untuk meringankan gejala flu seperti demam, sakit kepala, hidung tersumbat dan bersin-bersin yang disertai batuk berdahak pada anak-anak.', 14, 8, 5, 0, '15_11_33_download_-_2022-12-29T151057.322.jpg', '2022-12-26 19:50:31', 0, 23000, 'UBE221226194718', '', '0000-00-00'),
(275, 1, 'Termorex Plus 60ml', 'meringankan gejala flu seperti demam, sakit kepala, hidung tersumbat dan bersin-bersin yang disertai batuk.', 14, 8, 5, 0, '16_11_10_download_(76).jpg', '2022-12-26 19:52:43', 0, 17000, 'UBE221226195150', '', '0000-00-00'),
(276, 1, 'Anacetin 60ml', 'meredakan gejala flu seperti demam, sakit kepala, hidung tersumbat, dan bersin-bersin yang disertai batuk.', 14, 8, 1, 4, '15_08_07_download_(28).jpg', '2022-12-26 19:54:01', 0, 12000, 'UBE221226195248', '', '0000-00-00'),
(277, 1, 'Termorex Plus 30ml', 'meringankan gejala flu seperti demam, sakit kepala, hidung tersumbat dan bersin-bersin yang disertai batuk.', 14, 8, 0, 19, '16_10_52_download_(76).jpg', '2022-12-26 19:54:29', 0, 12000, 'UBE221226195406', '', '0000-00-00'),
(278, 1, 'Termorex Demam 30ml', ' menurunkan demam dan mengurangi nyeri.', 13, 8, 3, 0, '16_10_09_download_(75).jpg', '2022-12-26 19:56:35', 0, 12000, 'UBE221226195528', '', '0000-00-00'),
(279, 1, 'Fasidol Forte Syrup 60ml', 'mengurangi rasa sakit pada sakit kepala, sakit gigi, dan nyeri setelah operasi, menurunkan panas pada influenza dan setelah vaksinasi.', 13, 8, 2, 3, '19_26_49_download_-_2022-12-28T190644.070.jpg', '2022-12-26 19:57:15', 0, 10000, 'UBE221226195639', '', '0000-00-00'),
(280, 1, 'Hufagrip TMP 60ml', 'meredakan demam, sakit kepala, sakit gigi, sakit pada telinga dan nyeri ringan lainnya.', 13, 8, 4, 12, '15_13_48_download_-_2022-12-29T151331.177.jpg', '2022-12-26 19:58:05', 0, 18000, 'UBE221226195719', '', '0000-00-00'),
(281, 1, 'Sanmol Syrup 60ml', 'meringankan rasa sakit pada keadaan sakit kepala, sakit gigi dan menurunkan demam.', 13, 8, 5, 47, '16_53_19_download_-_2022-12-29T165305.431.jpg', '2022-12-26 19:58:50', 0, 21000, 'UBE221226195817', '', '0000-00-00'),
(282, 1, 'Sanmol Forte Syrup 60ml', 'meringankan rasa sakit pada keadaan sakit kepala, sakit gigi dan menurunkan demam.', 13, 8, 2, 4, '16_52_25_download_-_2022-12-29T165218.744.jpg', '2022-12-26 19:59:18', 0, 38000, 'UBE221226195857', '', '0000-00-00'),
(283, 1, 'Proris Forte Syrup 60ml', 'penurun panas dan demam pada anak, serta membantu meringankan nyeri ringan sampai sedang.', 13, 8, 3, 18, '17_22_52_download_-_2022-12-29T172216.857.jpg', '2022-12-26 20:00:07', 0, 34000, 'UBE221226195921', '', '0000-00-00'),
(284, 1, 'Proris Syrup 60ml', 'penurun panas dan demam pada anak, serta membantu meringankan nyeri ringan sampai sedang.', 13, 8, 5, 23, '17_23_29_download_-_2022-12-29T172212.042.jpg', '2022-12-26 20:00:28', 0, 30000, 'UBE221226200010', '', '0000-00-00'),
(285, 1, 'Sanmol Drop', ' meringankan rasa nyeri dan menurunkan demam.', 13, 8, 5, 10, '16_51_51_download_-_2022-12-29T165143.032.jpg', '2022-12-26 20:01:05', 0, 23000, 'UBE221226200039', '', '0000-00-00'),
(286, 1, 'Tempra Drop', 'meredakan demam dan rasa nyeri atau sakit kepala pada bayi dan anak-anak', 13, 8, 3, 8, '16_19_13_download_(83).jpg', '2022-12-26 20:01:40', 0, 56000, 'UBE221226200108', '', '0000-00-00'),
(287, 1, 'Fasidol Drop', 'sebagai penurun demam untuk bayi dan pereda nyeri seperti sakit kepala, sakit gigi dan nyeri ringan', 13, 8, 3, 0, '19_05_42_download_-_2022-12-28T190516.044.jpg', '2022-12-26 20:02:20', 0, 13000, 'UBE221226200144', '', '0000-00-00'),
(288, 1, 'Habatussauda (B)', 'merangsang produksi asi, obat cacingan, membantu melemaskan otot dan meningkatkan sistem imun.', 16, 8, 1, 1, '12_18_25_download_-_2022-12-29T121405.757.jpg', '2022-12-26 20:03:28', 0, 86000, 'UBE221226200229', '', '0000-00-00'),
(289, 1, 'Habatussauda (K)', 'merangsang produksi asi, obat cacingan, membantu melemaskan otot dan meningkatkan sistem imun.', 16, 8, 1, 2, '12_18_49_download_-_2022-12-29T121405.757.jpg', '2022-12-26 20:03:55', 0, 51000, 'UBE221226200332', '', '0000-00-00'),
(290, 1, 'Madu Emte ', 'Membantu meringankan gejala salesma, seperti: demam, hidung tersumbat, dan batuk.', 16, 8, 1, 3, '17_15_24_download_-_2022-12-29T171500.452.jpg', '2022-12-26 20:04:28', 0, 50000, 'UBE221226200359', '', '0000-00-00'),
(291, 1, 'Madu Trosyifa', ' Maag, Asam lambung, Peradangan usus. Typus DBD', 16, 8, 1, 2, '17_38_04_download_-_2022-12-29T173742.975.jpg', '2022-12-26 20:06:13', 0, 50000, 'UBE221226200431', '', '0000-00-00'),
(292, 1, 'Nigellive 100 Capsul', 'membantu meningkatkan stamina, membantu proses detoksifikasi di dalam tubuh, membantu melancarkan sirkulasi darah, dan membantu meningkatkan daya tahan tubuh.', 16, 8, 1, 0, '19_23_47_download_-_2022-12-29T192325.254.jpg', '2022-12-26 20:06:53', 0, 0, 'UBE221226200617', '', '0000-00-00'),
(293, 1, 'Tempra Forte 60ml', 'enurunkan demam dan meredakan nyeri.', 13, 8, 4, 7, '16_19_53_download_(84).jpg', '2022-12-26 20:08:23', 0, 56000, 'UBE221226200744', '', '0000-00-00'),
(294, 1, 'Tempra 2-6 thn 60ml', 'enurunkan demam dan meredakan nyeri.', 13, 8, 5, 10, '16_18_35_download_(82).jpg', '2022-12-26 20:08:56', 0, 52000, 'UBE221226200828', '', '0000-00-00'),
(295, 1, 'Tempra 2-6 thn 30ml', 'enurunkan demam dan meredakan nyeri.', 13, 8, 4, 15, '16_17_57_download_(82).jpg', '2022-12-26 20:09:18', 0, 27000, 'UBE221226200900', '', '0000-00-00'),
(296, 1, 'Naprex Syrup', 'meredakan demam dan rasa nyeri atau sakit kepala pada anak-anak. ', 13, 8, 1, 0, '19_03_30_download_-_2022-12-29T190307.959.jpg', '2022-12-26 20:09:54', 0, 0, 'UBE221226200924', '', '0000-00-00'),
(297, 1, 'Praxion Syrup 60ml', 'menurunkan demam, serta meringankan rasa sakit kepala dan gigi. ', 13, 8, 5, 8, '17_53_26_download_-_2022-12-29T175057.637.jpg', '2022-12-26 20:10:44', 0, 28000, 'UBE221226201006', '', '0000-00-00'),
(298, 1, 'Praxion Forte Syrup 60ml', 'menurunkan demam, serta meringankan rasa sakit kepala dan gigi. ', 13, 8, 5, 11, '17_53_09_download_-_2022-12-29T175105.494.jpg', '2022-12-26 20:11:11', 0, 31000, 'UBE221226201050', '', '0000-00-00'),
(299, 1, 'Termorex Demam 60ml', 'menurunkan demam, serta meringankan rasa sakit kepala dan gigi. ', 13, 8, 3, 27, '16_10_26_download_(75).jpg', '2022-12-26 20:11:36', 0, 17000, 'UBE221226201115', '', '0000-00-00'),
(300, 1, 'Fasidol Syrup 60ml', 'menurunkan demam, serta meringankan rasa sakit kepala dan gigi. ', 13, 8, 2, 16, '19_29_13_download_-_2022-12-28T192845.588.jpg', '2022-12-26 20:11:56', 0, 8000, 'UBE221226201140', '', '0000-00-00'),
(301, 1, 'Bodrexin Demam Syrup 60ml', 'menurunkan demam, serta meringankan rasa sakit kepala dan gigi. ', 13, 8, 2, 4, '16_25_35_download_(93).jpg', '2022-12-26 20:12:47', 0, 12000, 'UBE221226201228', '', '0000-00-00'),
(302, 1, 'Itramol Syrup 60ml', 'menurunkan demam, serta meringankan rasa sakit kepala dan gigi. ', 13, 8, 2, 0, '16_01_29_download_-_2022-12-29T155457.415.jpg', '2022-12-26 20:13:12', 0, 8000, 'UBE221226201255', '', '0000-00-00'),
(303, 1, 'Praxion Drop', 'menurunkan demam, serta meringankan rasa sakit kepala dan gigi. ', 13, 8, 2, 4, '17_52_42_download_-_2022-12-29T175101.589.jpg', '2022-12-26 20:13:31', 0, 28000, 'UBE221226201315', '', '0000-00-00'),
(304, 1, 'Paracetamol Syrup 60ml', 'menurunkan demam, serta meringankan rasa sakit kepala dan gigi. ', 13, 8, 2, 9, '18_34_06_download_-_2022-12-29T183332.358.jpg', '2022-12-26 20:13:54', 0, 8000, 'UBE221226201335', '', '0000-00-00'),
(305, 1, 'Brightlife Vit D3', 'membantu tubuh menyerap kalsium dan fosfor yang penting untuk membangun dan menjaga tulang tetap kuat', 13, 8, 1, 2, '16_32_19_download_(100).jpg', '2022-12-26 20:14:34', 0, 68000, 'UBE221226201357', '', '0000-00-00'),
(306, 1, 'Innolife Sari Kurma 350gr', ' membantu kesehatan ibu hamil dan menyusui, menjaga kesehatan mata, menyembuhkan demam berdarah, meningkatkan stamina, sebagai antioksidan, mencegah penyakit liver, mengatasi sembelit, membantu pertumbuhan tulang dan gigi, serta mencegah stroke dan kanker', 16, 8, 1, 0, '15_47_10_images_(24).jpg', '2022-12-26 20:15:43', 0, 55000, 'UBE221226201450', '', '0000-00-00'),
(307, 1, 'Sari kurma Saj Angkak 350gr', 'Membantu mengatasi DBD. Membantu mengatasi gejala typus. Membantu mengatasi maag.', 16, 8, 1, 0, '16_55_40_download_-_2022-12-29T165532.445.jpg', '2022-12-26 20:17:35', 0, 50000, 'UBE221226201613', '', '0000-00-00'),
(308, 1, 'Brightlife Vit C', 'skorbut/scurvy (defisiensi vitamin C) dan juga diperlukan untuk absorpsi zat besi, serta pertumbuhan tulang dan kolagen.', 13, 8, 1, 2, '16_31_30_download_(99).jpg', '2022-12-26 20:18:41', 0, 42000, 'UBE221226201742', '', '0000-00-00'),
(309, 1, 'Nigellive 200 Capsul', 'membantu meningkatkan stamina, membantu proses detoksifikasi di dalam tubuh, membantu melancarkan sirkulasi darah, dan membantu meningkatkan daya tahan tubuh.', 16, 8, 1, 1, '19_24_12_download_-_2022-12-29T192325.254.jpg', '2022-12-26 20:19:36', 0, 68000, 'UBE221226201844', '', '0000-00-00'),
(310, 1, 'Innolife Sari Kurma Buah Dan Sayur 350gr', 'nafsu makan anak.', 16, 8, 1, 1, '15_48_40_images_(25).jpg', '2022-12-26 20:21:35', 0, 55000, 'UBE221226201938', '', '0000-00-00'),
(311, 1, 'Asepso ', 'mengurangi biang keringat dan membersihkan kulit dari kuman penyebab penyakit kulit.', 13, 11, 1, 6, '15_27_16_download_(47).jpg', '2022-12-26 20:23:34', 0, 8000, 'UBE221226202255', '', '0000-00-00'),
(312, 1, 'Jf Dermamed Kulit', 'membersihkan kulit dari debu dan kotoran, membantu melawan kuman dan bakteri penyebab gatal-gatal, membuat kulit sehat tanpa menyebabkan kulit kering.', 13, 11, 2, 0, '16_03_07_download_-_2022-12-29T160234.103.jpg', '2022-12-26 20:24:44', 0, 13000, 'UBE221226202338', '', '0000-00-00'),
(313, 1, 'Jf Antiacne', 'formulasi khusus untuk jerawat, teruji klinis membantu mengurangi jerawat dalam 2 minggu tanpa menyebabkan kulit kering berlebih.', 13, 11, 1, 10, '16_02_17_download_-_2022-12-29T160150.505.jpg', '2022-12-26 20:25:33', 0, 14000, 'UBE221226202446', '', '0000-00-00'),
(314, 1, 'Sabun Papaya RDL', 'ntuk kecantikan kulit, salah satu manfaat pepaya adalah untuk mengatasi jerawat yang sering dialami', 13, 11, 1, 0, '17_08_10_download_-_2022-12-29T170802.605.jpg', '2022-12-26 20:26:42', 0, 23000, 'UBE221226202538', '', '0000-00-00'),
(315, 1, 'Plantacid Syrup', 'mengatasi gangguan pada saluran pencernaan seperti gastritis, perut kembung, maag, dispepsia, hiatus hernia, tukak lambung dan tukak usus duabelas jari.', 13, 8, 1, 4, '18_01_26_download_-_2022-12-29T180023.206.jpg', '2022-12-26 20:27:41', 0, 0, 'UBE221226202652', '', '0000-00-00'),
(316, 1, 'Zinkid Syrup', 'untuk pengobatan diare pada anak-anak di bawah 5 tahun', 13, 8, 1, 2, '14_17_44_download_(12).jpg', '2022-12-26 20:28:27', 0, 33000, 'UBE221226202744', '', '0000-00-00'),
(317, 1, 'Mylanta Syrup 50ml', 'mengurangi gejala-gejala yang berhubungan dengan kelebihan asam lambung, gastritis, tukak lambung, tukak usus 12 jari, dengan gejala-gejala seperti mual, nyeri lambung, nyeri ulu hati.', 13, 8, 3, 5, '18_55_31_download_-_2022-12-29T185444.782.jpg', '2022-12-26 20:29:30', 0, 17000, 'UBE221226202835', '', '0000-00-00'),
(318, 1, 'Mylanta Syrup 150ml', 'mengurangi gejala-gejala yang berhubungan dengan kelebihan asam lambung, gastritis, tukak lambung, tukak usus 12 jari, dengan gejala-gejala seperti mual, nyeri lambung, nyeri ulu hati.', 13, 8, 3, 10, '18_55_10_download_-_2022-12-29T185444.782.jpg', '2022-12-26 20:30:01', 0, 42000, 'UBE221226202935', '', '0000-00-00'),
(319, 1, 'Antasida Doen Syrup', 'mengurangi gejala-gejala yang berhubungan dengan kelebihan asam lambung, gastritis, tukak lambung, tukak usus 12 jari, dengan gejala-gejala seperti mual, nyeri lambung, nyeri ulu hati.', 13, 8, 3, 17, '15_21_16_download_(40).jpg', '2022-12-26 20:30:21', 0, 6000, 'UBE221226203005', '', '0000-00-00'),
(322, 1, 'Polysilane 180ml', 'mengurangi gejala-gejala yang berhubungan dengan kelebihan asam lambung, gastritis, tukak lambung, tukak usus 12 jari, dengan gejala-gejala seperti mual, nyeri lambung, nyeri ulu hati.', 13, 8, 4, 14, '17_49_58_download_-_2022-12-29T174821.927.jpg', '2022-12-26 20:32:04', 0, 37000, 'UBE221226203141', '', '0000-00-00'),
(323, 1, 'Lambucid Syrup ', 'mengurangi gejala-gejala yang berhubungan dengan kelebihan asam lambung, gastritis, tukak lambung, tukak usus 12 jari, dengan gejala-gejala seperti mual, nyeri lambung, nyeri ulu hati.', 13, 8, 2, 7, '16_52_14_download_-_2022-12-29T165152.557.jpg', '2022-12-26 20:32:30', 0, 8000, 'UBE221226203209', '', '0000-00-00'),
(324, 1, 'Bufantacid Forte Syrup', 'mengurangi gejala-gejala yang berhubungan dengan kelebihan asam lambung, gastritis, tukak lambung, tukak usus 12 jari, dengan gejala-gejala seperti mual, nyeri lambung, nyeri ulu hati.', 13, 8, 3, 20, '16_52_02_download_-_2022-12-28T165150.378.jpg', '2022-12-26 20:32:52', 0, 12000, 'UBE221226203233', '', '0000-00-00'),
(325, 1, 'Berlosid Syrup', 'mengurangi gejala-gejala yang berhubungan dengan kelebihan asam lambung, gastritis, tukak lambung, tukak usus 12 jari, dengan gejala-gejala seperti mual, nyeri lambung, nyeri ulu hati.', 13, 8, 4, 7, '15_49_01_download_(71).jpg', '2022-12-26 20:33:12', 0, 12000, 'UBE221226203255', '', '0000-00-00'),
(326, 1, 'Promag Syrup', 'mengurangi gejala-gejala yang berhubungan dengan kelebihan asam lambung, gastritis, tukak lambung, tukak usus 12 jari, dengan gejala-gejala seperti mual, nyeri lambung, nyeri ulu hati.', 13, 8, 2, 5, '17_35_14_download_-_2022-12-29T173425.906.jpg', '2022-12-26 20:33:42', 0, 13000, 'UBE221226203315', '', '0000-00-00'),
(327, 1, 'Gastrucid Syrup', 'mengurangi gejala-gejala yang berhubungan dengan kelebihan asam lambung, gastritis, tukak lambung, tukak usus 12 jari, dengan gejala-gejala seperti mual, nyeri lambung, nyeri ulu hati.', 13, 8, 4, 14, '20_38_04_download_-_2022-12-28T203715.593.jpg', '2022-12-26 20:34:04', 0, 12000, 'UBE221226203345', '', '0000-00-00'),
(328, 1, 'Hufamaag Syrup', 'mengurangi gejala-gejala yang berhubungan dengan kelebihan asam lambung, gastritis, tukak lambung, tukak usus 12 jari, dengan gejala-gejala seperti mual, nyeri lambung, nyeri ulu hati.', 13, 8, 2, 9, '15_14_24_download_-_2022-12-29T151402.375.jpg', '2022-12-26 20:34:24', 0, 8000, 'UBE221226203407', '', '0000-00-00'),
(329, 1, 'Maagel Suspensi Syrup', 'mengurangi gejala-gejala yang berhubungan dengan kelebihan asam lambung, gastritis, tukak lambung, tukak usus 12 jari, dengan gejala-gejala seperti mual, nyeri lambung, nyeri ulu hati.', 13, 8, 2, 6, '17_10_03_download_-_2022-12-29T170944.990.jpg', '2022-12-26 20:34:50', 0, 10000, 'UBE221226203427', '', '0000-00-00'),
(330, 1, 'Peditox', 'pengobatan pada kutu rambut dan pencegahan pada epidemi kutu rambut. ', 13, 8, 5, 5, '18_28_36_download_-_2022-12-29T182729.539.jpg', '2022-12-26 20:35:38', 0, 10000, 'UBE221226203501', '', '0000-00-00'),
(331, 1, 'PK', 'membersihkan luka dan infeksi jamur.', 13, 12, 4, 6, '17_59_34_download_-_2022-12-29T175759.609.jpg', '2022-12-26 20:36:39', 0, 5000, 'UBE221226203542', '', '0000-00-00'),
(332, 1, 'Ichtiyol - zalf', 'salep yang berfungsi untuk mengobati bisul. ', 13, 12, 5, 36, '15_23_13_download_-_2022-12-29T152252.999.jpg', '2022-12-26 20:37:37', 0, 10000, 'UBE221226203643', '', '0000-00-00'),
(333, 1, 'Kapas Kecantikan', 'membersihkan luka,membalut luka, dijadikan benang untuk membuat pakaian, dan juga bisa membersihkan make up.', 18, 7, 2, 4, '16_19_24_download_-_2022-12-29T161904.313.jpg', '2022-12-26 20:38:35', 0, 6000, 'UBE221226203750', '', '0000-00-00'),
(334, 1, 'Oralit', ' menggantikan cairan dan elektrolit tubuh yang hilang akibat diare, sehingga bisa mencegah dehidrasi.', 13, 7, 5, 97, '18_48_53_images_(12).jpg', '2022-12-26 20:39:05', 0, 2000, 'UBE221226203838', '', '0000-00-00'),
(335, 1, 'Pedialyte Original', 'menanggulangi dehidrasi ringan sampai sedang pada bayi dan anak-anak akibat diare.', 13, 8, 1, 0, '18_28_18_download_-_2022-12-29T182718.091.jpg', '2022-12-26 20:39:44', 0, 42000, 'UBE221226203909', '', '0000-00-00'),
(336, 1, 'Kapas Bola', ' membersihkan bagian tubuh bayi. Karena lebih lembut dan higienis sehingga tidak menimbulkan iritasi pada kulit bayi.', 18, 7, 1, 1, '16_18_49_download_-_2022-12-29T161831.681.jpg', '2022-12-26 20:40:29', 0, 10000, 'UBE221226203948', '', '0000-00-00'),
(337, 1, 'Pedialyte Aroma Bubble Gum', 'menanggulangi dehidrasi ringan sampai sedang pada bayi dan anak-anak akibat diare.', 13, 8, 1, 2, '18_28_02_download_-_2022-12-29T182703.605.jpg', '2022-12-26 20:41:11', 0, 42000, 'UBE221226204034', '', '0000-00-00'),
(338, 1, 'Septi Air', 'disinfektan spray yang bisa Moms gunakan untuk mensterilkan permukaan benda dan juga udara.', 18, 8, 1, 4, '16_51_09_download_-_2022-12-29T165101.480.jpg', '2022-12-26 20:42:07', 0, 20000, 'UBE221226204120', '', '0000-00-00'),
(339, 1, 'Nuvo Hand Sanitizer', 'mengurangi populasi mikroba ke tingkat tertentu yang aman bagi manusia. ', 18, 8, 1, 4, '19_29_55_download_-_2022-12-29T192645.771.jpg', '2022-12-26 20:43:04', 0, 18000, 'UBE221226204212', '', '0000-00-00'),
(340, 1, 'Pharolit ', 'mencegah dan mengobati dehidrasi akibat diare/ mencret/ muntaber.', 13, 7, 0, 0, '18_10_33_download_-_2022-12-29T180327.148.jpg', '2022-12-26 20:43:38', 0, 2000, 'UBE221226204306', '', '0000-00-00'),
(341, 1, 'Promag Gazero', ' merupakan sirup herbal yang berkhasiat membantu meredakan kembung ', 13, 13, 5, 46, '17_34_39_download_-_2022-12-29T173416.459.jpg', '2022-12-26 20:44:31', 0, 2500, 'UBE221226204341', '', '0000-00-00'),
(342, 1, 'Promag Sachet ', ' merupakan sirup herbal yang berkhasiat membantu meredakan kembung ', 13, 13, 5, 36, '17_34_56_download_-_2022-12-29T173422.066.jpg', '2022-12-26 20:45:04', 0, 6000, 'UBE221226204439', '', '0000-00-00'),
(343, 1, 'Akurat Test Pack', 'alat uji kehamilan atau disebut juga Testpack yang berbentuk strip', 18, 10, 10, 30, '14_48_41_download_(7).jpg', '2022-12-27 08:32:23', 13889, 14000, 'UBE221227083021', '', '0000-00-00'),
(344, 1, 'Paramex Sakit Kepala', 'meringankan sakit kepala dan sakit gigi.', 14, 10, 10, 124, '18_24_09_download_-_2022-12-29T182302.358.jpg', '2022-12-27 08:33:17', 0, 3000, 'UBE221227083230', '', '0000-00-00'),
(345, 1, 'Test Pack Onemed', 'alat uji kehamilan atau disebut juga Testpack yang berbentuk strip.', 18, 10, 10, 75, '16_11_42_download_(77).jpg', '2022-12-27 08:34:10', 0, 7000, 'UBE221227083322', '', '0000-00-00'),
(346, 1, 'Sensitif Test Pack', 'alat uji kehamilan atau disebut juga Testpack yang berbentuk strip.', 18, 10, 10, 37, '16_50_37_download_-_2022-12-29T165029.424.jpg', '2022-12-27 08:34:40', 0, 25000, 'UBE221227083419', '', '0000-00-00'),
(347, 1, 'Laxing isi 10 Caps', 'menjaga kesehatan pencernaan dan melancarkan buang air besar ', 16, 10, 5, 13, '17_02_40_download_-_2022-12-29T170155.597.jpg', '2022-12-27 08:35:52', 0, 10000, 'UBE221227083454', '', '0000-00-00'),
(348, 1, 'Laxing isi 4 Caps', 'menjaga kesehatan pencernaan dan melancarkan buang air besar ', 16, 10, 7, 37, '17_02_59_download_-_2022-12-29T170214.885.jpg', '2022-12-27 08:36:16', 0, 5000, 'UBE221227083557', '', '0000-00-00'),
(349, 1, 'Feminax Tablet', 'mengurangi rasa sakit pada waktu haid (Dismenorea) dan pada kolik.', 14, 10, 5, 14, '20_13_00_download_-_2022-12-28T201238.899.jpg', '2022-12-27 08:37:08', 0, 4000, 'UBE221227083624', '', '0000-00-00'),
(350, 1, 'Procold Flu Dan Batuk', ' mengatasi gejala flu seperti demam, sakit kepala, hidung tersumbat dan batuk tidak berdahak.', 14, 10, 10, 19, '17_30_23_download_-_2022-12-29T172955.812.jpg', '2022-12-27 08:37:54', 0, 4500, 'UBE221227083714', '', '0000-00-00'),
(351, 1, 'Sutra Hitam', 'mencegah kehamilan dan penularan penyakit seksual.', 13, 7, 5, 16, '16_24_11_download_(88).jpg', '2022-12-27 08:39:44', 0, 9000, 'UBE221227083808', '', '0000-00-00'),
(352, 1, 'Sumagesic Tablet 600mg', 'meringankan rasa sakit pada sakit kepala, sakit gigi, dan menurunkan demam.', 13, 10, 7, 21, '16_35_11_download_-_2022-12-29T163420.036.jpg', '2022-12-27 08:41:25', 0, 5000, 'UBE221227084008', '', '0000-00-00'),
(353, 1, 'Bodrex Extra', 'menurunkan demam dan meredakan sakit kepala.', 14, 10, 10, 28, '16_14_36_download_(90).jpg', '2022-12-27 08:42:44', 0, 3000, 'UBE221227084131', '', '0000-00-00'),
(354, 1, 'Procold Flu', 'meringankan gejala flu seperti demam, sakit kepala', 14, 10, 10, 22, '17_30_07_download_-_2022-12-29T172950.884.jpg', '2022-12-27 08:43:31', 0, 4000, 'UBE221227084249', '', '0000-00-00'),
(355, 1, 'Bye-bye Fever Anak', 'meringankan efek tidak nyaman karena demam, sakit gigi, sakit kepala.', 18, 7, 10, 54, '16_55_02_download_-_2022-12-28T165452.139.jpg', '2022-12-27 08:44:35', 0, 12000, 'UBE221227084336', '', '0000-00-00'),
(356, 1, 'Bye-bye Fever Bayi', 'meringankan efek tidak nyaman karena demam, sakit gigi, sakit kepala.', 18, 7, 10, 30, '16_55_35_download_-_2022-12-28T165526.000.jpg', '2022-12-27 08:45:01', 0, 9000, 'UBE221227084441', '', '0000-00-00'),
(357, 1, 'Kool Fever Anak', 'meringankan efek tidak nyaman karena demam, sakit gigi, sakit kepala.', 18, 7, 5, 0, '16_45_25_download_-_2022-12-29T164459.083.jpg', '2022-12-27 08:45:27', 0, 10000, 'UBE221227084509', '', '0000-00-00'),
(358, 1, 'Kool Fever Bayi', 'meringankan efek tidak nyaman karena demam, sakit gigi, sakit kepala.', 18, 7, 10, 0, '16_45_43_download_-_2022-12-29T164503.987.jpg', '2022-12-27 08:45:54', 0, 7000, 'UBE221227084536', '', '0000-00-00'),
(359, 1, 'Bodrex Flu Dan Batuk PE', 'mengatasi gejala flu seperti demam, bersin-bersin dan hidung tersumbat, disertai batuk tidak berdahak.', 14, 10, 10, 40, '16_16_06_bodrex-flu-batu.1646226224.jpg', '2022-12-27 08:46:54', 0, 3000, 'UBE221227084558', '', '0000-00-00'),
(360, 1, 'Dulcolax Tablet', 'mengatasi masalah sembelit/susah BAB/konstipasi.', 14, 10, 5, 52, '18_24_10_download_-_2022-12-28T182353.719.jpg', '2022-12-27 08:47:42', 0, 12000, 'UBE221227084657', '', '0000-00-00'),
(361, 1, 'Nephrolit Caps', 'membantu meluruhkan batu urin di saluran kemih serta membantu melancarkan buang air kecil.', 16, 10, 5, 0, '19_17_34_download_-_2022-12-29T191711.747.jpg', '2022-12-27 08:48:42', 0, 0, 'UBE221227084751', '', '0000-00-00'),
(362, 1, 'Bodrex Flu Dan Batuk Berdahak', ' Meredakan gejala flu seperti demam, sakit kepala, hidung tersumbat dan bersin-bersin yang disertai batuk berdahak.', 14, 10, 10, 44, '16_15_27_download_(91).jpg', '2022-12-27 08:49:44', 0, 3000, 'UBE221227084901', '', '0000-00-00'),
(363, 1, 'Panadol Anak Tablet', 'meredakan demam dan nyeri', 13, 10, 5, 0, '18_31_23_download_-_2022-12-29T183047.208.jpg', '2022-12-27 08:50:46', 0, 18000, 'UBE221227084949', '', '0000-00-00'),
(364, 1, 'Neozep Forte ', 'pereda demam dan sakit kepala, Phenylpropanolamine digunakan untuk mengobati gejala hidung tersumbat.', 14, 10, 10, 35, NULL, '2022-12-27 08:51:40', 0, 3000, 'UBE221227085101', '', '0000-00-00'),
(365, 1, 'Panadol Biru  Tablet', 'meringankan rasa sakit seperti sakit kepala, sakit gigi serta menurunkan demam.', 13, 10, 5, 19, '18_31_42_download_-_2022-12-29T183005.665.jpg', '2022-12-27 08:52:28', 0, 13000, 'UBE221227085144', '', '0000-00-00'),
(366, 1, 'Panadol Flu Dan Batuk ', 'meredakan hidung tersumbat, batuk tidak berdahak, serta demam yang disebabkan oleh flu.', 14, 10, 5, 9, '18_32_21_download_-_2022-12-29T183009.657.jpg', '2022-12-27 08:53:14', 0, 18000, 'UBE221227085232', '', '0000-00-00'),
(367, 1, 'Panadol Extra Tablet', 'meredakan sakit kepala, sakit gigi, sakit pada otot, nyeri yang mengganggu, dan menurunkan demam.', 13, 10, 5, 3, '18_31_59_download_-_2022-12-29T183036.072.jpg', '2022-12-27 08:54:14', 0, 14000, 'UBE221227085318', '', '0000-00-00'),
(368, 1, 'Inzana Tablet', 'penurun panas, demam, serta pereda nyeri pada anak.', 13, 10, 5, 16, '15_54_44_download_-_2022-12-29T155425.581.jpg', '2022-12-27 08:54:46', 0, 2000, 'UBE221227085417', '', '0000-00-00'),
(369, 1, 'Mixagrip Flu Dan Batuk', 'mengobati gejala flu seperti demam, sakit kepala, hidung tersumbat, bersin disertai batuk.', 14, 10, 10, 14, '18_41_33_download_-_2022-12-29T184106.361.jpg', '2022-12-27 08:55:32', 0, 3000, 'UBE221227085451', '', '0000-00-00'),
(370, 1, 'Mixagrip Flu', 'meringankan gejala-gejala flu seperti demam, sakit kepala, hidung tersumbat dan bersin-bersin.', 14, 10, 10, 14, '18_40_56_download_-_2022-12-29T184029.834.jpg', '2022-12-27 08:56:08', 0, 3000, 'UBE221227085536', '', '0000-00-00'),
(371, 1, 'Ultraflu Tablet', 'mengobati gejala flu seperti demam, sakit kepala, hidung tersumbat dan bersin-bersin. ', 14, 10, 7, 17, '15_25_03_download_(55).jpg', '2022-12-27 08:57:16', 0, 3500, 'UBE221227085613', '', '0000-00-00'),
(372, 1, 'Bodrex Migra', 'meredakan sakit kepala pada migraine.', 14, 10, 7, 16, '16_23_10_download_(92).jpg', '2022-12-27 08:58:12', 0, 3000, 'UBE221227085723', '', '0000-00-00'),
(373, 1, 'Decolgen Tablet', 'pereda demam dan sakit kepala. Phenylpropanolamine digunakan untuk mengobati gejala hidung tersumbat.', 14, 10, 10, 9, '17_55_12_download_-_2022-12-28T175458.204.jpg', '2022-12-27 08:58:53', 0, 3500, 'UBE221227085816', '', '0000-00-00'),
(374, 1, 'Intunal - F', 'menurunkan demam dan pereda nyeri,meredakan hidung tersumbat,antihistamin atau anti alergi.', 14, 10, 10, 0, '15_53_33_download_-_2022-12-29T155301.312.jpg', '2022-12-27 09:00:31', 0, 6000, 'UBE221227085857', '', '0000-00-00'),
(375, 1, 'Decolsin Tablet', 'meredakan batuk yang disertai gejala flu seperti demam, sakit kepala, hidung tersumbat, dan bersin.', 14, 10, 8, 24, '17_56_19_download_-_2022-12-28T175556.529.jpg', '2022-12-27 09:02:45', 0, 3500, 'UBE221227090207', '', '0000-00-00'),
(376, 1, 'Neo Rheumacyl Neuro', 'mengatasi rasa nyeri pada syaraf (neuralgia) misalnya nyeri pada gigi atau penyakit degeneratif di rangkaian tulang belakang.', 14, 10, 5, 10, '19_06_14_download_-_2022-12-29T190553.101.jpg', '2022-12-27 09:03:33', 0, 12000, 'UBE221227090250', '', '0000-00-00'),
(377, 1, 'Mextril Tablet', 'mengatasi gejala pilek seperti bersin-bersin, dan hidung tersumbat yang disertai batuk.', 14, 10, 10, 77, '18_00_28_download_-_2022-12-29T180006.245.jpg', '2022-12-27 09:04:07', 0, 3500, 'UBE221227090337', '', '0000-00-00'),
(378, 1, 'Komix Sachet Peppermint', 'meredakan gejala batuk kering, melancarkan pengeluaran dahak', 14, 13, 6, 35, '16_35_36_images_(28).jpg', '2022-12-27 09:06:17', 0, 2000, 'UBE221227090515', '', '0000-00-00'),
(379, 1, 'Komix Sachet OBH', 'eringankan batuk berdahak dan pilek.', 14, 13, 6, 0, '16_34_10_download_-_2022-12-29T162916.952.jpg', '2022-12-27 10:29:05', 0, 2000, 'UBE221227102816', '', '0000-00-00'),
(380, 1, 'Komix Sachet Jahe', 'membantu meredakan batuk dan menghangatkan tenggorokan.', 14, 13, 6, 39, '16_29_11_download_-_2022-12-29T162853.256.jpg', '2022-12-27 10:30:07', 0, 2000, 'UBE221227102910', '', '0000-00-00'),
(381, 1, 'Neo Rheumacyl', 'meredakan nyeri otot, nyeri sendi, dan pegal linu.', 14, 10, 5, 10, '19_05_47_download_-_2022-12-29T190526.357.jpg', '2022-12-27 10:31:50', 0, 10000, 'UBE221227103021', '', '0000-00-00'),
(382, 1, 'Antimo Tablet', ' mengatasi mual, muntah, dan pusing akibat mabuk perjalanan.', 14, 10, 10, 45, '15_23_45_download_(43).jpg', '2022-12-27 10:32:34', 0, 6000, 'UBE221227103208', '', '0000-00-00'),
(383, 1, 'Puyer 16', 'meredakan demam, sakit kepala, sakit gigi, sakit telinga, nyeri haid, dan nyeri ringan lainnya.', 13, 13, 5, 58, '17_27_04_download_-_2022-12-29T172655.438.jpg', '2022-12-27 10:33:36', 0, 11000, 'UBE221227103240', '', '0000-00-00'),
(384, 1, 'Komix Sachet Jeruk Nipis', 'meredakan gejala pilek dan batuk serta mengencerkan dahak.', 14, 13, 6, 42, '16_33_47_download_-_2022-12-29T162921.113.jpg', '2022-12-27 10:34:31', 0, 2000, 'UBE221227103342', '', '0000-00-00'),
(385, 1, 'Sutra Merah ', 'memberikan sensasi yang lembut dan halus demi kemesraan anda dengan pasangan. Dirancang dengan teknologi super tipis.', 13, 7, 6, 20, '16_24_43_download_(89).jpg', '2022-12-27 10:35:14', 0, 7000, 'UBE221227103435', '', '0000-00-00'),
(386, 1, 'Em Kapsul', 'melancarkan menstruasi dan meredakan nyeri haid.', 16, 16, 3, 9, '18_27_54_download_-_2022-12-28T182727.260.jpg', '2022-12-27 10:36:07', 0, 20000, 'UBE221227103524', '', '0000-00-00'),
(387, 1, 'Vegeta Herbal', 'membantu melunakkan tinja sehingga lebih mudah dikeluarkan.', 16, 13, 0, 0, '15_10_59_download_(41).jpg', '2022-12-27 10:36:49', 0, 2000, 'UBE221227103614', '', '0000-00-00'),
(388, 1, 'Pagoda Salep', 'mengatasi penyakit kulit yang disebabkan jamur atau bakteri. ', 13, 12, 3, 10, '18_31_04_download_-_2022-12-29T182955.506.jpg', '2022-12-27 10:38:10', 0, 12000, 'UBE221227103656', '', '0000-00-00'),
(389, 1, 'Dragon ', 'meredakan pegal linu, sakit kepala, sakit gigi, sakit perut, mabuk perjalanan dan gatal-gatal akibat digigit serangga.', 13, 12, 3, 5, '18_21_31_download_-_2022-12-28T182108.465.jpg', '2022-12-27 10:38:59', 0, 15000, 'UBE221227103814', '', '0000-00-00'),
(390, 1, 'Nosib Salep', ' mengobati eksim dan gatal akibat gigitan serangga.', 13, 12, 3, 19, '19_25_43_download_(19).png', '2022-12-27 10:39:43', 0, 8000, 'UBE221227103903', '', '0000-00-00'),
(391, 1, 'Tay Pin San ', 'meredakan nyeri di area dada dan gangguan yang berkaitan dengan sistem pencernaan.', 16, 13, 0, 0, '16_25_54_download_(91).jpg', '2022-12-27 10:40:55', 0, 3000, 'UBE221227104004', '', '0000-00-00'),
(392, 1, 'Mapoh Tampek', 'mengobati panas dalam seperti sakit kerongkongan, sariawan, sakit kepala, badan terasa panas, dan tampek.', 16, 8, 0, 0, '17_38_47_download_-_2022-12-29T173829.414.jpg', '2022-12-27 10:41:40', 0, 12000, 'UBE221227104100', '', '0000-00-00'),
(393, 1, 'Sanaflu Tablet', 'mengatasi gejala flu seperti demam, sakit kepala, hidung tersumbat, dan bersin-bersin.', 14, 10, 0, 0, '17_04_17_download_-_2022-12-29T170409.063.jpg', '2022-12-27 10:42:16', 0, 3000, 'UBE221227104143', '', '0000-00-00'),
(394, 1, 'Vicks Vaporub Saku', 'untuk meringankan gejala pilek dan batuk karena flu', 13, 12, 5, 14, '15_08_00_download_(36).jpg', '2022-12-27 10:43:44', 0, 9000, 'UBE221227104221', '', '0000-00-00'),
(395, 1, 'Salep 88', 'mengatasi infeksi jamur, infeksi sekunder bakteri gram positive, dan gatal-gatal yang menyertai.', 13, 12, 5, 8, '17_02_12_download_-_2022-12-29T170204.417.jpg', '2022-12-27 10:44:19', 0, 12000, 'UBE221227104349', '', '0000-00-00'),
(396, 1, 'Neo Napasin', 'meringankan sesak napas. Untuk meringankan dan mengatasi penyakit asma bronchial.', 14, 10, 10, 24, '19_05_12_download_-_2022-12-29T190454.614.jpg', '2022-12-27 10:45:16', 0, 3000, 'UBE221227104443', '', '0000-00-00'),
(397, 1, 'Dumin Tablet', ' meredakan nyeri pada keadaan sakit kepala, sakit gigi dan menurunkan demam.', 13, 10, 5, 7, '18_24_43_download_-_2022-12-28T182423.014.jpg', '2022-12-27 10:45:47', 0, 10000, 'UBE221227104520', '', '0000-00-00'),
(398, 1, 'Entronstop Anak ', 'mengobati diare dan gejala yang disertai seperti perut melilit, mual dan kembung pada anak.', 16, 13, 6, 4, '18_33_52_download_-_2022-12-28T183331.977.jpg', '2022-12-27 10:46:34', 0, 2500, 'UBE221227104552', '', '0000-00-00'),
(399, 1, 'Poldanmig Tablet', ' meredakan sakit kepala sedang dan migrain', 13, 10, 0, 0, '17_48_44_download_-_2022-12-29T174723.056.jpg', '2022-12-27 10:47:22', 0, 4000, 'UBE221227104638', '', '0000-00-00'),
(400, 1, 'Diapet NR', 'membantu mengurangi frekuensi buang air besar.', 16, 10, 0, 6, '18_14_39_download_-_2022-12-28T181419.638.jpg', '2022-12-27 10:48:02', 20, 4000, 'UBE221227104726', '', '0000-00-00'),
(401, 1, 'Combantrin Tablet', 'mengatasi cacing kremi (Enterobius vermicularis), cacing gelang (Ascaris lumbricoides), cacing tambang (Ancylostoma duodenale), Cacing tambang (Necator americanus), cacing Trichostrongyfus colubriformis dan Trichostrongylus orientalls. ', 13, 10, 5, 30, '17_39_35_download_-_2022-12-28T173915.252.jpg', '2022-12-27 10:49:13', 0, 0, 'UBE221227104805', '', '0000-00-00'),
(402, 1, 'Ambeven Caps', 'membantu meringankan gejala wasir.', 16, 10, 5, 21, '14_59_42_download_(19).jpg', '2022-12-27 10:49:50', 0, 18000, 'UBE221227104917', '', '0000-00-00'),
(403, 1, 'Paramex Flu Dan Batuk', 'meringankan gejala flu seperti demam, sakit kepala, hidung tersumbat, dan batuk.', 14, 10, 5, 0, '18_24_50_images_(10).jpg', '2022-12-27 10:50:29', 0, 2500, 'UBE221227104954', '', '0000-00-00'),
(404, 1, 'New Diatabs', 'mengadsorbsi beberapa racun dan bakteri penyebab diare, mengurangi frekuensi buang air besar, serta memperbaiki konsistensi feses yang encer.', 16, 10, 10, 0, '19_20_57_download_-_2022-12-29T192033.104.jpg', '2022-12-27 10:51:15', 0, 4000, 'UBE221227105033', '', '0000-00-00'),
(405, 1, 'Nutrafor Wazzir', 'membantu mengurangi gangguan peredaran darah di kaki / varises.', 16, 10, 5, 0, '19_26_27_download_-_2022-12-29T192605.724.jpg', '2022-12-27 10:52:10', 0, 0, 'UBE221227105125', '', '0000-00-00');
INSERT INTO `product` (`product_id`, `store_id`, `product_name`, `product_description`, `category_id`, `unit_id`, `product_countlimit`, `product_stock`, `product_picture`, `product_datetime`, `product_buy`, `product_sell`, `product_ube`, `product_batch`, `product_expiredate`) VALUES
(406, 1, 'Entronstop Tablet', 'untuk mengobati diare non spesifik.', 16, 10, 4, 6, '18_34_22_download_-_2022-12-28T183400.952.jpg', '2022-12-27 10:52:58', 0, 9000, 'UBE221227105213', '', '0000-00-00'),
(407, 1, 'Saridon Tablet', 'mengurangi sakit kepala dan nyeri pada gigi.', 14, 10, 5, 0, '16_56_36_download_-_2022-12-29T165628.349.jpg', '2022-12-27 10:53:51', 0, 4000, 'UBE221227105302', '', '0000-00-00'),
(408, 1, 'Biogesic Tablet', 'meringankan rasa sakit pada sakit kepala, sakit gigi, dan menurunkan demam.', 13, 10, 5, 27, '15_56_16_download_(79).jpg', '2022-12-27 10:54:30', 0, 3000, 'UBE221227105356', '', '0000-00-00'),
(409, 1, 'Contrexyn Tablet', 'Demam dan rasa sakit (nyeri) yang berkaitan dengan flu, masuk angin atau setelah vaksinasi.', 13, 10, 5, 0, '17_42_01_contrexyn-tablet-rev2.jpg', '2022-12-27 10:55:10', 0, 3000, 'UBE221227105434', '', '0000-00-00'),
(410, 1, 'Sanmol Tablet', ' meringankan rasa sakit pada keadaan sakit kepala, sakit gigi dan menurunkan demam.', 13, 10, 10, 132, '16_53_44_download_-_2022-12-29T165333.046.jpg', '2022-12-27 10:57:42', 0, 3000, 'UBE221227105713', '', '0000-00-00'),
(411, 1, 'Bodrex Tablet', 'meringankan sakit kepala, sakit gigi, dan demam', 13, 10, 5, 6, '16_18_51_cfa8caa7cd64c54815b83a31bab15f6f.jpg', '2022-12-27 10:58:41', 0, 5000, 'UBE221227105748', '', '0000-00-00'),
(412, 1, 'Inza Tablet', 'meringankan gejala flu seperti demam, sakit kepala, hidung tersumbat dan bersin-bersin.', 14, 10, 5, 17, '15_54_14_download_-_2022-12-29T155355.799.jpg', '2022-12-27 10:59:21', 0, 3000, 'UBE221227105847', '', '0000-00-00'),
(413, 1, 'Paramex Nyeri Otot', 'eringankan rasa nyeri pada nyeri otot, nyeri sendi, sakit kepala, sakit gigi, dan menurunkan demam ', 14, 10, 5, 14, '18_25_07_images_(9).jpg', '2022-12-27 11:00:17', 0, 2500, 'UBE221227105925', '', '0000-00-00'),
(414, 1, 'Antimo Anak', ' anti mual atau muntah', 13, 13, 10, 35, '15_23_11_download_(42).jpg', '2022-12-27 11:01:17', 0, 2000, 'UBE221227110020', '', '0000-00-00'),
(415, 1, 'Bodrexin Tablet ', 'menurunkan panas, meredakan rasa nyeri, dan demam setelah imunisasi pada anak.', 13, 10, 10, 65, '16_27_28_download_(95).jpg', '2022-12-27 11:01:57', 0, 8000, 'UBE221227110121', '', '0000-00-00'),
(416, 1, 'Dot \'L', 'menenangkan bayi serta memberikan rasa nyaman pada keadaan-keadaan tertentu seperti keinginan untuk mulai tidur, rasa nyeri pada waktu gigi tumbuh, dipisahkan dari ibunya, menurunkan frekuensi menghisap jari, serta menurunnya kejadian SIDS ', 18, 7, 5, 1, '18_19_15_images_(8).jpg', '2022-12-27 11:04:41', 0, 7000, 'UBE221227110204', '', '0000-00-00'),
(417, 1, 'Dot \'M', 'menenangkan bayi serta memberikan rasa nyaman pada keadaan-keadaan tertentu seperti keinginan untuk mulai tidur, rasa nyeri pada waktu gigi tumbuh, dipisahkan dari ibunya, menurunkan frekuensi menghisap jari, serta menurunnya kejadian SIDS ', 18, 7, 5, 32, '18_19_38_images_(8).jpg', '2022-12-27 11:05:37', 0, 7000, 'UBE221227110449', '', '0000-00-00'),
(418, 1, 'Dot \'S', 'menenangkan bayi serta memberikan rasa nyaman pada keadaan-keadaan tertentu seperti keinginan untuk mulai tidur, rasa nyeri pada waktu gigi tumbuh, dipisahkan dari ibunya, menurunkan frekuensi menghisap jari, serta menurunnya kejadian SIDS ', 18, 7, 5, 0, '18_20_04_images_(8).jpg', '2022-12-27 11:06:10', 0, 7000, 'UBE221227110550', '', '0000-00-00'),
(419, 1, 'Dot \'XL', 'menenangkan bayi serta memberikan rasa nyaman pada keadaan-keadaan tertentu seperti keinginan untuk mulai tidur, rasa nyeri pada waktu gigi tumbuh, dipisahkan dari ibunya, menurunkan frekuensi menghisap jari, serta menurunnya kejadian SIDS ', 18, 7, 5, 10, '18_20_52_images_(8).jpg', '2022-12-27 11:06:35', 0, 7000, 'UBE221227110615', '', '0000-00-00'),
(420, 1, 'Botol Dot 60ml', 'mengurangi jumlah udara yang masuk ke dalam tubuh bayi selama menyusu.', 18, 8, 1, 3, '16_30_34_download_(98).jpg', '2022-12-27 11:07:22', 0, 18000, 'UBE221227110645', '', '0000-00-00'),
(421, 1, 'Botol Dot 125ml', 'mengurangi jumlah udara yang masuk ke dalam tubuh bayi selama menyusu.', 18, 8, 1, 3, '16_29_20_download_(97).jpg', '2022-12-27 11:07:46', 0, 21000, 'UBE221227110726', '', '0000-00-00'),
(422, 1, 'Proris Tablet', 'meredakan sakit kepala, menurunkan demam, meredakan nyeri pada sakit gigi. ', 13, 10, 10, 27, '17_23_47_download_-_2022-12-29T172232.073.jpg', '2022-12-27 11:09:44', 0, 13000, 'UBE221227110808', '', '0000-00-00'),
(423, 1, 'Oskadon SP', 'membantu mengurangi rasa nyeri otot pada pinggang dan punggung.', 14, 10, 5, 27, '18_49_29_download_-_2022-12-29T184749.126.jpg', '2022-12-27 11:10:33', 0, 2000, 'UBE221227110949', '', '0000-00-00'),
(424, 1, 'Konidin Tablet', 'meredakan batuk yang terkait influenza, masuk angin, bronkitis, radang saluran pernapasan, alergi dan asma.', 14, 10, 10, 40, '16_44_46_download_(4).png', '2022-12-27 11:11:23', 0, 3000, 'UBE221227111039', '', '0000-00-00'),
(425, 1, 'Bisolvon Tablet', 'mengurangi dan mengencerkan dahak yang ada di saluran pernapasan sehingga mudah untuk dikeluarkan.', 14, 10, 5, 6, '16_08_58_download_(88).jpg', '2022-12-27 11:12:20', 0, 28000, 'UBE221227111130', '', '0000-00-00'),
(426, 1, 'Oskadon Tablet', 'penurun demam dan pereda nyeri seperti sakit gigi, sakit kepala dan nyeri ringan lainnya.', 13, 10, 5, 6, '18_49_49_download_-_2022-12-29T184744.924.jpg', '2022-12-27 11:13:12', 0, 2000, 'UBE221227111224', '', '0000-00-00'),
(427, 1, 'Stop Cold', 'meringankan gejala flu seperti demam, sakit kepala, hidung tersumbat dan bersin-bersin yang disertai batuk.', 13, 10, 5, 30, '16_31_27_download_(99).jpg', '2022-12-27 11:13:51', 0, 3500, 'UBE221227111316', '', '0000-00-00'),
(429, 1, 'Frezza Spray', 'membentuk lapisan pelindung pada permukaan mukosa mulut dan melembapkan jaringan yang luka sehingga dapat mengurangi nyeri.', 13, 8, 0, 0, '20_29_49_download_-_2022-12-28T202643.016.jpg', '2022-12-27 12:35:56', 0, 26000, 'UBE221227123439', '', '0000-00-00'),
(430, 1, 'Miconazole Salep', 'mengobati infeksi kulit seperti tinea pedis, gatal di selangkangan, kurap, dan infeksi kulit jamur lainnya', 14, 11, 6, 27, '18_01_27_download_-_2022-12-29T180044.771.jpg', '2022-12-27 12:36:49', 0, 8000, 'UBE221227123559', '', '0000-00-00'),
(431, 1, 'Counterpaint Cream 30gr', 'meringankan rasa sakit pada otot, nyeri sendi, keseleo, dan nyeri akibat encok.', 13, 11, 1, 0, '17_45_12_download_-_2022-12-28T174432.849.jpg', '2022-12-27 12:38:42', 0, 0, 'UBE221227123654', '', '0000-00-00'),
(432, 1, 'Zoralin Salep', 'menangani infeksi jamur pada kulit, misalnya panu, kurap, serta ketombe.', 14, 11, 6, 15, '13_56_26_download_(1).jpg', '2022-12-27 12:39:29', 0, 17000, 'UBE221227123845', '', '0000-00-00'),
(433, 1, 'Thrombogel 10gr', 'mengatasi memar, mencegah pembekuan darah, flebitis superfisial, penyempitan pembuluh vena, cedera karena olahraga dan kecelakaan.', 14, 11, 3, 7, '16_13_39_download_(79).jpg', '2022-12-27 12:40:35', 0, 48000, 'UBE221227123932', '', '0000-00-00'),
(434, 1, 'Daktarin Krim 10gr', 'mengobati infeksi kulit yang disebabkan oleh dermatofit atau ragi, dan jamur lainnya.', 14, 11, 3, 8, '17_52_59_download_-_2022-12-28T175241.498.jpg', '2022-12-27 12:41:18', 0, 46000, 'UBE221227124040', '', '0000-00-00'),
(435, 1, 'Daktarin Krim 5gr', 'mengobati infeksi kulit yang disebabkan oleh dermatofit atau ragi, dan jamur lainnya.', 14, 11, 3, 9, '17_53_21_download_-_2022-12-28T175241.498.jpg', '2022-12-27 12:41:52', 0, 29000, 'UBE221227124127', '', '0000-00-00'),
(436, 1, 'Kalpanax Salep 6gr', 'mengobati penyakit kulit akibat infeksi jamur.', 14, 12, 6, 20, '16_16_02_images_(26).jpg', '2022-12-27 12:42:33', 0, 8000, 'UBE221227124155', '', '0000-00-00'),
(437, 1, 'Kalpanax Cream 5gr', 'mengobati penyakit kulit akibat infeksi jamur.', 14, 11, 6, 18, '16_15_09_download_-_2022-12-29T161449.884.jpg', '2022-12-27 12:42:58', 0, 15000, 'UBE221227124236', '', '0000-00-00'),
(438, 1, 'Thrombophob Gel', 'mengatasi memar atau gumpalan darah di bawah kulit akibat cedera atau radang pada pembuluh darah vena yang terletak dekat dengan kulit', 14, 11, 3, 6, '16_14_13_download_(80).jpg', '2022-12-27 12:43:44', 0, 79000, 'UBE221227124302', '', '0000-00-00'),
(439, 1, 'Counterpaint Cream 15gr', ' meringankan rasa sakit pada otot, nyeri sendi, keseleo, dan nyeri akibat encok.', 13, 11, 3, 0, '17_44_53_download_-_2022-12-28T174432.849.jpg', '2022-12-27 12:44:29', 0, 0, 'UBE221227124349', '', '0000-00-00'),
(440, 1, 'Fungiderm Krim 5gr', ' mengatasi dermatomikosis atau infeksi kulit akibat jamur seperti gatal, kutu air, panu, infeksi jamur di kulit kepala, kurap,kandidiasis pada kulit dan kuku.', 14, 11, 3, 6, '20_31_45_download_-_2022-12-28T203059.493.jpg', '2022-12-27 12:45:13', 0, 16000, 'UBE221227124433', '', '0000-00-00'),
(441, 1, 'Fungiderm Krim 10gr', ' mengatasi dermatomikosis atau infeksi kulit akibat jamur seperti gatal, kutu air, panu, infeksi jamur di kulit kepala, kurap,kandidiasis pada kulit dan kuku.', 14, 11, 3, 2, '20_31_24_download_-_2022-12-28T203059.493.jpg', '2022-12-27 12:45:42', 0, 28000, 'UBE221227124517', '', '0000-00-00'),
(442, 1, 'Mycoral Salep', 'mengobati infeksi jamur di kulit, seperti panu, kurap, kutu air, kandidiasis, dermatitis seboroik, dan ketombe yang berkaitan dengan jamur.', 14, 11, 6, 10, '18_53_55_download_-_2022-12-29T185338.343.jpg', '2022-12-27 12:46:29', 0, 18000, 'UBE221227124546', '', '0000-00-00'),
(443, 1, 'New Hang Fung San ', 'membantu meredakan panas dalam yang disertai sariawan, tenggorokan kering dan bau mulut', 16, 8, 5, 54, '19_21_53_download_-_2022-12-29T192119.351.jpg', '2022-12-27 12:47:24', 0, 8000, 'UBE221227124632', '', '0000-00-00'),
(444, 1, 'Transpulmin Kids 10gr', 'membantu meredakan hidung tersumbat krn influenza, nyeri dipunggung, sakit kepala, sakit perut dan menghangatkan', 13, 11, 3, 10, '15_40_18_download_(61).jpg', '2022-12-27 12:48:27', 0, 53000, 'UBE221227124727', '', '0000-00-00'),
(445, 1, 'Transpulmin Baby 10gr', 'membantu meredakan hidung tersumbat krn influenza, nyeri dipunggung, sakit kepala, sakit perut dan menghangatkan', 13, 11, 3, 3, '15_32_37_download_(60).jpg', '2022-12-27 12:48:58', 0, 56000, 'UBE221227124830', '', '0000-00-00'),
(446, 1, 'Transpulmin Baby 20gr', 'membantu meredakan hidung tersumbat krn influenza, nyeri dipunggung, sakit kepala, sakit perut dan menghangatkan', 13, 11, 1, 0, '15_36_46_download_(60).jpg', '2022-12-27 12:49:21', 0, 72000, 'UBE221227124901', '', '0000-00-00'),
(447, 1, 'Betadine Kumur 100ml', 'mengatasi masalah mulut seperti sakit tenggorokan, gusi bengkak, sariawan, bau mulut dan napas tidak segar.', 14, 8, 3, 8, '15_52_50_download_(74).jpg', '2022-12-27 12:50:15', 0, 27000, 'UBE221227124924', '', '0000-00-00'),
(448, 1, 'Betadine Feminine 60ml', ' mengatasi masalah kewanitaan seperti gatal, bau tidak sedap dan keputihan.', 14, 8, 3, 7, '15_52_13_download_(73).jpg', '2022-12-27 12:51:06', 0, 38000, 'UBE221227125018', '', '0000-00-00'),
(449, 1, 'Phisohex', 'membersihkan dan merawat kulit wajah sehari-hari serta menjaga pH kulit.', 13, 0, 0, 0, '18_11_39_download_-_2022-12-29T180338.477.jpg', '2022-12-27 12:53:03', 0, 0, 'UBE221227125110', '', '0000-00-00'),
(450, 1, 'Batugin Syrup 120ml', 'membantu meluruhkan batu ginjal atau batu saluran kemih', 16, 8, 3, 11, '15_40_23_download_(58).jpg', '2022-12-27 12:53:42', 0, 0, 'UBE221227125306', '', '0000-00-00'),
(451, 1, 'Lancar Asi', 'membantu meningkatkan dan memperlancar produksi ASI pada ibu menyusui.', 16, 16, 1, 1, '16_54_30_download_-_2022-12-29T165413.195.jpg', '2022-12-27 12:54:53', 0, 50000, 'UBE221227125357', '', '0000-00-00'),
(452, 1, 'Enervon-c  Active', ' membantu memelihara daya tahan tubuh. Vitamin B kompleks yang terkandung berfungsi untuk membantu metabolisme tubuh dalam menghasilkan energi.', 13, 8, 2, 2, '18_31_12_images_(9).jpg', '2022-12-27 12:55:41', 0, 47000, 'UBE221227125457', '', '0000-00-00'),
(453, 1, 'Eyevit Tablet', 'memberikan nutrisi pada mata dan menjaga kesehatan mata.', 13, 10, 3, 5, '19_01_39_download_-_2022-12-28T190115.791.jpg', '2022-12-27 12:58:24', 0, 36000, 'UBE221227125545', '', '0000-00-00'),
(454, 1, 'Asifit', ' membantu melancarkan asi ibu selama proses menyusui.', 16, 16, 1, 2, '15_29_40_download_(49).jpg', '2022-12-27 12:59:01', 0, 72000, 'UBE221227125828', '', '0000-00-00'),
(455, 1, 'Folamil Genio isi 30 Tablet', 'perkembangan sistem saraf janin dan mendorong pertumbuhan otak janin', 13, 8, 2, 0, '20_24_55_download_-_2022-12-28T202433.138.jpg', '2022-12-27 12:59:56', 0, 150000, 'UBE221227125908', '', '0000-00-00'),
(456, 1, 'Folamil strip', 'perkembangan sistem saraf janin dan mendorong pertumbuhan otak janin', 13, 10, 5, 37, '20_25_41_download_-_2022-12-28T202519.048.jpg', '2022-12-27 13:00:26', 0, 10000, 'UBE221227130000', '', '0000-00-00'),
(457, 1, 'Hemaviton Stamina Plus Botol', 'untuk menjaga stamina tubuh dan meningkatkan konsentrasi.', 13, 8, 1, 4, '12_44_53_images_(14).jpg', '2022-12-27 13:01:39', 0, 38000, 'UBE221227130030', '', '0000-00-00'),
(458, 1, 'Renovit Gold Botol', 'Membantu memenuhi kebutuhan multivitamin dan mineral harian, memelihara kesehatan tubuh dan mengatasi gangguan kesehatan pada usia di atas 50 tahun seperti gangguan fungsi penglihatan, fungsi memori dan obesitas.', 13, 8, 2, 0, '17_20_20_download_-_2022-12-29T171952.300.jpg', '2022-12-27 13:02:47', 0, 98000, 'UBE221227130157', '', '0000-00-00'),
(459, 1, 'Cooling 5 Spray Cool Mint', ' meredakan sakit tenggorokan, nyeri akibat sariawan, iritasi ringan pada mulut, tenggorokan dan bibir.', 13, 8, 4, 7, '17_43_01_download_-_2022-12-28T174242.625.jpg', '2022-12-27 13:03:52', 0, 38000, 'UBE221227130251', '', '0000-00-00'),
(460, 1, 'Cooling 5 Spray Orange', 'meredakan rasa sakit pada gigi, gusi dan sariawan', 14, 8, 4, 1, '17_42_38_download_-_2022-12-28T174215.890.jpg', '2022-12-27 13:05:03', 0, 40000, 'UBE221227130356', '', '0000-00-00'),
(461, 1, 'Ome Heart Omega-3 ', 'membantu memelihara kesehatan jantung.', 13, 8, 1, 0, '19_01_13_download_-_2022-12-29T185944.131.jpg', '2022-12-27 13:05:50', 0, 46000, 'UBE221227130506', '', '0000-00-00'),
(462, 1, 'Vitalong- c isi 30 Kaplet', 'membantu menjaga sistem kekebalan tubuh serta membantu dalam pemulihan setelah sakit.', 13, 8, 2, 3, '14_26_26_download_(22).jpg', '2022-12-27 13:06:46', 0, 47000, 'UBE221227130553', '', '0000-00-00'),
(463, 1, 'Enervon- c isi 30 Kaplet', 'membantu menjaga daya tahan tubuh.', 13, 8, 3, 1, '18_30_26_download_-_2022-12-28T183002.229.jpg', '2022-12-27 13:07:40', 0, 45000, 'UBE221227130650', '', '0000-00-00'),
(464, 1, 'Renovit Botol', 'meningkatkan daya tahan tubuh dan membantu metabolisme tubuh dengan menutrisi organ-organ penting dalam tubuh.', 13, 8, 1, 2, '17_20_04_download_-_2022-12-29T171939.188.jpg', '2022-12-27 13:08:23', 0, 78000, 'UBE221227130744', '', '0000-00-00'),
(465, 1, 'Ester- c isi 30 Kaplet', 'memenuhi kebutuhan vitamin C dan antioksidan, menjaga kesehatan, serta meningkatkan daya tahan tubuh pada orang dewasa.', 13, 8, 3, 11, '18_44_53_download_-_2022-12-28T184427.530.jpg', '2022-12-27 13:09:12', 0, 60000, 'UBE221227130830', '', '0000-00-00'),
(466, 1, 'Fish Qua ', 'Memelihara kesehatan dan memperbaiki daya tahan tubuh ', 13, 8, 1, 1, '20_16_30_download_-_2022-12-28T201606.870.jpg', '2022-12-27 13:10:17', 0, 80000, 'UBE221227130917', '', '0000-00-00'),
(467, 1, 'Neo Rheumacyl Cream', 'Membantu meredakan nyeri pada otot sendi, keseleo dan pegal-pegal.', 13, 11, 0, 2, '19_14_39_images_(42).jpg', '2022-12-27 13:28:33', 0, 16000, 'UBE221227132534', '', '0000-00-00'),
(468, 1, 'Counterpaint Cool 30gr', 'eredakan nyeri otot dan nyeri sendi seperti nyeri saat terkilir, pegal-pegal atau cedera pada saat olahraga serta memar dengan sensasi dingin.', 13, 11, 1, 4, '17_44_00_download_-_2022-12-28T174332.352.jpg', '2022-12-27 13:29:21', 0, 45000, 'UBE221227132841', '', '0000-00-00'),
(469, 1, 'Voltadex Gel', 'opikal pada peradangan akibat trauma tendon, ligamen, otot dan sendi.', 13, 11, 1, 5, '14_19_18_download_(13).jpg', '2022-12-27 13:30:00', 0, 29000, 'UBE221227132925', '', '0000-00-00'),
(470, 1, 'Canesten Cream 10gr', 'Mengatasi jamur pada kulit, panu, kadas/kurap, kutu air dan ruam popok.', 14, 11, 3, 6, '17_09_07_download.png', '2022-12-27 13:30:44', 0, 46000, 'UBE221227133004', '', '0000-00-00'),
(471, 1, 'Polident 60gr', 'menahan gigi tiruan pada tempatnya sehingga menstabilkan gigi tiruan dari segala arah.', 13, 11, 1, 0, '17_49_02_download_-_2022-12-29T174741.032.jpg', '2022-12-27 13:31:40', 0, 90000, 'UBE221227133048', '', '0000-00-00'),
(472, 1, 'Canesten Cream 5gr', 'Mengatasi jamur pada kulit, panu, kadas/kurap, kutu air dan ruam popok.', 14, 11, 3, 2, '17_09_30_download.png', '2022-12-27 13:32:39', 0, 28000, 'UBE221227133154', '', '0000-00-00'),
(473, 1, 'Bepanthen Baby 20gr', 'membantu merawat kulit bayi dan melindungi dari gesekan popok salah satu penyebab ruam popok pada bayi.', 13, 11, 2, 4, '15_48_17_download_(70).jpg', '2022-12-27 13:33:27', 0, 72000, 'UBE221227133247', '', '0000-00-00'),
(474, 1, 'Erphamazol Cream 5gr', 'mengobati infeksi jamur terutama kandidiasis dan trikomoniasis. ', 14, 11, 3, 20, '18_43_41_download_-_2022-12-28T184319.923.jpg', '2022-12-27 13:34:48', 0, 10000, 'UBE221227133403', '', '0000-00-00'),
(475, 1, 'Andalan Laktasi ', 'sediaan kontrasepsi oral yang mengandung linestrenol, derivat progestin yang merupakan progesteron sintetis (buatan) untuk membantu siklus ovulasi', 15, 10, 5, 12, '15_12_30_download_(33).jpg', '2022-12-27 13:35:48', 0, 14000, 'UBE221227133458', '', '0000-00-00'),
(476, 1, 'Combantrin Syrup ', 'mengatasi cacing kremi (Enterobius vermicularis), cacing gelang (Ascaris lumbricoides), cacing tambang (Ancylostoma duodenale), Cacing tambang (Necator americanus), cacing Trichostrongyfus colubriformis dan Trichostrongylus orientalls.', 14, 8, 3, 5, '17_38_58_download_-_2022-12-28T173838.499.jpg', '2022-12-27 13:36:56', 0, 22000, 'UBE221227133605', '', '0000-00-00'),
(477, 1, 'Kompolax Syrup 60ml', 'mengatasi konstipasi atau sembelit.', 14, 8, 2, 10, '16_36_18_download_-_2022-12-29T163557.546.jpg', '2022-12-27 13:37:49', 0, 12000, 'UBE221227133700', '', '0000-00-00'),
(478, 1, 'Dulcolactol Syrup 60ml', 'mengatasi konstipasi atau sembelit.', 13, 8, 2, 4, '18_22_50_download_-_2022-12-28T182236.032.jpg', '2022-12-27 13:38:32', 0, 77000, 'UBE221227133755', '', '0000-00-00'),
(479, 1, 'Lactulax Syrup 60ml', 'mengatasi konstipasi atau sembelit.', 13, 8, 1, 3, '16_50_57_download_-_2022-12-29T165035.976.jpg', '2022-12-27 13:39:26', 0, 54000, 'UBE221227133836', '', '0000-00-00'),
(481, 1, 'Minyak Angin Cap Kapak 28ml', 'membantu meredakan sakit kepala, mabuk perjalanan, pilek, nyeri akibat encok, keseleo dan terkilir.', 13, 8, 4, 13, '18_15_20_download_-_2022-12-29T181303.465.jpg', '2022-12-27 13:40:48', 0, 42000, 'UBE221227134009', '', '0000-00-00'),
(482, 1, 'Minyak Angin Cap Kapak 10ml', 'membantu meredakan sakit kepala, mabuk perjalanan, pilek, nyeri akibat encok, keseleo dan terkilir.', 13, 8, 5, 20, '18_13_19_download_-_2022-12-29T181303.465.jpg', '2022-12-27 13:41:11', 0, 18000, 'UBE221227134051', '', '0000-00-00'),
(483, 1, 'Minyak Angin Cap Kapak 14ml', 'membantu meredakan sakit kepala, mabuk perjalanan, pilek, nyeri akibat encok, keseleo dan terkilir.', 13, 8, 5, 0, '18_14_18_download_-_2022-12-29T181303.465.jpg', '2022-12-27 13:41:36', 0, 26000, 'UBE221227134116', '', '0000-00-00'),
(484, 1, 'Minyak Angin Cap Kapak 56ml', 'membantu meredakan sakit kepala, mabuk perjalanan, pilek, nyeri akibat encok, keseleo dan terkilir.', 13, 8, 2, 4, '18_15_45_download_-_2022-12-29T181303.465.jpg', '2022-12-27 13:42:08', 0, 76000, 'UBE221227134140', '', '0000-00-00'),
(485, 1, 'Sari Kurma Al-Jazira premium', 'meningkatkan daya tahan tubuh, stamina, dan vitalitas, membantu pemulihan sakit demam berdarah dan tipes, mengatasi anemia, lesu dan letih, serta menambah nafsu makan dan gizi pada ibu hamil, melahirkan, dan menyusui.', 16, 8, 1, 3, '16_54_54_download_-_2022-12-29T165445.990.jpg', '2022-12-27 13:43:53', 0, 30000, 'UBE221227134221', '', '0000-00-00'),
(486, 1, 'Madu Syamil Anak', 'membantu meningkatkan stamina dan daya tahan tubuh, meningkatkan nafsu makan, melancarkan pencernaan, mengurangi gejala batuk dan pilek, serta membantu pertumbuhan dan perkembangan anak.', 16, 8, 1, 0, '17_27_04_download_-_2022-12-29T172628.888.jpg', '2022-12-27 13:44:30', 0, 24000, 'UBE221227134356', '', '0000-00-00'),
(487, 1, 'Madu As-salamah 8 in 280gr', 'mengobati berbagai macam sakit pencernaan seperti maag, radang usus dan liver (gangguan hati) yang bermasalah.', 16, 8, 0, 2, '17_14_36_download_-_2022-12-29T171325.644.jpg', '2022-12-27 13:45:46', 0, 45000, 'UBE221227134438', '', '0000-00-00'),
(488, 1, 'Madu Gemuk Badan', 'Merangsang dan meningkatkan rasa nafsu makan.', 16, 8, 1, 0, '17_16_19_download_-_2022-12-29T171552.808.jpg', '2022-12-27 13:46:48', 0, 45000, 'UBE221227134552', '', '0000-00-00'),
(489, 1, 'Madu Al-shifa 250gr', 'Meredakan demam, batuk, pilek, sakit kepala, panas dalam, sariawan, bibir pecah-pecah, radang tenggorokan, amandel, menjaga kesehatan kulit, Nutrisi bergizi bagi ibu hamil dan menyusui.', 16, 8, 0, 3, '17_10_45_download_-_2022-12-29T171022.126.jpg', '2022-12-27 13:49:13', 0, 47000, 'UBE221227134721', '', '0000-00-00'),
(490, 1, 'Madu Angkak Al-fiat', 'membantu menurunkan kolesterol dan trigliserida. ', 16, 8, 0, 1, '17_11_48_download_-_2022-12-29T171128.764.jpg', '2022-12-27 13:50:19', 0, 33000, 'UBE221227134917', '', '0000-00-00'),
(491, 1, 'Madu Mago', 'membantu mengobati sakit maag,', 16, 8, 0, 1, '17_20_30_download_-_2022-12-29T172008.222.jpg', '2022-12-27 13:51:19', 0, 42000, 'UBE221227135027', '', '0000-00-00'),
(492, 1, 'Madu HNI Healt', 'Mempercepat pemulihan setelah sakit. Membantu mengeluarkan racun tubuh', 16, 8, 0, 1, '17_19_04_images_(32).jpg', '2022-12-27 13:52:29', 0, 72000, 'UBE221227135123', '', '0000-00-00'),
(493, 1, 'Madu Syamil Herbal', 'embantu meningkatkan stamina dan daya tahan tubuh, meningkatkan nafsu makan, melancarkan pencernaan, mengurangi gejala batuk dan pilek, serta membantu pertumbuhan ', 16, 8, 1, 6, '17_33_50_download_-_2022-12-29T172633.224.jpg', '2022-12-27 13:53:18', 0, 30000, 'UBE221227135235', '', '0000-00-00'),
(494, 1, 'Madu As-salamah 4 in 350gr', 'mengobati berbagai macam sakit pencernaan seperti maag, radang usus dan liver (gangguan pada hati) Yang bermasalah.', 16, 8, 0, 0, '17_14_15_download_-_2022-12-29T171355.084.jpg', '2022-12-27 13:56:40', 0, 0, 'UBE221227135333', '', '0000-00-00'),
(495, 1, 'Sari Kurma Al-Jazira ', 'meningkatkan daya tahan tubuh, stamina, dan vitalitas, membantu pemulihan sakit demam berdarah dan tipes', 16, 8, 0, 11, '16_54_29_download_-_2022-12-29T165418.126.jpg', '2022-12-27 13:57:58', 0, 25000, 'UBE221227135644', '', '0000-00-00'),
(496, 1, 'Silex Syrup', 'membantu meredakan batuk berdahak, membantu melegakan tenggorokan dan pilek.', 16, 8, 2, 16, '16_43_43_download_-_2022-12-29T164335.389.jpg', '2022-12-27 13:58:52', 0, 87000, 'UBE221227135823', '', '0000-00-00'),
(497, 1, 'Feminine Comfort Ungu', 'mencegah infeksi vagina, gatal, pembengkakan, nyeri sewaktu menstuarsi dan bau tidak sedap.', 18, 16, 1, 3, '20_14_44_download_-_2022-12-28T201419.144.jpg', '2022-12-27 14:00:28', 0, 36000, 'UBE221227135857', '', '0000-00-00'),
(498, 1, 'Feminine Comfort Hijau', 'mencegah infeksi vagina, gatal, pembengkakan, nyeri sewaktu menstuarsi dan bau tidak sedap.', 18, 16, 1, 6, '20_13_47_download_-_2022-12-28T201322.872.jpg', '2022-12-27 14:01:18', 0, 32000, 'UBE221227140031', '', '0000-00-00'),
(499, 1, 'Feminine Comfort Biru', 'mencegah infeksi vagina, gatal, pembengkakan, nyeri sewaktu menstuarsi dan bau tidak sedap.', 18, 16, 1, 2, '20_14_16_download_-_2022-12-28T201352.032.jpg', '2022-12-27 14:01:44', 0, 36000, 'UBE221227140123', '', '0000-00-00'),
(500, 1, 'Madu Jasmine Cap Balita 30ml', ' membantu pertumbuhan dan meningkatkan kecerdasan otak anak.', 16, 8, 1, 4, NULL, '2022-12-27 14:02:30', 0, 12000, 'UBE221227140149', '', '0000-00-00'),
(501, 1, 'OBM (Obat Batuk Madu)', 'Membantu meredakan batuk, meredakan dana melegakan tenggorokan', 16, 8, 1, 5, '19_00_55_download_-_2022-12-29T185926.597.jpg', '2022-12-27 14:07:04', 0, 22000, 'UBE221227140237', '', '0000-00-00'),
(502, 1, 'Garlic Oil 77 500mg', 'Membantu menurunkan tekanan darah, kadar lemak jahat dalam darah, melindungi tubuh dari infeksi,dan membantu fungsi pencernaan.', 16, 8, 0, 4, '20_35_14_download_-_2022-12-28T203453.067.jpg', '2022-12-27 14:09:19', 0, 38000, 'UBE221227140708', '', '0000-00-00'),
(503, 1, 'Hufagrip Forte Tablet', 'mengatasi gejala flu seperti demam, sakit kepala, bersin-bersin, dan hidung tersumbat yang disertai batuk. Menurunkan demam dan meringankan gejala-gejala batuk, pilek yang menyertai influenza.', 14, 10, 20, 33, '15_12_25_download_-_2022-12-29T151157.697.jpg', '2022-12-27 14:12:54', 0, 8000, 'UBE221227141148', '', '0000-00-00'),
(504, 1, 'Dextral Tablet', 'membantu Anda mengatasi keluhan batuk dan pilek.', 14, 10, 20, 0, '18_13_55_download_-_2022-12-28T181329.197.jpg', '2022-12-27 14:13:48', 0, 8000, 'UBE221227141305', '', '0000-00-00'),
(505, 1, 'Andalan Fe Pil KB ', 'mencegah pertemuan antara sel sperma dan sel telur. Pil ini membuat carian vagina menjadi kental sehingga sulit dilalui oleh sperma.', 15, 10, 10, 46, '15_11_47_download_(32).jpg', '2022-12-27 14:14:41', 0, 11000, 'UBE221227141353', '', '0000-00-00'),
(506, 1, 'Becom- C Tablet', 'membantu memenuhi kebutuhan multivitamin pada masa pertumbuhan dan selama masa penyembuhan.', 13, 10, 5, 19, '15_41_39_download_(60).jpg', '2022-12-27 14:15:38', 0, 23000, 'UBE221227141447', '', '0000-00-00'),
(507, 1, 'Nalgestan Tablet', 'Meringankan bersin dan hidung tersumbat karena pilek.', 14, 10, 10, 69, '18_59_52_download_-_2022-12-29T185937.049.jpg', '2022-12-27 14:17:13', 0, 12000, 'UBE221227141543', '', '0000-00-00'),
(508, 1, 'Tera- F Tablet', 'Mengatasi gejala influenza seperti demam, sakit kepala,bersin-bersin dan hidung tersumbat yang disertai batuk.', 14, 10, 10, 30, '16_21_46_download_(87).jpg', '2022-12-27 14:18:45', 0, 8000, 'UBE221227141719', '', '0000-00-00'),
(509, 1, 'Flutamol Tablet', 'meringankan gejala flu seperti demam, sakit kepala, hidung tersumbat, dan batuk.', 14, 10, 10, 57, '20_24_00_download_-_2022-12-28T202340.154.jpg', '2022-12-27 14:20:13', 0, 10000, 'UBE221227141850', '', '0000-00-00'),
(510, 1, 'Becom- Zet Tablet', 'Membantu memenuhi kebutuhan zinc dan berbagai vitamin yang diperlukan oleh tubuh', 13, 10, 10, 26, '15_42_14_download_(61).jpg', '2022-12-27 14:21:39', 0, 32000, 'UBE221227142018', '', '0000-00-00'),
(511, 1, 'Alpara Tablet', 'meringankan gejala flu seperti demam, sakit kepala, hidung tersumbat, dan batuk.', 14, 10, 30, 77, '14_59_07_download_(18).jpg', '2022-12-27 14:23:06', 0, 13000, 'UBE221227142145', '', '0000-00-00'),
(512, 1, 'Flucadex Tablet', 'meringankan gejala flu seperti demam, sakit kepala, hidung tersumbat, dan batuk.', 14, 10, 20, 23, '20_22_16_download_-_2022-12-28T202153.284.jpg', '2022-12-27 14:23:34', 0, 12000, 'UBE221227142311', '', '0000-00-00'),
(513, 1, 'Bromifar Plus Tablet', 'Meredakan batuk produktif dan memudahkan pengeluaran dahak', 14, 10, 5, 10, '16_36_54_download_-_2022-12-28T163625.760.jpg', '2022-12-27 14:25:16', 0, 4000, 'UBE221227142338', '', '0000-00-00'),
(514, 1, 'Molex Flu Tablet ', 'mengatasi gejala flu sperti demam, sakit kepala, hidung tersumbat,dan bersin-bersin.', 14, 10, 20, 44, '18_43_27_download_-_2022-12-29T184309.073.jpg', '2022-12-27 14:27:02', 0, 12000, 'UBE221227142527', '', '0000-00-00'),
(515, 1, 'Andalan Pil KB', 'Mencegah kehamilan pada wanita, dan mencegah kehamilan pada wanita pasca menopause', 15, 10, 10, 47, '15_13_15_download_(34).jpg', '2022-12-27 14:28:16', 0, 10000, 'UBE221227142707', '', '0000-00-00'),
(516, 1, 'Grantusif Tablet', 'mengobati batuk yang disertai alergi', 14, 10, 20, 31, '12_15_48_download_-_2022-12-29T121145.240.jpg', '2022-12-27 14:29:01', 0, 8000, 'UBE221227142822', '', '0000-00-00'),
(517, 1, 'Microlax Gel', 'pencahar untuk sulit buang air besar', 13, 9, 6, 6, '18_02_09_download_-_2022-12-29T180144.522.jpg', '2022-12-27 14:30:24', 0, 25000, 'UBE221227142906', '', '0000-00-00'),
(518, 1, 'Rohto Cool Tetes Mata', 'Membantu meredakan mata merah akibat iritasi ringan', 14, 8, 5, 6, '17_07_10_download_-_2022-12-29T170701.732.jpg', '2022-12-27 14:32:27', 0, 18000, 'UBE221227143103', '', '0000-00-00'),
(519, 1, 'Rohto Tetes Mata', 'Membantu meredakan mata merah akibat iritasi ringan', 14, 8, 5, 10, '17_07_40_download_-_2022-12-29T170731.541.jpg', '2022-12-27 14:33:27', 0, 13000, 'UBE221227143232', '', '0000-00-00'),
(520, 1, 'GOM', 'Untuk obat kumur dan dapat dioleskan pada rongga mulut untuk membantu mengatasi sariawan.', 13, 8, 5, 5, '12_15_06_download_-_2022-12-29T121112.113.jpg', '2022-12-27 14:34:53', 0, 5000, 'UBE221227143331', '', '0000-00-00'),
(521, 1, 'Gentian VIolet', 'Untuk membersihkan dan menjaga kesehatan rongga mulut', 13, 8, 5, 17, '12_00_43_download_-_2022-12-29T120023.209.jpg', '2022-12-27 14:36:50', 0, 5000, 'UBE221227143459', '', '0000-00-00'),
(522, 1, 'Insto Reguler', 'meringankan mata merah yang disebakan oleh iritasi ringan', 14, 8, 5, 11, '15_51_19_download_-_2022-12-29T155052.200.jpg', '2022-12-27 14:38:44', 0, 15000, 'UBE221227143700', '', '0000-00-00'),
(523, 1, 'Kuldon Tablet', 'membantu meredakan panas dalam yang disertai sariawan,tenggorokan kering, bau mulut, dan melancarkan buang air besar', 16, 10, 3, 50, '16_48_12_download_-_2022-12-29T164757.368.jpg', '2022-12-27 14:40:24', 0, 3000, 'UBE221227143848', '', '0000-00-00'),
(524, 1, 'Paracetamol 500mg Tablet', 'meredakan nyeri ringan hingga sedang seperti, sakit kepala, sakit gigi,nyeri otot,serta menurunkan demam', 13, 10, 20, 34, '18_33_47_download_-_2022-12-29T183254.319.jpg', '2022-12-27 14:43:18', 0, 8000, 'UBE221227144038', '', '0000-00-00'),
(525, 1, 'Farsifen Plus Tablet', 'meringankan rasa nyeri pada sakit kepala, nyeri otot, sakit gigi,nyeri haid,dan menurunkan demam', 14, 10, 10, 42, '19_04_29_download_-_2022-12-28T190401.132.jpg', '2022-12-27 14:44:58', 0, 8000, 'UBE221227144331', '', '0000-00-00'),
(526, 1, 'Paratusin Tablet', 'meredakan gejala flu seperti demam, sakit kepala, hidung tersumbat,dan bersin-bersin', 14, 10, 10, 0, '18_26_12_download_-_2022-12-29T182345.133.jpg', '2022-12-27 14:46:45', 0, 18000, 'UBE221227144503', '', '0000-00-00'),
(527, 1, 'Alleron Tablet', 'meredakan gejala alergi gatal-gatal karena gigitan serangga, alergi eksema, dan alergi dermatitis', 14, 10, 20, 78, '14_53_22_download_(11).jpg', '2022-12-27 14:47:57', 0, 3000, 'UBE221227144651', '', '0000-00-00'),
(528, 1, 'Paranervion Tablet', 'meringankan rasa sakit akibat neuritis dan neuralgia ', 13, 10, 10, 34, '18_25_31_images_(11).jpg', '2022-12-27 14:59:57', 0, 12000, 'UBE221227144801', '', '0000-00-00'),
(529, 1, 'Sanmol Forte Tablet', 'meringankan rasa sakit pada sakit kepala, sakit gigi, dan menurunkan demam.', 13, 10, 5, 15, '16_52_49_download_-_2022-12-29T165240.079.jpg', '2022-12-27 15:01:02', 0, 3000, 'UBE221227150001', '', '0000-00-00'),
(530, 1, 'Venaron Caps', 'mengatasi gejala ambeien atau wasir', 16, 10, 10, 23, '15_11_49_download_(42).jpg', '2022-12-27 15:02:02', 0, 36000, 'UBE221227150106', '', '0000-00-00'),
(531, 1, 'Folavit Tablet', 'memenuhi kebutuhan asam folat', 13, 10, 10, 15, '20_26_26_download_-_2022-12-28T202604.320.jpg', '2022-12-27 15:03:06', 0, 13000, 'UBE221227150207', '', '0000-00-00'),
(532, 1, 'Neurodex Tablet', 'Untuk pengobatan kekurangan vitamin B1,B6,dan B12', 13, 10, 12, 38, '19_20_04_images_(44).jpg', '2022-12-27 15:04:18', 0, 12000, 'UBE221227150311', '', '0000-00-00'),
(533, 1, 'Fasidol Kaplet', 'Mengatasi demam dan sebagai pereda nyeri seperti sakit kepala, sakit gigi, dan nyeri ringan lainnya', 13, 10, 10, 39, '19_27_44_download_-_2022-12-28T192720.641.jpg', '2022-12-27 15:05:45', 0, 7000, 'UBE221227150425', '', '0000-00-00'),
(534, 1, 'Mirasic Forte', 'meringankan rasa sakit pada sakit kepala, sakit gigi, dan menurunkan demam.', 13, 10, 10, 19, '18_38_38_download_-_2022-12-29T183527.663.jpg', '2022-12-27 15:06:20', 0, 10000, 'UBE221227150550', '', '0000-00-00'),
(535, 1, 'Fasidol Plus Tablet', 'meringankan rasa sakit pada sakit kepala, sakit gigi, dan menurunkan demam.', 13, 10, 10, 7, '19_28_29_download_-_2022-12-28T192805.781.jpg', '2022-12-27 15:07:22', 0, 8000, 'UBE221227150624', '', '0000-00-00'),
(536, 1, 'Mirasic Kaplet', 'meringankan rasa sakit pada sakit kepala, sakit gigi, dan menurunkan demam.', 13, 10, 19, 28, '18_38_57_download_-_2022-12-29T183431.814.jpg', '2022-12-27 15:07:48', 0, 8000, 'UBE221227150728', '', '0000-00-00'),
(537, 1, 'Trifamol 650mg Tablet ', 'meringankan rasa sakit pada sakit kepala, sakit gigi, dan menurunkan demam.', 13, 10, 5, 17, '15_42_11_download_(62).jpg', '2022-12-27 15:08:09', 0, 8000, 'UBE221227150753', '', '0000-00-00'),
(538, 1, 'Gentamicin Salep Mata', 'mengobati infeksi-infeksi yang disebabkan oleh bakteri gram negatif, seperti Pseudomonas, Proteus, Serratia, dan Staphylococcus.', 15, 11, 2, 5, '20_39_48_download_-_2022-12-28T203843.697.jpg', '2022-12-27 15:10:15', 0, 50000, 'UBE221227150940', '', '0000-00-00'),
(539, 1, 'Cendo Xitrol', 'diindikasikan untuk kondisi inflamasi mata yang responsif terhadap steroid disertai infeksi bakteri atau adanya reaksi infeksi mata karena bakteri.', 15, 8, 3, 6, '17_30_18_download_-_2022-12-28T172951.553.jpg', '2022-12-27 15:10:56', 0, 38000, 'UBE221227151018', '', '0000-00-00'),
(540, 1, 'Vital Tetes Telinga', 'ebagai antiseptik rongga telinga', 13, 8, 5, 11, '15_09_34_download_(39).jpg', '2022-12-27 15:11:38', 0, 17000, 'UBE221227151100', '', '0000-00-00'),
(541, 1, 'Erlamycetin Tetes Telinga', 'mengobati infeksi pada telinga ataupun saluran telinga.', 15, 8, 3, 9, '18_42_26_download_-_2022-12-28T184211.108.jpg', '2022-12-27 15:12:31', 0, 13000, 'UBE221227151144', '', '0000-00-00'),
(542, 1, 'Erlamycetin Tetes Mata', 'pengobatan irittis, uvetis,konjungtivitis', 15, 8, 3, 0, '18_41_41_download_-_2022-12-28T184110.405.jpg', '2022-12-27 15:14:52', 0, 0, 'UBE221227151235', '', '0000-00-00'),
(543, 1, 'Cendo Lyteers', 'menyejukan mata kering akibat kekurangan sekresi air mata atau teriritasi kondi lingkungan', 13, 8, 3, 7, '17_29_38_download_-_2022-12-28T172924.722.jpg', '2022-12-27 15:16:31', 0, 30000, 'UBE221227151501', '', '0000-00-00'),
(544, 1, 'Obat Sakit GIgi Cap Kaka Tua', 'meredakan sakit gigi, gusi yang bengkak, serta membersihkan gigi dari kuman-kuman', 16, 8, 3, 0, '19_11_01_download_-_2022-12-29T190438.016.jpg', '2022-12-27 15:17:50', 0, 14000, 'UBE221227151636', '', '0000-00-00'),
(545, 1, 'Erlamycetin Plus Tetes Mata', 'untuk mengatasi infeksi bakteri pada daerah mata', 15, 8, 3, 7, '18_35_52_download_-_2022-12-28T183530.302.jpg', '2022-12-27 15:19:04', 0, 22000, 'UBE221227151801', '', '0000-00-00'),
(546, 1, 'Omeproz ', 'suplemen makanan dengan kandungan omega 3, omega 6, omega 9, DHA, EPA, dan vitamin E yang membantu mengurangi lemak darah.', 16, 8, 1, 2, '19_03_35_download_-_2022-12-29T190217.378.jpg', '2022-12-27 17:50:05', 0, 133000, 'UBE221227174934', '', '0000-00-00'),
(547, 1, 'Herbakof 100ml', 'Membantu meredakan batuk dan melegakan tenggorokan', 16, 8, 1, 1, '13_08_27_download_-_2022-12-29T124532.877.jpg', '2022-12-27 17:50:53', 0, 24000, 'UBE221227175010', '', '0000-00-00'),
(548, 1, 'Reliable Pump Terompet', 'meniru tindakan mengisap bayi menyusui. Gelas, atau pelindung payudara, diletakkan di atas puting dan kemudian ibu memompa pegangan untuk membuat ruang hampa di payudara sehingga merangsang aliran ASI, yang kemudian dialirkan ke dalam wadah plastik atau b', 18, 16, 0, 1, '17_15_07_download_-_2022-12-29T171443.953.jpg', '2022-12-27 17:52:56', 0, 18000, 'UBE221227175103', '', '0000-00-00'),
(549, 1, 'Reliable Breats Pads 125mm', ' alat bantu agar ASI tidak sampai rembes hingga ke pakaian.', 18, 16, 0, 2, '17_14_52_download_-_2022-12-29T171417.128.jpg', '2022-12-27 17:54:01', 0, 51000, 'UBE221227175300', '', '0000-00-00'),
(550, 1, 'Minyak Tawon cc', 'membantu meredakan nyeri sendi, sakit gigi, bisul, sakit kepala, kudis, panu, gatal-gatal akibat digigit serangga, muntah, sakit perut dan batuk.', 13, 8, 3, 10, '18_26_56_download_-_2022-12-29T182522.334.jpg', '2022-12-27 17:54:56', 0, 25000, 'UBE221227175411', '', '0000-00-00'),
(551, 1, 'Minyak Tawon DD', 'membantu meredakan nyeri sendi, sakit gigi, bisul, sakit kepala, kudis, panu, gatal-gatal akibat digigit serangga, muntah, sakit perut dan batuk.', 13, 8, 5, 23, '18_27_21_download_-_2022-12-29T182537.615.jpg', '2022-12-27 17:55:18', 0, 35000, 'UBE221227175500', '', '0000-00-00'),
(552, 1, 'Minyak Tawon FF', 'membantu meredakan nyeri sendi, sakit gigi, bisul, sakit kepala, kudis, panu, gatal-gatal akibat digigit serangga, muntah, sakit perut dan batuk.', 13, 8, 2, 4, '18_28_53_images_(40).jpg', '2022-12-27 17:55:48', 0, 67000, 'UBE221227175528', '', '0000-00-00'),
(553, 1, 'Minyak Tawon EE', 'membantu meredakan nyeri sendi, sakit gigi, bisul, sakit kepala, kudis, panu, gatal-gatal akibat digigit serangga, muntah, sakit perut dan batuk.', 13, 8, 2, 3, '18_27_46_download_-_2022-12-29T182549.198.jpg', '2022-12-27 17:56:11', 0, 48000, 'UBE221227175552', '', '0000-00-00'),
(554, 1, 'Minyak Telon My Baby 90ml', 'Membantu meredakan perut kembung dan masuk angin. Mermberikan rasa hangat dan nyaman pada tubuh bayi. Membantu menghindari bayi dari gigitan serangga dan nyamuk.', 13, 8, 3, 4, '18_31_00_download_-_2022-12-29T182911.323.jpg', '2022-12-27 17:57:16', 0, 26000, 'UBE221227175618', '', '0000-00-00'),
(555, 1, 'Minyak Telon My Baby 60ml', '', 13, 8, 4, 6, '18_30_38_download_-_2022-12-29T182911.323.jpg', '2022-12-27 17:57:52', 0, 18000, 'UBE221227175720', '', '0000-00-00'),
(556, 1, 'Minyak Telon My Baby 150ml', 'Membantu meredakan perut kembung dan masuk angin. Mermberikan rasa hangat dan nyaman pada tubuh bayi. Membantu menghindari bayi dari gigitan serangga dan nyamuk.', 13, 8, 2, 4, '18_30_15_download_-_2022-12-29T182911.323.jpg', '2022-12-27 17:58:20', 0, 37000, 'UBE221227175757', '', '0000-00-00'),
(557, 1, 'Konicare Minyak Kayu Putih 30ml', 'Membantu menghangatkan badan dan membantu meredakan gejala masuk angi', 13, 8, 1, 7, '16_37_23_download_-_2022-12-29T163652.330.jpg', '2022-12-27 17:59:09', 0, 14000, 'UBE221227175828', '', '0000-00-00'),
(558, 1, 'Konicare Minyak Telon Plus Lavender 60ml', ' membantu meredakan perut kembung serta memberikan rasa hangat pada tubuh bayi dan membantu menghindari dari gigitan nyamuk', 13, 8, 2, 5, '16_43_27_download_-_2022-12-29T164106.286.jpg', '2022-12-27 18:00:27', 0, 26000, 'UBE221227175913', '', '0000-00-00'),
(559, 1, 'Konicare Minyak Telon Plus Lavender 30ml', ' membantu meredakan perut kembung serta memberikan rasa hangat pada tubuh bayi dan membantu menghindari dari gigitan nyamuk', 13, 8, 2, 5, '16_42_40_download_-_2022-12-29T164106.286.jpg', '2022-12-27 18:02:55', 0, 16000, 'UBE221227180031', '', '0000-00-00'),
(560, 1, 'Konicare Minyak Kayu Putih 60ml', ' membantu meredakan perut kembung serta memberikan rasa hangat pada tubuh bayi dan membantu menghindari dari gigitan nyamuk', 13, 8, 1, 5, '16_37_50_download_-_2022-12-29T163652.330.jpg', '2022-12-27 18:10:56', 0, 24000, 'UBE221227181013', '', '0000-00-00'),
(561, 1, 'Konicare Minyak Telon Plus 60ml', ' membantu meredakan perut kembung serta memberikan rasa hangat pada tubuh bayi dan membantu menghindari dari gigitan nyamuk', 13, 8, 1, 1, '16_42_06_download_-_2022-12-29T163949.351.jpg', '2022-12-27 18:11:36', 0, 24000, 'UBE221227181059', '', '0000-00-00'),
(562, 1, 'Konicare Minyak Telon 60ml', ' membantu meredakan perut kembung serta memberikan rasa hangat pada tubuh bayi dan membantu menghindari dari gigitan nyamuk', 13, 8, 1, 4, '16_39_33_download_-_2022-12-29T163821.400.jpg', '2022-12-27 18:12:10', 0, 23000, 'UBE221227181140', '', '0000-00-00'),
(563, 1, 'Konicare Minyak Telon 30ml', ' membantu meredakan perut kembung serta memberikan rasa hangat pada tubuh bayi dan membantu menghindari dari gigitan nyamuk', 13, 8, 1, 4, '16_39_11_download_-_2022-12-29T163821.400.jpg', '2022-12-27 18:12:44', 0, 14000, 'UBE221227181215', '', '0000-00-00'),
(564, 1, 'Kanna Soft Cream 15gr', 'kulit kering, kasar dan pecah-pecah', 13, 8, 0, 1, '16_17_41_download_-_2022-12-29T161704.571.jpg', '2022-12-27 18:14:36', 0, 10000, 'UBE221227181336', '', '0000-00-00'),
(565, 1, 'Balsem Lang 20gr', 'Membantu meredakan pusing, masuk angin, pegal-pegal, nyeri sendi, keseleo, melegakan pernapasan, mabuk perjalanan dan gatal-gatal karena gigitan serangga.', 13, 12, 2, 0, '15_36_27_download_(54).jpg', '2022-12-27 18:15:16', 0, 10000, 'UBE221227181444', '', '0000-00-00'),
(566, 1, 'Balsem Lang 10gr', 'Membantu meredakan pusing, masuk angin, pegal-pegal, nyeri sendi, keseleo, melegakan pernapasan, mabuk perjalanan dan gatal-gatal karena gigitan serangga.', 13, 12, 1, 2, '15_36_08_download_(54).jpg', '2022-12-27 18:16:03', 0, 5000, 'UBE221227181522', '', '0000-00-00'),
(567, 1, 'Balsem Lang 40gr', 'Membantu meredakan pusing, masuk angin, pegal-pegal, nyeri sendi, keseleo, melegakan pernapasan, mabuk perjalanan dan gatal-gatal karena gigitan serangga.', 13, 12, 1, 2, '15_36_45_download_(54).jpg', '2022-12-27 18:16:29', 0, 20000, 'UBE221227181608', '', '0000-00-00'),
(568, 1, 'Balsem Otot Geliga 20gr', 'membantu meredakan nyeri otot dan sendi seperti nyeri akibat pukulan/memar, keseleo dan nyeri otot punggung.', 13, 12, 2, 3, '15_38_01_download_(54).jpg', '2022-12-27 18:17:41', 0, 10000, 'UBE221227181702', '', '0000-00-00'),
(569, 1, 'Balsem Otot Geliga 10gr', 'membantu meredakan nyeri otot dan sendi seperti nyeri akibat pukulan/memar, keseleo dan nyeri otot punggung.', 13, 12, 2, 4, '15_37_41_download_(55).jpg', '2022-12-27 18:18:47', 0, 5000, 'UBE221227181745', '', '0000-00-00'),
(570, 1, 'Balsem Otot Geliga 40gr', 'membantu meredakan nyeri otot dan sendi seperti nyeri akibat pukulan/memar, keseleo dan nyeri otot punggung.', 13, 12, 2, 6, '15_38_18_download_(55).jpg', '2022-12-27 18:19:11', 0, 20000, 'UBE221227181854', '', '0000-00-00'),
(571, 1, 'Krim Otot Geliga 30gr', 'membantu meredakan nyeri otot dan sendi seperti nyeri akibat pukulan/memar, keseleo dan nyeri otot punggung. ', 13, 11, 1, 0, '19_55_09_download_-_2022-12-30T195444.390.jpg', '2022-12-27 18:20:12', 0, 10000, 'UBE221227181920', '', '0000-00-00'),
(572, 1, 'Krim Otot Geliga 60gr', 'membantu meredakan nyeri otot dan sendi seperti nyeri akibat pukulan/memar, keseleo dan nyeri otot punggung. ', 13, 11, 1, 0, '19_56_07_download_-_2022-12-30T195444.390.jpg', '2022-12-27 18:20:46', 0, 20000, 'UBE221227182024', '', '0000-00-00'),
(573, 1, 'Vicks Vaporub 50gr', 'meringankan gejala pilek dan batuk karena flu. Obat gosok untuk meringankan gejala pilek dan batuk karena flu.', 13, 12, 2, 5, '15_07_28_download_(35).jpg', '2022-12-27 18:21:53', 0, 35000, 'UBE221227182108', '', '0000-00-00'),
(574, 1, 'Vicks Vaporub 25gr', 'meringankan gejala pilek dan batuk karena flu. Obat gosok untuk meringankan gejala pilek dan batuk karena flu.', 13, 12, 3, 3, '15_07_11_download_(35).jpg', '2022-12-27 18:22:15', 0, 22000, 'UBE221227182158', '', '0000-00-00'),
(575, 1, 'Ammeltz Yokoyoko 48ml', 'meringankan gejala pilek dan batuk karena flu. Obat gosok untuk meringankan gejala pilek dan batuk karena flu.', 13, 8, 0, 1, '15_05_01_download_(24).jpg', '2022-12-27 18:23:16', 0, 33000, 'UBE221227182239', '', '0000-00-00'),
(576, 1, 'Molakrim 30gr', 'membantu meredakan nyeri otot terkilir dan nyeri akibat pukulan, memar, dan pegal linu.', 13, 11, 3, 9, '18_42_54_download_-_2022-12-29T184229.033.jpg', '2022-12-27 18:23:56', 0, 13000, 'UBE221227182320', '', '0000-00-00'),
(577, 1, 'Minyak Urut GPU 30ml', 'membantu meredakan pegal linu, nyeri sendi, sakit punggung, keseleo, memar dan memperlancar peredaran darah. Membantu meredakan pegal linu, nyeri sendi, sakit punggung, keseleo, memar dan memperlancar peredaran darah.', 13, 8, 2, 4, '18_31_46_download_-_2022-12-29T183123.953.jpg', '2022-12-27 18:25:24', 0, 11000, 'UBE221227182429', '', '0000-00-00'),
(579, 1, 'Plossa Red Hot', 'Membantu meredakan pegal-pegal, sakit kepala, gejala masuk angin, kembung dan mual.', 13, 11, 4, 0, '18_02_19_download_-_2022-12-29T180034.270.jpg', '2022-12-27 18:26:33', 0, 13000, 'UBE221227182614', '', '0000-00-00'),
(580, 1, 'Minyak Angin Fresh Care Strong', 'membantu meredakan perut kembung, pusing, masuk angin dan mabuk', 13, 8, 5, 9, '18_18_49_images_(37).jpg', '2022-12-27 18:27:42', 0, 14000, 'UBE221227182639', '', '0000-00-00'),
(581, 1, 'Minyak Angin Safe Care', 'membantu meredakan perut kembung, pusing, masuk angin dan mabuk', 13, 8, 5, 14, '18_19_48_download_-_2022-12-29T181916.644.jpg', '2022-12-27 18:28:01', 0, 18000, 'UBE221227182746', '', '0000-00-00'),
(582, 1, 'Minyak Angin Fresh Care Kayu Putih', 'membantu meredakan perut kembung, pusing, masuk angin dan mabuk', 13, 8, 4, 8, '18_18_26_images_(35).jpg', '2022-12-27 18:28:38', 0, 14000, 'UBE221227182808', '', '0000-00-00'),
(583, 1, 'Minyak Angin Fresh Care Greentea', 'membantu meredakan perut kembung, pusing, masuk angin dan mabuk', 13, 8, 4, 14, '18_18_02_images_(36).jpg', '2022-12-27 18:29:04', 0, 14000, 'UBE221227182842', '', '0000-00-00'),
(584, 1, 'Minyak Angin Fresh Care Citrus', 'membantu meredakan perut kembung, pusing, masuk angin dan mabuk', 13, 8, 4, 32, '18_16_25_download_-_2022-12-29T181614.526.jpg', '2022-12-27 18:29:28', 0, 14000, 'UBE221227182908', '', '0000-00-00'),
(585, 1, 'Vicks Inhaler', 'Melegakan hidung tersumbat karena pilek', 13, 7, 3, 0, '15_06_41_download_(34).jpg', '2022-12-27 18:30:10', 0, 18000, 'UBE221227182935', '', '0000-00-00'),
(586, 1, 'Callusol', 'ntuk mata ikan, kulit yang mengeras , kutil dan kalus (kapalan). Mata ikan, kulit yang mengeras , kutil dan kalus (kapalan).', 13, 8, 2, 3, '17_05_03_download_-_2022-12-28T170449.859.jpg', '2022-12-27 18:30:55', 0, 35000, 'UBE221227183018', '', '0000-00-00'),
(587, 1, 'Telon Lang Plus 100ml', ' untuk menghangatkan tubuh bayi, mencegah masuk angin, dan membantu meredakan perut kembung.', 16, 8, 2, 5, '16_15_14_download_(81).jpg', '2022-12-27 18:38:44', 0, 26000, 'UBE221227183429', '', '0000-00-00'),
(588, 1, 'Telon Lang Plus 60 ml', ' untuk menghangatkan tubuh bayi, mencegah masuk angin, dan membantu meredakan perut kembung.', 16, 8, 2, 1, '16_15_53_download_(81).jpg', '2022-12-27 18:41:01', 0, 0, 'UBE221227183957', '', '0000-00-00'),
(589, 1, 'Telon Lang Plus 30 ml', ' untuk menghangatkan tubuh bayi, mencegah masuk angin, dan membantu meredakan perut kembung.', 16, 8, 2, 3, '16_15_33_download_(81).jpg', '2022-12-27 18:42:28', 0, 9000, 'UBE221227184153', '', '0000-00-00'),
(590, 1, 'Telon Lang 30 ml', ' untuk menghangatkan tubuh bayi, mencegah masuk angin, dan membantu meredakan perut kembung.', 16, 8, 2, 1, '16_29_00_download_(95).jpg', '2022-12-27 18:43:10', 0, 10000, 'UBE221227184232', '', '0000-00-00'),
(591, 1, 'Telon Lang 100 ml', ' untuk menghangatkan tubuh bayi, mencegah masuk angin, dan membantu meredakan perut kembung.', 16, 8, 2, 4, '16_28_42_download_(95).jpg', '2022-12-27 18:44:00', 0, 27000, 'UBE221227184314', '', '0000-00-00'),
(592, 1, 'Telon Lang 60 ml', ' untuk menghangatkan tubuh bayi, mencegah masuk angin, dan membantu meredakan perut kembung.', 16, 8, 3, 0, '16_29_18_download_(95).jpg', '2022-12-27 18:44:40', 0, 17000, 'UBE221227184404', '', '0000-00-00'),
(594, 1, 'Hot In DCL 60gr', 'mengobati peradangan akibat trauma pada tendon, rematik jaringan lunak setempat dan penyakit rematik lokal.', 13, 11, 2, 4, '13_22_54_images_(22).jpg', '2022-12-27 18:46:43', 0, 19000, 'UBE221227184549', '', '0000-00-00'),
(595, 1, 'Hot In Strong Botol ', 'mengobati peradangan akibat trauma pada tendon, rematik jaringan lunak setempat dan penyakit rematik lokal.', 13, 8, 3, 12, '13_21_21_images_(21).jpg', '2022-12-27 18:47:18', 0, 27000, 'UBE221227184647', '', '0000-00-00'),
(596, 1, 'Hot In Cream Aromaterapy Salep 120gr', 'mengobati peradangan akibat trauma pada tendon, rematik jaringan lunak setempat dan penyakit rematik lokal.', 13, 11, 2, 1, '13_17_10_images_(16).jpg', '2022-12-27 18:48:00', 0, 30000, 'UBE221227184723', '', '0000-00-00'),
(597, 1, 'Hot In Cream Strong Salep 120gr', 'mengobati peradangan akibat trauma pada tendon, rematik jaringan lunak setempat dan penyakit rematik lokal.', 13, 11, 2, 7, '13_20_39_images_(20).jpg', '2022-12-27 18:48:24', 0, 30000, 'UBE221227184804', '', '0000-00-00'),
(598, 1, 'Hot In Cream Strong Salep 60gr', 'mengobati peradangan akibat trauma pada tendon, rematik jaringan lunak setempat dan penyakit rematik lokal.', 13, 11, 2, 5, '13_20_59_images_(19).jpg', '2022-12-27 18:48:50', 0, 19000, 'UBE221227184828', '', '0000-00-00'),
(599, 1, 'Hot In Cream Salep 120gr', 'mengobati peradangan akibat trauma pada tendon, rematik jaringan lunak setempat dan penyakit rematik lokal.', 13, 11, 2, 5, '13_18_47_images.png', '2022-12-27 18:49:35', 0, 30000, 'UBE221227184854', '', '0000-00-00'),
(600, 1, 'Hot In Cream Salep 60gr', 'mengobati peradangan akibat trauma pada tendon, rematik jaringan lunak setempat dan penyakit rematik lokal.', 13, 11, 2, 6, '13_19_23_images_(18).jpg', '2022-12-27 18:53:45', 0, 19000, 'UBE221227184939', '', '0000-00-00'),
(601, 1, 'Minyak Urut GPU 60ml', 'meredakan pegal linu, nyeri sendi, sakit punggung, keseleo, memar dan memperlancar peredaran darah. Membantu meredakan pegal linu, nyeri sendi, sakit punggung, keseleo, memar dan memperlancar peredaran darah.', 13, 8, 3, 12, '18_32_07_download_-_2022-12-29T183123.953.jpg', '2022-12-27 18:54:50', 0, 18000, 'UBE221227185349', '', '0000-00-00'),
(602, 1, 'Minyak Zaitun Al-arobi 285ml', 'memelihara kesehatan serta kebersihan gigi dan mulut. Selain itu, berkumur dengan minyak zaitun secara rutin juga dapat mencegah dan mengatasi bau mulut.', 13, 8, 1, 2, '18_32_50_download_-_2022-12-29T183230.344.jpg', '2022-12-27 18:55:50', 0, 53000, 'UBE221227185509', '', '0000-00-00'),
(603, 1, 'Minyak Zaitun Herborist  (K)', 'memelihara kesehatan serta kebersihan gigi dan mulut. Selain itu, berkumur dengan minyak zaitun secara rutin juga dapat mencegah dan mengatasi bau mulut.', 13, 8, 2, 0, '18_33_41_download_-_2022-12-29T183311.465.jpg', '2022-12-27 19:25:18', 0, 22000, 'UBE221227185556', '', '0000-00-00');
INSERT INTO `product` (`product_id`, `store_id`, `product_name`, `product_description`, `category_id`, `unit_id`, `product_countlimit`, `product_stock`, `product_picture`, `product_datetime`, `product_buy`, `product_sell`, `product_ube`, `product_batch`, `product_expiredate`) VALUES
(604, 1, 'Minyak Zaitun Herborist (B)', 'memelihara kesehatan serta kebersihan gigi dan mulut. Selain itu, berkumur dengan minyak zaitun secara rutin juga dapat mencegah dan mengatasi bau mulut.', 13, 8, 2, 3, '18_34_08_download_-_2022-12-29T183311.465.jpg', '2022-12-27 19:26:08', 0, 30000, 'UBE221227192528', '', '0000-00-00'),
(605, 1, 'Hot In Cream Aromaterapy Botol 120gr', 'mengatasi capek, pegal, dan nyeri otot yang mengganggu aktivitas harian, masuk angin, perut kembung dan sakit kepala. ', 13, 8, 3, 0, '13_16_26_images_(15).jpg', '2022-12-27 19:27:59', 0, 25000, 'UBE221227192622', '', '0000-00-00'),
(606, 1, 'Hot In Cream Botol 120gr', 'mengatasi capek, pegal, dan nyeri otot yang mengganggu aktivitas harian, masuk angin, perut kembung dan sakit kepala. ', 13, 8, 3, 7, '13_18_20_images_(17).jpg', '2022-12-27 19:28:59', 0, 25000, 'UBE221227192807', '', '0000-00-00'),
(607, 1, 'VCO 250ml', ' mengatasi beberapa masalah gigi seperti plak dan halitosis. ', 13, 8, 1, 0, '15_28_32_download_(56).jpg', '2022-12-27 19:29:50', 0, 45000, 'UBE221227192908', '', '0000-00-00'),
(608, 1, 'VCO 125ml', ' mengatasi beberapa masalah gigi seperti plak dan halitosis. ', 13, 8, 1, 1, '15_28_15_download_(56).jpg', '2022-12-27 19:30:07', 0, 25000, 'UBE221227192954', '', '0000-00-00'),
(609, 1, 'Minyak Kayu Putih 60ml', 'Membantu meredakan masuk angin, perut kembung, rasa mual, pusing, sakit kepala, gatal-gatal karena gigitan serangga atau nyamuk ', 13, 8, 5, 16, '18_23_42_images_(38).jpg', '2022-12-27 19:31:15', 0, 23000, 'UBE221227193035', '', '0000-00-00'),
(610, 1, 'Minyak Kayu Putih 120ml', 'Membantu meredakan masuk angin, perut kembung, rasa mual, pusing, sakit kepala, gatal-gatal karena gigitan serangga atau nyamuk ', 13, 8, 5, 1, '18_21_40_images_(38).jpg', '2022-12-27 19:31:40', 0, 43000, 'UBE221227193119', '', '0000-00-00'),
(611, 1, 'Minyak Kayu Putih 210ml', 'Membantu meredakan masuk angin, perut kembung, rasa mual, pusing, sakit kepala, gatal-gatal karena gigitan serangga atau nyamuk ', 13, 8, 2, 3, '18_22_46_images_(38).jpg', '2022-12-27 19:32:02', 0, 67000, 'UBE221227193144', '', '0000-00-00'),
(612, 1, 'Minyak Kayu Putih 30ml', 'Membantu meredakan masuk angin, perut kembung, rasa mual, pusing, sakit kepala, gatal-gatal karena gigitan serangga atau nyamuk ', 13, 8, 5, 12, '18_23_12_images_(38).jpg', '2022-12-27 19:32:20', 0, 12000, 'UBE221227193205', '', '0000-00-00'),
(613, 1, 'Minyak Kayu Putih 15ml', 'Membantu meredakan masuk angin, perut kembung, rasa mual, pusing, sakit kepala, gatal-gatal karena gigitan serangga atau nyamuk ', 13, 8, 5, 17, '18_22_10_images_(38).jpg', '2022-12-27 19:33:19', 0, 7000, 'UBE221227193224', '', '0000-00-00'),
(614, 1, 'Medicated Oil 20ml', 'membantu meredakan sakit kepala, perut kembung, mual dan gatal akibat gigitan serangga, juga meredakan pegal-pegal dan nyeri otot.', 13, 8, 3, 4, '17_42_50_download_-_2022-12-29T174224.755.jpg', '2022-12-27 19:34:20', 0, 28000, 'UBE221227193339', '', '0000-00-00'),
(615, 1, 'Medicated Oil 40ml', 'membantu meredakan sakit kepala, perut kembung, mual dan gatal akibat gigitan serangga, juga meredakan pegal-pegal dan nyeri otot.', 13, 8, 3, 0, '17_43_14_download_-_2022-12-29T174224.755.jpg', '2022-12-27 19:34:39', 0, 0, 'UBE221227193424', '', '0000-00-00'),
(616, 1, 'Minyak Sereh Sitronela 60ml', 'untuk mengobati luka dan mencegah infeksi. Mampu membunuh jamur.Mencegah peradangan. ', 13, 8, 2, 3, '18_24_47_download_-_2022-12-29T182418.960.jpg', '2022-12-27 19:38:00', 0, 13000, 'UBE221227193443', '', '0000-00-00'),
(617, 1, 'Plossa Biru', 'membantu meredakan pegal-pegal, sakit kepala, gejala masuk angin, kembung dan mual.', 13, 11, 3, 5, '18_01_45_download_-_2022-12-29T180037.479.jpg', '2022-12-27 19:38:57', 0, 13000, 'UBE221227193827', '', '0000-00-00'),
(618, 1, 'Plossa Hijau', 'membantu meredakan pegal-pegal, sakit kepala, gejala masuk angin, kembung dan mual.', 13, 11, 3, 3, '18_02_03_download_-_2022-12-29T180048.038.jpg', '2022-12-27 19:39:18', 0, 13000, 'UBE221227193902', '', '0000-00-00'),
(619, 1, 'Teh Jati Cina', ' kesehatan pencernaan. ', 16, 7, 1, 2, '16_27_06_images_(3).jpg', '2022-12-27 19:40:07', 0, 7000, 'UBE221227193935', '', '0000-00-00'),
(620, 1, 'Salonpas Koyo Panas', 'mambantu meredakan rasa nyeri yang disebabkan oleh nyeri otot, nyeri sendi, terkilir, dan punggung pegal.', 13, 7, 5, 10, '17_03_47_download_-_2022-12-29T170338.576.jpg', '2022-12-27 19:40:43', 0, 0, 'UBE221227194010', '', '0000-00-00'),
(621, 1, 'Salonpas Koyo', 'mambantu meredakan rasa nyeri yang disebabkan oleh nyeri otot, nyeri sendi, terkilir, dan punggung pegal.', 13, 7, 5, 19, '17_03_18_download_-_2022-12-29T170309.463.jpg', '2022-12-27 19:41:16', 0, 8500, 'UBE221227194047', '', '0000-00-00'),
(622, 1, 'Hot In Koyo Aromaterapy', 'mambantu meredakan rasa nyeri yang disebabkan oleh nyeri otot, nyeri sendi, terkilir, dan punggung pegal.', 13, 7, 5, 1, '13_23_42_download_-_2022-12-29T132312.676.jpg', '2022-12-27 19:41:46', 0, 8000, 'UBE221227194123', '', '0000-00-00'),
(623, 1, 'Hansaplast Koyo Panas', 'mambantu meredakan rasa nyeri yang disebabkan oleh nyeri otot, nyeri sendi, terkilir, dan punggung pegal.', 13, 7, 5, 16, '12_35_53_download_-_2022-12-29T122109.553.jpg', '2022-12-27 19:42:14', 0, 8500, 'UBE221227194150', '', '0000-00-00'),
(624, 1, 'Koyo Cabe', 'mambantu meredakan rasa nyeri yang disebabkan oleh nyeri otot, nyeri sendi, terkilir, dan punggung pegal.', 13, 7, 5, 34, NULL, '2022-12-27 19:42:37', 0, 12000, 'UBE221227194225', '', '0000-00-00'),
(625, 1, 'Balsem Tjing Tjau ', 'membantu meredakan keseleo, encok, pegel linu dan nyeri otot, serta dapat digunakan untuk mengatasi rasa pusing, mabuk perjalanan, gatal karena gigitan serangga dan masuk angin.', 13, 12, 3, 9, '15_39_48_download_(57).jpg', '2022-12-27 19:43:18', 0, 14000, 'UBE221227194245', '', '0000-00-00'),
(626, 1, 'Balsem Balpirik Kayu Putih', 'membantu meredakan keseleo, encok, pegel linu dan nyeri otot, serta dapat digunakan untuk mengatasi rasa pusing, mabuk perjalanan, pilek', 13, 12, 2, 9, '15_34_37_download_(53).jpg', '2022-12-27 19:44:07', 0, 10000, 'UBE221227194324', '', '0000-00-00'),
(627, 1, 'Balsem Telon Tresnojoyo 40gr', 'meringankan gejala pilek dan batuk karena flu untuk bayi dan anak', 13, 12, 3, 7, '15_39_08_download_(56).jpg', '2022-12-27 19:44:51', 0, 15000, 'UBE221227194411', '', '0000-00-00'),
(628, 1, 'Balsem Telon Tresnojoyo 20gr', 'meringankan gejala pilek dan batuk karena flu untuk bayi dan anak', 13, 12, 3, 9, '15_38_49_download_(56).jpg', '2022-12-27 19:45:33', 0, 10000, 'UBE221227194455', '', '0000-00-00'),
(629, 1, 'Planotab KB', ' kontrasepsi oral ', 15, 10, 5, 1, '17_59_50_download_-_2022-12-29T175818.736.jpg', '2022-12-27 19:49:52', 0, 6000, 'UBE221227194834', '', '0000-00-00'),
(630, 1, 'Neuralgin RX', 'Meringankan rasa nyeri, seperti sakit kepala, sakit gigi, kram perut yang disebabkan oleh menstruasi (dysmenorrhea), nyeri perut, dan nyeri yang muncul setelah operasi, nyeri berat yang disebabkan oleh gangguan saraf seperti neuritis dan neuralgia.', 15, 10, 20, 49, '19_18_06_download_-_2022-12-29T191748.498.jpg', '2022-12-27 19:51:10', 0, 11000, 'UBE221227194957', '', '0000-00-00'),
(631, 1, 'Dextamine', 'mengandung dexamethasone yang dapat meredakan peradangan, dan dexchlorpheniramine yang dapat meredakan gejala alergi.', 15, 10, 20, 41, '18_12_26_download_-_2022-12-28T181203.263.jpg', '2022-12-27 19:52:34', 0, 20000, 'UBE221227195120', '', '0000-00-00'),
(632, 1, 'Dexaharsen 0,5', 'mengurangi atau menekan proses peradangan dan alergi yang terjadi pada tubuh.', 15, 10, 0, 0, '18_09_37_download_-_2022-12-28T180915.873.jpg', '2022-12-27 20:01:14', 0, 4000, 'UBE221227195238', '', '0000-00-00'),
(633, 1, 'Dexamethasone 0,5 MEF', 'mengurangi atau menekan proses peradangan dan alergi yang terjadi pada tubuh.', 15, 10, 60, 159, '18_10_23_download_-_2022-12-28T181000.902.jpg', '2022-12-27 20:01:57', 0, 3000, 'UBE221227200117', '', '0000-00-00'),
(634, 1, 'Grafachlor', 'mengobati kasus-kasus alergi dan inflamasi yang membutuhkan terapi dengan kortikosteroid, seperti gatal-gatal pada kulit, dermatitis (eksim), reaksi alergi obat, rhinitis alergi, asma, dan lain-lain.', 15, 10, 30, 67, '12_15_27_download_-_2022-12-29T121127.225.jpg', '2022-12-27 20:03:10', 0, 5000, 'UBE221227200202', '', '0000-00-00'),
(635, 1, 'Trinordiol-28', 'obat kontrasepsi oral yang digunakan sebagai pencegahan terhadap kehamilan.', 15, 10, 0, 0, '15_43_37_download_(64).jpg', '2022-12-27 20:04:32', 0, 12000, 'UBE221227200314', '', '0000-00-00'),
(636, 1, 'Degirol', 'ntuk sakit tenggorokan, peradangan pada rongga mulut dan tenggorokan, serta infeksi selaput lendir mulut.', 15, 10, 10, 29, '17_56_59_download_-_2022-12-28T175636.577.jpg', '2022-12-27 20:05:36', 0, 15000, 'UBE221227200439', '', '0000-00-00'),
(637, 1, 'Incidal-OD', 'meredakan gejala alergi, seperti seperti bersin-bersin, hidung gatal dan tersumbat, biduran, atau mata merah dan berair.', 15, 15, 50, 156, '15_42_21_download_-_2022-12-29T154153.016.jpg', '2022-12-27 20:07:50', 0, 6000, 'UBE221227200556', '', '0000-00-00'),
(638, 1, 'Mefinal', 'digunakan untuk Nyeri pada kondisi rematik, cedera jaringan lunak, kondisi muskuloskeletal menyakitkan lainnya, dismenorea, sakit kepala, sakit gigi, nyeri pasca operasi.', 15, 10, 20, 49, '17_47_48_download_-_2022-12-29T174734.105.jpg', '2022-12-27 20:09:24', 0, 21000, 'UBE221227200758', '', '0000-00-00'),
(639, 1, 'Super Tetra', 'untuk mengobati infeksi bakteri yang terjadi pada kulit, usus, saluran pernapasan, saluran kemih, kelamin, kelenjar getah bening, dan bagian lain dalam tubuh.', 15, 10, 20, 21, '16_36_34_images_(4).jpg', '2022-12-27 20:10:33', 0, 12000, 'UBE221227200930', '', '0000-00-00'),
(640, 1, 'FG Troches', ' obat antibiotik untuk mengatasi infeksi bakteri pemicu radang tenggorokan, sariawan, dan amandel.', 15, 10, 20, 73, '20_15_52_images_(12).jpg', '2022-12-27 20:11:45', 0, 18000, 'UBE221227201037', '', '0000-00-00'),
(641, 1, 'Cataflam 25mg', 'obat antinyeri yang mengandung diklofenak digunakan untuk sakit gigi dan keluhan nyeri dan pembengkakan ringan hingga sedang.', 15, 15, 50, 138, '17_13_50_download_-_2022-12-28T171336.509.jpg', '2022-12-27 20:13:00', 0, 5500, 'UBE221227201150', '', '0000-00-00'),
(642, 1, 'Cataflam 50 mg', 'obat antinyeri yang mengandung diklofenak digunakan untuk sakit gigi dan keluhan nyeri dan pembengkakan ringan hingga sedang.', 15, 15, 50, 161, '17_14_28_download_-_2022-12-28T171413.245.jpg', '2022-12-27 20:13:38', 0, 9000, 'UBE221227201307', '', '0000-00-00'),
(643, 1, 'CTM', ' obat yang digunakan untuk meredakan gejala alergi yang disebabkan oleh makanan, obat-obatan, gigitan serangga, paparan debu atau bulu binatang, serta alergi serbuk sari.', 15, 10, 20, 25, '17_45_54_download_-_2022-12-28T174537.570.jpg', '2022-12-27 20:14:23', 0, 3000, 'UBE221227201343', '', '0000-00-00'),
(644, 1, 'Ponstan', 'obat yang mengandung Asam Mefenamat digunakan sebagai pereda nyeri, dismenore, nyeri ringan khususnya ketika pasien juga mengalami peradangan, dan mengurangi gangguan inflamasi (peradangan) secara umum.', 15, 15, 30, 106, '17_52_14_download_-_2022-12-29T175046.045.jpg', '2022-12-27 20:15:41', 0, 4500, 'UBE221227201428', '', '0000-00-00'),
(645, 1, 'Microgynon KB', 'untuk mencegah kehamilan dengan cara mencegah ovulasi, mengubah lendir serviks, dan mengubah lapisan rahim.', 15, 16, 10, 20, '18_54_30_download_-_2022-12-29T185411.871.jpg', '2022-12-27 20:16:53', 0, 22000, 'UBE221227201546', '', '0000-00-00'),
(646, 1, 'Amoxan syrup', 'yang digunakan untuk mengatasi infeksi pada saluran pernafasan atas, infeksi saluran kemih, saluran cerna, kulit dan jaringan lunak serta demam tifoid pada anak.', 15, 8, 1, 3, '15_05_43_download_(25).jpg', '2022-12-27 20:18:56', 0, 30000, 'UBE221227201735', '', '0000-00-00'),
(647, 1, 'Mucos syrup', 'digunakan sebagai agen mukolitik untuk mengatasi batuk berdahak. ', 15, 8, 3, 4, '18_51_32_download_-_2022-12-29T185113.896.jpg', '2022-12-27 20:20:51', 0, 15000, 'UBE221227201904', '', '0000-00-00'),
(648, 1, 'Mucos Drop', 'digunakan sebagai agen mukolitik untuk mengatasi batuk berdahak. ', 15, 8, 3, 6, '18_44_43_download_-_2022-12-29T184422.726.jpg', '2022-12-27 20:21:21', 0, 30000, 'UBE221227202056', '', '0000-00-00'),
(649, 1, 'Lerzin syrup', 'untuk mengatasi alergi, termasuk rhinitis alergi, urtikaria, maupun gatal karena alergi musiman.', 15, 8, 5, 0, '17_05_31_download_-_2022-12-29T170419.522.jpg', '2022-12-27 20:22:43', 0, 10000, 'UBE221227202146', '', '0000-00-00'),
(650, 1, 'Lerzin Drop', 'untuk mengatasi alergi, termasuk rhinitis alergi, urtikaria, maupun gatal karena alergi musiman.', 15, 8, 3, 3, '17_05_10_download_-_2022-12-29T170426.642.jpg', '2022-12-27 20:23:27', 0, 18000, 'UBE221227202247', '', '0000-00-00'),
(651, 1, 'Trisela Syrup', 'digunakan untuk meredakan gejala alergi seperti mata berair, hidung berair, gatal pada mata atau hidung, dan gatal-gatal.', 15, 8, 5, 0, '15_21_32_download_(49).jpg', '2022-12-27 20:24:55', 0, 12000, 'UBE221227202331', '', '0000-00-00'),
(652, 1, 'Erlapect Syrup', 'digunakan untuk mengobati batuk berdahak.', 15, 8, 5, 1, '18_43_08_download_-_2022-12-28T184245.066.jpg', '2022-12-27 20:25:57', 0, 12000, 'UBE221227202459', '', '0000-00-00'),
(653, 1, 'Hufabetamin syrup', 'untuk meredakan gejala alergi dan peradangan, seperti biduran, gatal pada kulit, hidung, mata, dan tenggorokan, bengkak di bibir atau kelopak mata, hidung tersumbat, bersin, mengi, atau sesak napas.', 15, 8, 5, 3, NULL, '2022-12-27 20:27:37', 0, 12000, 'UBE221227202601', '', '0000-00-00'),
(654, 1, 'Vesperum syrup', 'untuk mual & muntah akut serta dispepsia fungsional. ', 15, 8, 1, 2, '15_19_49_download_(46).jpg', '2022-12-27 20:30:17', 0, 12000, 'UBE221227202832', '', '0000-00-00'),
(655, 1, 'Vesperum Drop', 'untuk mual & muntah akut serta dispepsia fungsional. ', 15, 8, 2, 5, '15_19_17_download_(45).jpg', '2022-12-27 20:30:57', 0, 20000, 'UBE221227203028', '', '0000-00-00'),
(656, 1, 'Domperidon Syrup', 'untuk mual & muntah akut serta dispepsia fungsional. ', 15, 8, 3, 8, '18_18_10_download_-_2022-12-28T171941.384.jpg', '2022-12-27 20:32:11', 0, 8000, 'UBE221227203143', '', '0000-00-00'),
(657, 1, 'Yusimox Forte syrup', 'untuk batuk pilek, namun beberapa infeksi juga dapat diatasi oleh Yusimox.', 15, 8, 5, 15, '14_01_58_download_(7).jpg', '2022-12-27 20:33:34', 0, 12000, 'UBE221227203215', '', '0000-00-00'),
(658, 1, 'Yusimox Syrup', 'untuk batuk pilek, namun beberapa infeksi juga dapat diatasi oleh Yusimox.', 15, 8, 5, 8, '14_12_13_download_(8).jpg', '2022-12-27 20:34:54', 0, 9000, 'UBE221227203344', '', '0000-00-00'),
(659, 1, 'Ventolin Inhaler', ' mengobati penyakit pada saluran pernafasan seperti asma dan penyakit paru obstruktif kronik (PPOK).', 15, 8, 1, 3, '15_12_22_download_(43).jpg', '2022-12-27 20:36:40', 0, 158000, 'UBE221227203516', '', '0000-00-00'),
(660, 1, 'Vometa Syrup', 'untuk mengatasi rasa mual dan muntah dan gangguan pengosongan lambung yang ditandai dengan rasa begah dan penuh pada perut.', 15, 8, 0, 0, '14_21_22_download_(15).jpg', '2022-12-27 20:37:47', 0, 0, 'UBE221227203648', '', '0000-00-00'),
(661, 1, 'Kandistatin', 'adalah obat anti jamur yang mengandung nystatin untuk mengobati kandidiasis pada rongga mulut.', 15, 8, 3, 4, '16_16_42_download_-_2022-12-29T161622.523.jpg', '2022-12-27 20:38:35', 0, 48000, 'UBE221227203754', '', '0000-00-00'),
(662, 1, 'Sucralfate Syrup', ' obat untuk menangani masalah lambung, seperti gastritis kronis, tukak lambung, dan ulkus duodenum. ', 15, 8, 5, 20, '16_33_57_download_(100).jpg', '2022-12-27 20:41:47', 0, 20000, 'UBE221227203937', '', '0000-00-00'),
(663, 1, 'Ulsafate Syrup', 'digunakan untuk pengobatan pada tukak lambung dan usus, gastritis kronik. ', 15, 8, 5, 20, '15_22_59_download_(51).jpg', '2022-12-27 20:42:45', 0, 58000, 'UBE221227204154', '', '0000-00-00'),
(664, 1, 'Inpepsa Syrup', 'digunakan untuk pengobatan pada tukak lambung dan usus, gastritis kronik. ', 15, 8, 1, 2, '15_50_12_download_-_2022-12-29T154945.266.jpg', '2022-12-27 20:43:43', 0, 87000, 'UBE221227204251', '', '0000-00-00'),
(665, 1, 'Propepsa Syrup', 'digunakan untuk pengobatan pada tukak lambung dan usus, gastritis kronik. ', 15, 8, 1, 2, '17_39_04_download_-_2022-12-29T173855.797.jpg', '2022-12-27 20:44:24', 0, 75000, 'UBE221227204356', '', '0000-00-00'),
(666, 1, 'Cefadroxil Syrup', 'Antibiotik ini digunakan untuk mengatasi infeksi saluran pernafasan, saluran kemih dan kelamin serta infeksi kulit dan jaringan lunak.', 15, 8, 5, 11, '17_20_08_download_-_2022-12-28T171941.384.jpg', '2022-12-27 20:45:43', 0, 15000, 'UBE221227204434', '', '0000-00-00'),
(667, 1, 'Cefixime Syrup Kering', 'ntibiotik ini digunakan untuk mengobati infeksi saluran kemih tanpa komplikasi, otitis media, faringiris dan tonsilitis, serta bronkitis akut dan kronis dengan eksaserbasi akut.', 15, 8, 5, 14, '17_26_24_download_-_2022-12-28T172610.542.jpg', '2022-12-27 20:47:04', 0, 28000, 'UBE221227204551', '', '0000-00-00'),
(668, 1, 'Ambroxol Syrup ', 'untuk mengatasi batuk berdahak, maupun gangguan pernapasan lain akibat produksi dahak yang berlebihan, seperti pada penyakit bronkiektasis.', 15, 8, 5, 9, '15_02_04_download_(21).jpg', '2022-12-27 20:48:11', 0, 8000, 'UBE221227204709', '', '0000-00-00'),
(669, 1, 'Hufadon Syrup', 'Membantu meningkatkan kontraksi usus dan lambung. Mengobati mual dan muntah yang terjadi karena penggunaan obat kemoterapi.', 15, 8, 5, 14, '15_07_35_download_-_2022-12-29T150707.893.jpg', '2022-12-27 20:50:01', 0, 9000, 'UBE221227204825', '', '0000-00-00'),
(671, 1, 'Kalcinol-N', 'n untuk mengatasi kulit yang mengalami inflamasi dan rasa gatal akibat alergi imunologi atau dermatosis yang responsif terhadap kortikosteroid.', 15, 11, 3, 7, '16_13_12_download_-_2022-12-29T161248.734.jpg', '2022-12-28 08:24:17', 0, 13000, 'UBE221228080420', '', '0000-00-00'),
(672, 1, 'Orsaderm Salep', ' untuk mengatasi penyakit kulit seperti dermatitis, untuk meringankan iritasi kulit (gatal hingga kulit mengelupas akibat eksim)', 15, 11, 5, 9, '18_49_11_download_-_2022-12-29T184732.596.jpg', '2022-12-28 08:26:09', 0, 8000, 'UBE221228082423', '', '0000-00-00'),
(673, 1, 'Aciclovir Cream', 'untuk mengobati infeksi akibat virus seperti pengobatan infeksi herpes simpleks pada kulit & membran mukosa, termasuk herpes genital awal & rekuren.', 15, 11, 10, 36, '14_34_38_download_(2).jpg', '2022-12-28 08:27:44', 0, 7000, 'UBE221228082639', '', '0000-00-00'),
(674, 1, 'Oxytetracycline Salep Kulit', 'obat antibiotik untuk mengatasi infeksi bakteri di kulit dan mata. Obat ini juga bisa digunakan untuk mencegah infeksi pada luka terbuka, serta untuk mengobati jerawat dan rosacea. ', 15, 11, 3, 20, '18_58_14_download_-_2022-12-29T185645.405.jpg', '2022-12-28 08:29:29', 0, 6000, 'UBE221228082749', '', '0000-00-00'),
(675, 1, 'Bioplacenton Salep', ' untuk mengobati luka bakar, luka dengan infeksi, serta luka kronik dan jenis luka yang lain.', 15, 11, 5, 13, '16_05_37_download_(85).jpg', '2022-12-28 08:30:51', 0, 28000, 'UBE221228082933', '', '0000-00-00'),
(676, 1, 'Boraginol-N Salep', 'digunakan untuk mengatasi rasa nyeri dan gatal yang ditimbulkan akibat wasir, ambeien disertai dengan pendarahan.', 15, 11, 1, 0, '16_28_23_download_(96).jpg', '2022-12-28 08:33:32', 0, 96000, 'UBE221228083056', '', '0000-00-00'),
(677, 1, 'Pirofel Salep', 'membantu pembentukan prostaglandin saat luka yang menyebabkan rasa sakit dan peradangan.', 15, 11, 1, 1, '17_58_34_download_-_2022-12-29T175348.571.jpg', '2022-12-28 08:35:14', 0, 25000, 'UBE221228083337', '', '0000-00-00'),
(678, 1, 'Kenalog Salep', 'untuk mengobati sariawan dan bisul di dalam mulut.', 15, 11, 1, 4, '16_25_08_download_(2).png', '2022-12-28 08:36:27', 0, 81000, 'UBE221228083520', '', '0000-00-00'),
(679, 1, 'Fucilex Salep', 'untuk mengobati infeksi kulit, seperti pioderma (infeksi kulit yang di sebabkan oleh Streptococcus, karbunkel (bisul batu), folikulitis (peradangan yang terjadi pada folikel rambut), impetigo (bisul yang meradang), sycosis barbae (penyakit kulit di tempat', 15, 11, 5, 11, '20_30_44_download_-_2022-12-28T203029.253.jpg', '2022-12-28 08:38:26', 0, 12000, 'UBE221228083636', '', '0000-00-00'),
(680, 1, 'Inerson Salep', 'Obat ini digunakan untuk radang akut yang berat, kelainan kulit alergis dan kronis, psoriasis.', 15, 11, 1, 1, '15_44_47_download_-_2022-12-29T154250.799.jpg', '2022-12-28 08:39:56', 0, 87000, 'UBE221228083901', '', '0000-00-00'),
(681, 1, 'Synalten Salep', 'digunakan untuk mengobati peradangan serta rasa gatal di kulit yang disertai infeksi bakteri tertentu.', 15, 11, 6, 20, '16_25_18_download_(90).jpg', '2022-12-28 08:41:38', 0, 10000, 'UBE221228084001', '', '0000-00-00'),
(682, 1, 'Dexigen Salep', 'untuk mengatasi gatal dan peradangan pada kulit, seperti eksim, dermatitis dan penyakit kulit lainnya.', 15, 11, 6, 24, '18_11_50_download_-_2022-12-28T181123.582.jpg', '2022-12-28 08:42:41', 0, 12000, 'UBE221228084146', '', '0000-00-00'),
(683, 1, 'Bevalex Salep', 'untuk membantu mengobati peradangan kulit yang disertai dengan infeksi bakteri dan mengatasi jerawat.', 15, 11, 0, 1, '15_55_43_download_(78).jpg', '2022-12-28 08:45:13', 22, 16000, 'UBE221228084246', '', '0000-00-00'),
(684, 1, 'Erlamycetin Salep Mata', 'digunakan bagi mata yang mengalami inflamasi, seperti mata bengkak dan mengalami infeksi virus.', 15, 11, 5, 19, '18_36_30_download_-_2022-12-28T183609.296.jpg', '2022-12-28 08:47:07', 0, 15000, 'UBE221228084519', '', '0000-00-00'),
(685, 1, 'Kalmicetin Salep', ' digunakan untuk mengobati dan mencegah infeksi kulit yang disebabkan oleh bakteri.', 15, 11, 3, 16, '16_14_32_download_-_2022-12-29T161403.765.jpg', '2022-12-28 08:49:14', 0, 16000, 'UBE221228084711', '', '0000-00-00'),
(686, 1, 'Ketoconazol Cream', 'untuk mengobati infeksi kulit seperti kutu air, gatal di selangkangan, kurap, dan jenis ketombe tertentu.', 14, 11, 10, 26, '16_26_55_download_-_2022-12-29T162605.731.jpg', '2022-12-28 08:56:07', 0, 8000, 'UBE221228084948', '', '0000-00-00'),
(687, 1, 'Neo Utrasiline Salep', 'obat anti jamur yang digunakan terutama kandidiasis dan pitiriasis versicolor. ', 14, 11, 5, 14, '19_16_38_download_(14).png', '2022-12-28 08:57:41', 0, 10000, 'UBE221228085616', '', '0000-00-00'),
(689, 1, 'Nisagon Salep', '  dapat meredakan peradangan, bengkak dan gatal.', 15, 11, 5, 4, '19_24_40_download_-_2022-12-29T192424.853.jpg', '2022-12-28 09:00:10', 0, 10000, 'UBE221228085850', '', '0000-00-00'),
(690, 1, 'Dermatop Cream', 'untuk penyakit eksim ataupun kulit kemerahan.', 15, 11, 1, 2, '17_58_18_download_-_2022-12-28T175806.639.jpg', '2022-12-28 09:01:46', 0, 85000, 'UBE221228090017', '', '0000-00-00'),
(691, 1, 'Scabimite Salep', 'untuk mengobati infeksi kulit skabies yang disebabkan oleh Tungau (mite) Sarcoptes scabiei. ', 15, 11, 2, 1, '16_48_40_download_-_2022-12-29T164833.170.jpg', '2022-12-28 09:02:34', 4, 58000, 'UBE221228090151', '', '0000-00-00'),
(692, 1, 'Enbatic Serbuk', 'tuk mengatasi infeksi kulit yang disebabkan oleh bakteri, seperti luka bakar, luka karena operasi, pioderma (kulit bernanah) dan folikulitis (peradangan pada folikel rambut).', 15, 11, 10, 34, '18_28_58_download_-_2022-12-28T182837.115.jpg', '2022-12-28 09:03:49', 0, 7000, 'UBE221228090241', '', '0000-00-00'),
(693, 1, 'Dermatix Salep', 'untuk meratakan, menghaluskan, memudarkan bekas luka, serta mencerahkan noda dan flek hitam akibat jerawat.', 15, 11, 1, 1, '17_57_34_download_-_2022-12-28T175719.160.jpg', '2022-12-28 09:04:47', 0, 193000, 'UBE221228090356', '', '0000-00-00'),
(694, 1, 'Acifar Salep', ' untuk mengatasi herpes simplex, herpes zoster, herpes genital dan cacar.', 15, 11, 5, 15, '14_46_19_download_(4).jpg', '2022-12-28 09:05:42', 0, 10000, 'UBE221228090454', '', '0000-00-00'),
(695, 1, 'Betason-N Salep', 'untuk meredakan peradangan dan alergi kulit yang disertai dengan adanya infeksi.', 15, 11, 10, 16, '15_54_21_download_(76).jpg', '2022-12-28 09:06:56', 0, 17000, 'UBE221228090550', '', '0000-00-00'),
(696, 1, 'Cinolon 10 GR Salep', 'igunakan untuk mengobati dermatosis yang disebabkan oleh alergi, peradangan, dan pruritus (gatal seluruh tubuh).', 15, 11, 3, 10, '17_33_04_download_-_2022-12-28T173240.240.jpg', '2022-12-28 09:08:26', 0, 25000, 'UBE221228090707', '', '0000-00-00'),
(697, 1, 'Cinolon-N Salep', 'bat ini digunakan untuk mengobati dermatosis yang disebabkan oleh alergi, peradangan, dan pruritus (gatal seluruh tubuh).', 15, 11, 3, 8, '17_33_42_download_-_2022-12-28T173322.335.jpg', '2022-12-28 09:09:42', 0, 18000, 'UBE221228090831', '', '0000-00-00'),
(698, 1, 'Mediklin TR Cream', ' bermanfaat untuk mengatasi jerawat.', 15, 11, 1, 2, '17_46_04_download_-_2022-12-29T174342.049.jpg', '2022-12-28 09:10:49', 0, 57000, 'UBE221228090948', '', '0000-00-00'),
(699, 1, 'Mediklin Cream', ' bermanfaat untuk mengatasi jerawat.', 15, 11, 2, 3, '17_45_15_download_-_2022-12-29T174332.105.jpg', '2022-12-28 09:12:21', 0, 34000, 'UBE221228091116', '', '0000-00-00'),
(700, 1, 'Mediklin Lotion', ' bermanfaat untuk mengatasi jerawat.', 15, 8, 0, 0, '17_45_44_download_-_2022-12-29T174456.490.jpg', '2022-12-28 09:12:50', 0, 55000, 'UBE221228091225', '', '0000-00-00'),
(701, 1, 'Hydrocortison Salep', 'Menekan reaksi radang pada kulit yang bukan disebabkan infeksi seperti eksim dan alergi', 15, 11, 6, 1, '15_20_04_download_-_2022-12-29T151934.915.jpg', '2022-12-28 09:14:32', 0, 8000, 'UBE221228091254', '', '0000-00-00'),
(702, 1, 'Klorferson Cream', 'untuk terapi supresi inflamasi (peradangan) dan untuk menangani gatal-gatal, kemerahan, dan kekeringan pada kulit', 15, 11, 3, 13, '16_28_40_download_-_2022-12-29T162822.241.jpg', '2022-12-28 09:15:50', 0, 10000, 'UBE221228091438', '', '0000-00-00'),
(703, 1, 'Topcort Cream', 'Membantu Mengobati Gatal Bengkak, Kemerahan Pada Kulit ', 15, 11, 1, 2, '15_31_18_download_(58).jpg', '2022-12-28 09:17:10', 0, 30000, 'UBE221228091556', '', '0000-00-00'),
(704, 1, 'Trifamycetin Salep', 'peradangan yang merespon obat kortikosteroid seperti pada eksim, alergi kulit atau infeksi kulit lainnya.', 15, 11, 3, 3, '15_43_04_download_(63).jpg', '2022-12-28 09:19:34', 0, 12000, 'UBE221228091716', '', '0000-00-00'),
(705, 1, 'Bufacort-N Cream', 'obat untuk mengatasi peradangan kulit yang disertai infeksi sekunder, seperti pyoderma, jerawat, eksim, furunkulosis, dan impetigo.', 15, 11, 5, 23, '16_51_10_download_-_2022-12-28T165058.138.jpg', '2022-12-28 09:21:08', 0, 13000, 'UBE221228091945', '', '0000-00-00'),
(706, 1, 'Benoson Salep', 'digunakan untuk meredakan peradangan dan alergi kulit yang disertai dengan adanya infeksi. ', 15, 11, 5, 23, '15_46_57_download_(68).jpg', '2022-12-28 09:22:24', 0, 21000, 'UBE221228092113', '', '0000-00-00'),
(707, 1, 'Bethamethasone Salep', 'mengatasi peradangan pada kulit yang disebabkan oleh sejumlah kondisi, seperti eksim, reaksi alergi, atau psoriasis.', 15, 11, 10, 55, '15_55_01_download_(77).jpg', '2022-12-28 09:23:29', 0, 6000, 'UBE221228092229', '', '0000-00-00'),
(708, 1, 'Enbatic Salep', 'untuk kulit yang mengalami luka bakar, luka setelah tindakan operasi, pada anak-anak untuk omfalitis, pioderma, dan folikulitis', 15, 11, 5, 12, '18_28_27_download_-_2022-12-28T182808.283.jpg', '2022-12-28 09:24:54', 0, 13000, 'UBE221228092333', '', '0000-00-00'),
(709, 1, 'Chloramfecort-H Cream', 'infeksi bakteri pada kulit yang rentan terhadap antibiotik Chloramphenicol dan disertai dengan peradangan yang merespon obat kortikosteroid seperti pada eksim, alergi kulit atau infeksi kulit lainnya.', 15, 11, 5, 9, '17_32_26_download_-_2022-12-28T173203.824.jpg', '2022-12-28 09:30:03', 0, 17000, 'UBE221228092833', '', '0000-00-00'),
(710, 1, 'Sagestam Salep', 'mengobati infeksi ringan pada kulit, seperti psoriasis, eksim, serta luka bakar dan luka ringan.', 15, 11, 5, 16, '17_08_47_download_-_2022-12-29T170839.428.jpg', '2022-12-28 09:32:22', 0, 27000, 'UBE221228093008', '', '0000-00-00'),
(711, 1, 'Benoson-N cream', ' meredakan peradangan dan alergi kulit yang disertai dengan adanya infeksi. ', 15, 11, 5, 12, '15_47_36_download_(69).jpg', '2022-12-28 09:33:23', 0, 27000, 'UBE221228093228', '', '0000-00-00'),
(713, 1, 'Gentamicin Salep Kulit ', 'untuk mengobati infeksi ringan pada kulit, seperti psoriasis, eksim, serta luka bakar dan luka ringan.', 15, 11, 10, 29, '20_40_29_download_-_2022-12-28T203906.827.jpg', '2022-12-28 09:38:08', 0, 6000, 'UBE221228093628', '', '0000-00-00'),
(714, 1, 'Ondansetron 8 mg', 'untuk meredakan mual dan muntah akibat kemoterapi serta pencegahan mual dan muntah paska operasi.', 15, 10, 6, 8, '18_48_26_download_-_2022-12-29T184650.781.jpg', '2022-12-28 09:50:22', 0, 18000, 'UBE221228093814', '', '0000-00-00'),
(715, 1, 'Ondansetron 4 mg', 'untuk meredakan mual dan muntah akibat kemoterapi serta pencegahan mual dan muntah paska operasi.', 15, 10, 6, 10, '18_48_04_download_-_2022-12-29T184654.477.jpg', '2022-12-28 09:50:58', 0, 18000, 'UBE221228095027', '', '0000-00-00'),
(716, 1, 'Omeprazole', 'untuk mengatasi asam lambung berlebih dan keluhan yang mengikutinya. ', 15, 10, 12, 31, '19_03_16_download_-_2022-12-29T190205.666.jpg', '2022-12-28 09:54:10', 0, 8000, 'UBE221228095118', '', '0000-00-00'),
(717, 1, 'Ibuprofen Tab', 'nyeri kepala, nyeri gigi, nyeri haid, dan peradangan lain yang terjadi pada tubuh', 15, 10, 20, 35, '15_22_35_download_-_2022-12-29T152209.489.jpg', '2022-12-28 09:55:34', 0, 6000, 'UBE221228095426', '', '0000-00-00'),
(718, 1, 'Simvastatin 20mg KIMIA FARMA', 'Simvastatin merupakan obat penurun kolesterol golongan statin', 15, 10, 0, 0, '16_45_51_download_-_2022-12-29T164451.901.jpg', '2022-12-28 09:57:17', 0, 10000, 'UBE221228095538', '', '0000-00-00'),
(719, 1, 'Simvastatin 10mg HJ', 'merupakan obat penurun kolesterol golongan statin', 15, 10, 30, 26, '16_44_23_download_-_2022-12-29T164414.853.jpg', '2022-12-28 09:58:00', 0, 6000, 'UBE221228095722', '', '0000-00-00'),
(720, 1, 'Simvastatin 20mg HJ', 'Simvastatin merupakan obat penurun kolesterol golongan statin', 15, 10, 20, 14, '16_45_35_download_-_2022-12-29T164522.932.jpg', '2022-12-28 09:59:41', 0, 10000, 'UBE221228095841', '', '0000-00-00'),
(721, 1, 'Lansoprazole tab', 'untuk tukak duodenum dan tukak lambung ringan, tukak peptik, ', 15, 10, 30, 88, '16_55_28_images_(1).png', '2022-12-28 10:00:41', 0, 10000, 'UBE221228095949', '', '0000-00-00'),
(722, 1, 'Piroxicam 10 mg', ' untuk mengurangi rasa sakit, pembengkakan, dan peradangan sendi', 15, 10, 30, 20, '17_58_54_download_-_2022-12-29T175359.859.jpg', '2022-12-28 10:01:40', 0, 4000, 'UBE221228100046', '', '0000-00-00'),
(723, 1, 'Piroxicam 20 mg', ' untuk mengurangi rasa sakit, pembengkakan, dan peradangan sendi', 15, 10, 30, 55, '17_59_19_download_-_2022-12-29T175736.584.jpg', '2022-12-28 10:02:12', 0, 4000, 'UBE221228100144', '', '0000-00-00'),
(724, 1, 'Mefenamic Acid tab', 'untuk meredakan nyeri yang muncul pada saat sakit gigi, sakit kepala, bahkan nyeri haid.', 15, 10, 30, 46, '17_47_08_images_(34).jpg', '2022-12-28 10:03:25', 0, 6000, 'UBE221228100219', '', '0000-00-00'),
(725, 1, 'Gabapentin Tab', ' sebagai anti kejang, obat ini juga diberikan sebagai pereda nyeri neuropatik.', 15, 10, 3, 6, '20_34_38_download_-_2022-12-28T203300.443.jpg', '2022-12-28 10:05:14', 0, 52000, 'UBE221228100335', '', '0000-00-00'),
(726, 1, 'Candesartan 8 mg', 'bermanfaat untuk menurunkan tekanan darah.', 15, 10, 3, 8, '17_07_39_download_-_2022-12-28T170715.137.jpg', '2022-12-28 10:06:18', 0, 10000, 'UBE221228100521', '', '0000-00-00'),
(727, 1, 'Mecobalamin caps', 'untuk mengobati neuropati perifer (saraf tepi) dan anemia megaloblastik yang disebabkan oleh defisiensi vitamin B12.', 15, 10, 20, 41, '17_42_04_download_-_2022-12-29T174139.692.jpg', '2022-12-28 10:08:03', 0, 10000, 'UBE221228100624', '', '0000-00-00'),
(728, 1, 'Metronidazole 500 mg', 'untuk menangani penyakit infeksi bakteri, seperti bakterial vaginosis, penyakit menular seksual, atau infeksi organ dan jaringan perut, termasuk peritonitis. Selain itu, obat ini juga bisa digunakan untuk menangani infeksi parasit tertentu, seperti trikom', 15, 10, 20, 48, '17_59_21_download_-_2022-12-29T175759.765.jpg', '2022-12-28 10:09:16', 0, 6000, 'UBE221228100808', '', '0000-00-00'),
(729, 1, 'Cefixime 100 mg', 'Antibiotik ini digunakan untuk mengobati infeksi saluran kemih tanpa komplikasi, otitis media, faringiris dan tonsilitis, serta bronkitis akut dan kronis dengan eksaserbasi akut.', 15, 10, 20, 48, '17_24_21_image.jpg', '2022-12-28 10:11:06', 0, 20000, 'UBE221228100926', '', '0000-00-00'),
(730, 1, 'Cefixime 200 mg', 'Antibiotik ini digunakan untuk mengobati infeksi saluran kemih tanpa komplikasi, otitis media, faringiris dan tonsilitis, serta bronkitis akut dan kronis dengan eksaserbasi akut.', 15, 10, 20, 32, '17_25_30_images_(5).jpg', '2022-12-28 10:11:40', 0, 35000, 'UBE221228101114', '', '0000-00-00'),
(731, 1, 'Cefadroxil 500mg', 'antibiotik untuk mengatasi infeksi bakteri di tenggorokan, tonsil, kulit, atau saluran kemih. Selain itu, obat ini juga bisa digunakan dalam pencegahan infeksi jantung (endokarditis) sebelum dilakukan operasi gigi atau tindakan medis tertentu di saluran p', 15, 10, 20, 35, '17_18_47_download_-_2022-12-28T171824.849.jpg', '2022-12-28 10:12:53', 0, 13000, 'UBE221228101144', '', '0000-00-00'),
(732, 1, 'Ciprofloxacin HCI', ' untuk pengobatan infeksi bakteri yang sensitif terhadap ciprofloxacin seperti infeksi pada saluran kemih, saluran cerna, termasuk demam tifoid yang disebabkan oleh S. thypi, saluran napas (kecuali pneumonia akibat Streptococcus), kulit dan jaringan lunak', 15, 10, 20, 21, '17_34_20_download_-_2022-12-28T173409.000.jpg', '2022-12-28 10:14:39', 0, 10000, 'UBE221228101300', '', '0000-00-00'),
(733, 1, 'Guafenesin tab', ' dapat meredakan batuk dan melancarkan pengeluaran dahak di saluran napas.', 15, 10, 20, 39, '12_17_06_download_-_2022-12-29T121242.591.jpg', '2022-12-28 10:17:27', 0, 5000, 'UBE221228101558', '', '0000-00-00'),
(734, 1, 'Glimepiride 3mg', 'digunakan sebagai obat anti diabetes mellitus tipe 2', 15, 10, 20, 65, '12_06_08_download_-_2022-12-29T120253.614.jpg', '2022-12-28 10:18:31', 0, 12000, 'UBE221228101733', '', '0000-00-00'),
(735, 1, 'Glimepiride 4 mg', 'digunakan sebagai obat anti diabetes mellitus tipe 2', 15, 10, 20, 32, '12_06_30_download_-_2022-12-29T120311.718.jpg', '2022-12-28 10:19:02', 0, 20000, 'UBE221228101838', '', '0000-00-00'),
(736, 1, 'Glimepiride 2 mg', 'digunakan sebagai obat anti diabetes mellitus tipe 2', 15, 10, 20, 65, '12_05_43_download_-_2022-12-29T120234.239.jpg', '2022-12-28 10:20:10', 0, 6000, 'UBE221228101928', '', '0000-00-00'),
(737, 1, 'Glimepiride 1 mg', 'digunakan sebagai obat anti diabetes mellitus tipe 2', 15, 10, 10, 54, '12_05_23_download_-_2022-12-29T120214.575.jpg', '2022-12-28 10:20:35', 0, 6000, 'UBE221228102014', '', '0000-00-00'),
(738, 1, 'Meloxicam 7,5 mg Dexa', 'meredakan gejala-gejala arthritis, misalnya peradangan, pembengkakan, serta kaku dan nyeri otot.', 15, 10, 10, 13, '17_51_16_download_-_2022-12-29T175035.972.jpg', '2022-12-28 10:22:20', 0, 8000, 'UBE221228102039', '', '0000-00-00'),
(739, 1, 'Meloxicam 7,5 Berno', 'meredakan gejala-gejala arthritis, misalnya peradangan, pembengkakan, serta kaku dan nyeri otot.', 15, 10, 10, 20, '17_50_53_download_-_2022-12-29T175018.188.jpg', '2022-12-28 10:27:47', 0, 7000, 'UBE221228102241', '', '0000-00-00'),
(740, 1, 'Meloxicam 15 mg Dexa', 'meredakan gejala-gejala arthritis, misalnya peradangan, pembengkakan, serta kaku dan nyeri otot.', 15, 10, 20, 42, '17_49_33_download_-_2022-12-29T174908.964.jpg', '2022-12-28 10:28:35', 0, 8000, 'UBE221228102751', '', '0000-00-00'),
(741, 1, 'Eperisone HCI', 'untuk merelaksasi otot yang kaku dan tegang. Tidak sampai di situ saja, obat ini mampu meredakan gejala otot kejang. ', 15, 10, 20, 51, '18_34_56_download_-_2022-12-28T183441.367.jpg', '2022-12-28 10:30:55', 0, 20000, 'UBE221228102855', '', '0000-00-00'),
(742, 1, 'Aciclovir Tablet', 'untuk mengobati infeksi akibat virus seperti pengobatan infeksi herpes simpleks pada kulit & membran mukosa, termasuk herpes genital awal & rekuren.', 15, 10, 10, 40, '14_36_47_download_(3).jpg', '2022-12-28 10:32:18', 0, 10000, 'UBE221228103101', '', '0000-00-00'),
(743, 1, 'Furosemide 40 mg', 'meningkatkan jumlah urin yang keluar dari ginjal.', 15, 10, 10, 11, '20_32_28_download_-_2022-12-28T203200.316.jpg', '2022-12-28 10:33:22', 0, 4000, 'UBE221228103223', '', '0000-00-00'),
(744, 1, 'Allopurinol 100 mg HJ', ' digunakan untuk menurunkan kadar asam urat dalam darah.', 15, 10, 20, 41, '14_55_00_download_(13).jpg', '2022-12-28 10:34:30', 0, 4000, 'UBE221228103335', '', '0000-00-00'),
(745, 1, 'Allopurinol 300 mg HJ', ' digunakan untuk menurunkan kadar asam urat dalam darah.', 15, 10, 20, 50, '14_55_41_download_(14).jpg', '2022-12-28 10:35:00', 0, 6000, 'UBE221228103434', '', '0000-00-00'),
(746, 1, 'Amlodipine 10 mg HJ', ' untuk pengobatan hipertensi dan dapat digunakan sebagai obat tunggal untuk mengontrol tekanan darah pada kebanyakan pasien.', 15, 10, 40, 68, '15_02_48_download_(22).jpg', '2022-12-28 10:36:11', 0, 10000, 'UBE221228103505', '', '0000-00-00'),
(747, 1, 'Amlodipine 5 mg HJ', ' untuk pengobatan hipertensi dan dapat digunakan sebagai obat tunggal untuk mengontrol tekanan darah pada kebanyakan pasien.', 15, 10, 40, 46, '15_03_50_download_(23).jpg', '2022-12-28 10:36:46', 0, 7000, 'UBE221228103615', '', '0000-00-00'),
(748, 1, 'Ambroxol 30 mg', 'untuk meredakan batuk berdahak akibat beberapa kondisi, seperti bronkitis atau emfisema.', 15, 10, 20, 66, '15_00_30_download_(20).jpg', '2022-12-28 10:38:26', 0, 5000, 'UBE221228103715', '', '0000-00-00'),
(749, 1, 'Mucos tab 30 mg', 'untuk meredakan batuk berdahak akibat beberapa kondisi, seperti bronkitis atau emfisema.', 15, 10, 20, 39, '18_52_13_download_-_2022-12-29T185145.665.jpg', '2022-12-28 10:39:01', 0, 12000, 'UBE221228103832', '', '0000-00-00'),
(750, 1, 'Clopidogrel ', 'untuk mencegah penggumpalan darah sehingga menurunkan risiko serangan jantung dan stroke.', 15, 10, 10, 25, '17_38_20_download_(1).png', '2022-12-28 10:40:27', 0, 30000, 'UBE221228103906', '', '0000-00-00'),
(751, 1, 'Atorvastatin 20mg', 'untuk menurunkan kadar kolesterol jahat (LDL dan trigliserida), dan meningkatkan kolesterol baik (HDL) dalam tubuh.', 15, 10, 6, 7, '15_31_41_download_(50).jpg', '2022-12-28 10:41:23', 0, 40000, 'UBE221228104041', '', '0000-00-00'),
(752, 1, 'Captopril 12,5 mg', 'untuk menurunkan tekanan darah, serta meningkatkan persediaan darah dan oksigen ke jantung.', 15, 10, 10, 46, '17_11_16_download_-_2022-12-28T171028.903.jpg', '2022-12-28 10:45:04', 0, 2500, 'UBE221228104140', '', '0000-00-00'),
(753, 1, 'Captopril 25 mg ', 'untuk menurunkan tekanan darah, serta meningkatkan persediaan darah dan oksigen ke jantung.', 15, 10, 20, 37, '17_13_09_download_-_2022-12-28T170715.137.jpg', '2022-12-28 10:45:37', 0, 3000, 'UBE221228104510', '', '0000-00-00'),
(754, 1, 'Salbutamol 4 mg', 'untuk mengobati bronkospasme (misalnya penyakit asma karena alergi tertentu, asma bronkial, bronkitis asmatis, emfisema pulmonum), dan penyakit paru', 15, 10, 20, 12, '17_01_43_download_-_2022-12-29T170135.840.jpg', '2022-12-28 10:46:38', 0, 4000, 'UBE221228104541', '', '0000-00-00'),
(755, 1, 'Salbutamol 2 mg', 'untuk mengobati bronkospasme (misalnya penyakit asma karena alergi tertentu, asma bronkial, bronkitis asmatis, emfisema pulmonum), dan penyakit paru', 15, 10, 20, 34, '17_01_12_download_-_2022-12-29T170102.457.jpg', '2022-12-28 10:47:08', 0, 3000, 'UBE221228104643', '', '0000-00-00'),
(756, 1, 'Ranitidine 150 mg', 'untuk mengobati penyakit-penyakit yang di sebabkan oleh kelebihan produksi asam lambung, seperti sakit maag dan tukak lambung.', 15, 10, 20, 45, '17_29_21_download_-_2022-12-29T172848.006.jpg', '2022-12-28 10:48:22', 0, 5000, 'UBE221228104713', '', '0000-00-00'),
(757, 1, 'Methylprednisolone 8 mg', 'meredakan peradangan pada berbagai kondisi, termasuk radang sendi, radang usus, asma, psoriasis, lupus, hingga multiple sclerosis. Obat ini juga bisa digunakan dalam pengobatan reaksi alergi yang parah.', 15, 10, 20, 52, '17_57_17_download_(10).png', '2022-12-28 10:50:13', 0, 10000, 'UBE221228104826', '', '0000-00-00'),
(758, 1, 'Methylprednisolone 4 mg', 'meredakan peradangan pada berbagai kondisi, termasuk radang sendi, radang usus, asma, psoriasis, lupus, hingga multiple sclerosis. Obat ini juga bisa digunakan dalam pengobatan reaksi alergi yang parah.', 15, 10, 30, 109, '17_54_59_download_-_2022-12-29T175428.680.jpg', '2022-12-28 10:50:51', 0, 6000, 'UBE221228105018', '', '0000-00-00'),
(759, 1, 'Cetirizine tab', 'membantu mengatasi masalah alergi', 15, 10, 20, 39, '17_31_44_download_-_2022-12-28T173115.881.jpg', '2022-12-28 10:53:07', 0, 5000, 'UBE221228105218', '', '0000-00-00'),
(760, 1, 'Glibenclamide 5 mg', 'menurunkan kadar gula darah dengan cara meningkatkan kalsium intraseluler dalam sel beta pankreas sehingga menstimulasi produksi insulin.', 15, 10, 20, 17, '12_04_46_download_-_2022-12-29T120159.814.jpg', '2022-12-28 10:54:21', 0, 3000, 'UBE221228105311', '', '0000-00-00'),
(761, 1, 'Metformin 500 mg', 'menurunkan kadar gula darah dengan cara meningkatkan kalsium intraseluler dalam sel beta pankreas sehingga menstimulasi produksi insulin.', 15, 10, 40, 86, '17_54_02_download_-_2022-12-29T175345.401.jpg', '2022-12-28 10:55:46', 0, 3500, 'UBE221228105425', '', '0000-00-00'),
(762, 1, 'Diclofenac Sodium', 'bat ini dapat meredakan nyeri pada beberapa kondisi, seperti nyeri haid, nyeri pascaoperasi, atau nyeri sendi akibat radang sendi (arthritis).', 15, 10, 20, 20, '18_15_21_download_-_2022-12-28T181501.236.jpg', '2022-12-28 10:56:51', 0, 6000, 'UBE221228105555', '', '0000-00-00'),
(763, 1, 'Loratadine tablet', 'obat untuk meredakan berbagai gejala alergi. Misalnya hidung meler, bersin-bersin, mata berair, ruam kulit yang terasa gatal, dan biduran.', 15, 10, 20, 79, '17_09_07_download_-_2022-12-29T170847.143.jpg', '2022-12-28 10:58:06', 0, 5000, 'UBE221228105659', '', '0000-00-00'),
(764, 1, 'Domperidone Tablet HJ', 'untuk menghentikan mual dan muntah. Obat ini juga digunakan untuk mengatasi rasa sakit atau rasa tidak nyaman di perut akibat gastroparesis.', 15, 10, 20, 61, '18_17_23_download_-_2022-12-28T181702.003.jpg', '2022-12-28 10:59:47', 0, 6000, 'UBE221228105810', '', '0000-00-00'),
(765, 1, 'Ketoconazole Tablet', 'untuk mengobati infeksi jamur di kulit, seperti panu, kurap, kutu air, kandidiasis, dermatitis seboroik, dan ketombe yang berkaitan dengan jamur.', 15, 10, 20, 66, '16_27_34_download_(3).jpg', '2022-12-28 11:01:12', 0, 8000, 'UBE221228110004', '', '0000-00-00'),
(766, 1, 'Amoxicillin tablet 500 mg', ' infeksi pada telinga tengah, radang tonsil, radang tenggorokan, radang pada laring, bronchitis, pneumonia, infeksi saluran kemih, dan infeksi pada kulit. Amoxicillin juga bisa digunakan untuk mengobati gonorrhea.', 15, 10, 40, 158, '15_06_46_download_(26).jpg', '2022-12-28 11:03:33', 0, 8000, 'UBE221228110147', '', '0000-00-00'),
(767, 1, 'Metamizole Sodium', 'meredakan demam atau kejang otot, ketika obat lain tidak dapat memberikan hasil efektif. Namun, metamizole sodium juga dapat dipergunakan untuk meredakan nyeri akibat beberapa kondisi kesehatan lainnya, seperti sakit kepala dan gigi', 15, 10, 10, 44, '17_53_30_download_-_2022-12-29T175310.585.jpg', '2022-12-28 11:04:36', 0, 7000, 'UBE221228110337', '', '0000-00-00'),
(768, 1, 'Acetylsteine 200 mg Capsul', ' digunakan sebagai mukolitik (pengencer dahak) dan antidot pada pasien yang overdosis Paracetamol.', 15, 10, 20, 35, '14_33_29_download_(1).jpg', '2022-12-28 11:06:01', 0, 13000, 'UBE221228110442', '', '0000-00-00'),
(769, 1, 'Acarbose 50 mg', 'digunakan untuk pasien diabetes melitus tipe 2', 15, 10, 10, 32, '16_29_05_cetirizen.jpg', '2022-12-28 11:08:13', 0, 13000, 'UBE221228110606', '', '0000-00-00'),
(770, 1, 'Acarbose 100 mg', 'digunakan untuk pasien diabetes melitus tipe 2', 15, 10, 10, 36, '16_24_09_bromnifarplus.jpg', '2022-12-28 11:08:45', 0, 17000, 'UBE221228110824', '', '0000-00-00'),
(771, 1, 'Nifedipine 10 mg Tablet', 'untuk mengobati hipertensi dan angina.', 15, 10, 10, 14, '19_23_06_download_(16).png', '2022-12-28 11:09:57', 0, 3000, 'UBE221228110852', '', '0000-00-00'),
(772, 1, 'Bisoprolol 5 mg', ' obat anti hipertensi golongan Beta-Blocker Kardioselektif. ', 15, 10, 10, 39, '16_12_19_download_(89).jpg', '2022-12-28 11:11:13', 0, 10000, 'UBE221228111002', '', '0000-00-00'),
(773, 1, 'Clindamycin 150 mg', 'untuk mengatasi berbagai infeksi bakteri, seperti infeksi pada paru, kulit, darah, organ reproduksi wanita, atau organ dalam.', 15, 10, 5, 17, '17_36_27_download_-_2022-12-28T173615.400.jpg', '2022-12-28 11:12:20', 0, 10000, 'UBE221228111118', '', '0000-00-00'),
(774, 1, 'Clindamycin 300 mg', 'untuk mengatasi berbagai infeksi bakteri, seperti infeksi pada paru, kulit, darah, organ reproduksi wanita, atau organ dalam.', 15, 10, 5, 18, '17_37_13_download_-_2022-12-28T173650.413.jpg', '2022-12-28 11:13:05', 0, 18000, 'UBE221228111224', '', '0000-00-00'),
(775, 1, 'Hufralgin  tablet', 'untuk pengobatan pada dismenore primer, meredakan nyeri ringan hingga sedang, meredakan gejala dan tanda osteoarthritis, meredakan gejala dan tanda rheumatoid arthritis. ', 15, 10, 20, 29, '15_19_20_download_-_2022-12-29T151855.893.jpg', '2022-12-28 11:16:19', 0, 10000, 'UBE221228111518', '', '0000-00-00'),
(776, 1, 'Grathazon tablet', 'untuk mengatasi alergi dan meringankan peradangan, seperti gatal pada kulit, dermatitis, radang tenggorokan, pembengkakan, dan asma.', 15, 10, 20, 93, '12_16_14_download_-_2022-12-29T121202.280.jpg', '2022-12-28 11:17:30', 0, 3000, 'UBE221228111623', '', '0000-00-00'),
(777, 1, 'Acifar Kaplet', 'mengobati infeksi akibat virus seperti pengobatan infeksi herpes simpleks pada kulit & membran mukosa, termasuk herpes genital awal & rekuren.', 15, 10, 0, 0, '14_40_05_Acifar_400.jpg', '2022-12-28 11:18:33', 0, 15000, 'UBE221228111735', '', '0000-00-00'),
(778, 1, 'Hufamag tablet', 'ntuk mengatasi gangguan pada saluran pencernaan seperti gastritis, perut kembung, maag, dispepsia, hiatus hernia, tukak lambung dan tukak usus duabelas jari.', 15, 10, 0, 0, '15_15_13_download_-_2022-12-29T151444.103.jpg', '2022-12-28 11:19:59', 0, 0, 'UBE221228111839', '', '0000-00-00'),
(779, 1, 'Hufadon Tablet', ' untuk mengobati penyakit-penyakit yang disebabkan oleh kelebihan produksi asam lambung, seperti sakit maag dan tukak lambung.', 15, 10, 5, 9, '15_08_28_download_-_2022-12-29T150757.765.jpg', '2022-12-28 11:21:09', 0, 5000, 'UBE221228112004', '', '0000-00-00'),
(780, 1, 'Dexamethasone 0,75 mg', 'obat anti inflamasi golongan kortikosteroid yang berperan dalam mengurangi atau menekan proses peradangan dan alergi yang terjadi pada tubuh.', 15, 10, 40, 28, '18_11_13_download_-_2022-12-28T181035.711.jpg', '2022-12-28 11:22:18', 0, 4000, 'UBE221228112115', '', '0000-00-00'),
(781, 1, 'Omegesic Tablet', 'untuk nyeri saraf, Omegesic juga dapat digunakan untuk membantu meredakan nyeri haid serta nyeri otot.', 15, 10, 5, 9, '19_02_53_download_-_2022-12-29T190151.394.jpg', '2022-12-28 11:24:09', 0, 8000, 'UBE221228112223', '', '0000-00-00'),
(782, 1, 'Mertigo', ' untuk mengobati Vertigo perifer, pusing yg berhubungan dengan gangguan keseimbangan yg terjadi pada gangguan sirkulasi darah atau sindrom meniere, penyakit meniere. ', 15, 10, 5, 11, '17_52_00_download_(8).png', '2022-12-28 11:25:18', 0, 50000, 'UBE221228112419', '', '0000-00-00'),
(783, 1, 'Transamin Tablet', 'untuk membantu menghentikan perdarahan abnormal, perdarahan pada genitalia, peradangan, gatal-gatal pada kulit, serta nyeri pada rongga atau mukosa mulut.', 15, 10, 10, 27, '15_31_53_download_(59).jpg', '2022-12-28 11:26:28', 0, 30000, 'UBE221228112522', '', '0000-00-00'),
(784, 1, 'Thrombo Aspilet', ' untuk mengencerkan darah supaya tidak terjadi penyumbatan di pembuluh darah pada penderita jantung, infark, dan stroke.', 15, 10, 3, 7, '16_13_10_images_(2).jpg', '2022-12-28 11:28:06', 0, 34000, 'UBE221228112649', '', '0000-00-00'),
(785, 1, 'Aspilet Kuning Tablet', ' untuk mengencerkan darah supaya tidak terjadi penyumbatan di pembuluh darah pada penderita jantung, infark, dan stroke.', 15, 10, 10, 30, '15_30_00_download_(48).jpg', '2022-12-28 11:29:07', 0, 8000, 'UBE221228112813', '', '0000-00-00'),
(786, 1, 'Ramipril Tablet 5 mg', 'untuk mengobati hipertensi (tekanan darah tinggi), nefropati diabetik, dan beberapa jenis gagal jantung kronis. ', 15, 10, 10, 37, '17_28_10_download_-_2022-12-29T172757.895.jpg', '2022-12-28 11:30:17', 0, 9000, 'UBE221228112916', '', '0000-00-00'),
(787, 1, 'Vometa FT', 'untuk mual & muntah akut serta dispepsia fungsional.', 15, 10, 5, 11, '14_20_56_download.png', '2022-12-28 11:31:17', 0, 58000, 'UBE221228113022', '', '0000-00-00'),
(788, 1, 'Renabetic Tablet', 'obat anti diabetes tipe 2 ', 15, 10, 20, 58, '17_16_03_download_-_2022-12-29T171543.390.jpg', '2022-12-28 11:33:02', 0, 4000, 'UBE221228113123', '', '0000-00-00'),
(789, 1, 'Teosal Tablet', 'untuk mengatasi gangguan pernapasan akibat penyempitan saluran bronkus, seperti asma bronkial dan bronkitis kronis. ', 15, 10, 10, 36, '16_21_11_download_(86).jpg', '2022-12-28 11:34:19', 0, 4000, 'UBE221228113318', '', '0000-00-00'),
(790, 1, 'Lerzin Capsul', ' berfungsi untuk meredakan gejala alergi seperti mata dan hidung berair, gatal pada mata dan hidung, bersin-bersin, dan gatal pada kulit.', 15, 10, 20, 41, '17_04_49_download_-_2022-12-29T170407.298.jpg', '2022-12-28 11:35:18', 0, 10000, 'UBE221228113425', '', '0000-00-00'),
(791, 1, 'Farsifen 200 mg Tablet', 'obat yang digunakan untuk meredakan demam, sakit kepala, sakit gigi, sakit pada telinga, nyeri haid, dan nyeri ringan lainnya.', 15, 10, 10, 37, '19_02_29_download_-_2022-12-28T190158.022.jpg', '2022-12-28 11:36:55', 0, 6000, 'UBE221228113557', '', '0000-00-00'),
(792, 1, 'Farsifen 400 mg Tablet', 'obat yang digunakan untuk meredakan demam, sakit kepala, sakit gigi, sakit pada telinga, nyeri haid, dan nyeri ringan lainnya.', 15, 10, 10, 22, '19_03_29_download_-_2022-12-28T190252.879.jpg', '2022-12-28 11:37:20', 0, 10000, 'UBE221228113659', '', '0000-00-00');
INSERT INTO `product` (`product_id`, `store_id`, `product_name`, `product_description`, `category_id`, `unit_id`, `product_countlimit`, `product_stock`, `product_picture`, `product_datetime`, `product_buy`, `product_sell`, `product_ube`, `product_batch`, `product_expiredate`) VALUES
(793, 1, 'Gludepatic 500', 'obat antidiabetes generik yang dapat mengontrol dan menurunkan kadar gula darah pada penderita diabetes tipe 2.', 15, 10, 10, 42, '16_22_30_apotek_online_k24klik_2022101203044723085_893429-28-6-2022-10-32-32.png', '2022-12-28 11:38:29', 0, 6000, 'UBE221228113725', '', '0000-00-00'),
(794, 1, 'Hufadine 150mg', 'sakit maag dan tukak lambung.', 15, 10, 10, 35, '15_06_45_download_-_2022-12-29T132507.475.jpg', '2022-12-28 11:39:59', 0, 6000, 'UBE221228113834', '', '0000-00-00'),
(795, 1, 'Proxona', 'untuk mengatasi alergi, seperti alergi pada saluran pernafasan, alergi pada kulit dan alergi pada mata.', 15, 10, 10, 25, '17_25_18_download_-_2022-12-29T172507.465.jpg', '2022-12-28 11:41:42', 0, 5000, 'UBE221228114005', '', '0000-00-00'),
(796, 1, 'Gasela Tablet', 'untuk menghilangkan gejala dan penyakit yang disebabkan meningkatnya produksi asam lambung seperti tukak lambung, tukak usus 12 jari, sakit maag, nyeri ulu hati serta gangguan pencernaan', 15, 10, 10, 57, '20_36_11_download_-_2022-12-28T203555.018.jpg', '2022-12-28 11:42:55', 0, 6000, 'UBE221228114148', '', '0000-00-00'),
(797, 1, 'Lasal 4 mg', ' untuk mengobati penyakit pada saluran pernafasan seperti asma dan penyakit paru obstruktif kronik (PPOK).', 15, 10, 5, 7, '17_00_42_download_(7).png', '2022-12-28 11:43:58', 0, 22000, 'UBE221228114259', '', '0000-00-00'),
(798, 1, 'Voltadex Tablet', 'untuk meredakan nyeri dan peradangan pada beberapa kondisi, seperti nyeri otot karena keseleo atau cedera.', 15, 10, 30, 114, '14_20_15_download_(14).jpg', '2022-12-28 11:45:33', 0, 6000, 'UBE221228114414', '', '0000-00-00'),
(799, 1, 'Lokev Capsul', 'untuk penyakit-penyakit yang disebabkan oleh kelebihan produksi asam lambung.', 15, 10, 20, 31, '17_07_23_download_-_2022-12-29T170707.416.jpg', '2022-12-28 11:46:50', 0, 10000, 'UBE221228114542', '', '0000-00-00'),
(800, 1, 'Mycoral Tablet', 'untuk mengatasi infeksi jamur pada kulit dan selaput mukosa.', 15, 15, 30, 90, '18_53_24_download_-_2022-12-29T185303.959.jpg', '2022-12-28 11:48:30', 0, 6000, 'UBE221228114658', '', '0000-00-00'),
(801, 1, 'Flamigra Tablet', 'ereda nyeri, mengurangigangguaninflamasi (radang), dismenore, nyeri ringan sampai sedang pascaoperasikhususnyaketikapasienjuga mengalamiperadangan.', 15, 10, 10, 41, '20_20_14_download_-_2022-12-28T201950.772.jpg', '2022-12-28 11:49:39', 0, 7000, 'UBE221228114835', '', '0000-00-00'),
(802, 1, 'Lopamid Tablet', 'merupakan obat antidiare', 15, 10, 20, 39, '17_08_33_download_-_2022-12-29T170812.215.jpg', '2022-12-28 11:51:28', 0, 5000, 'UBE221228114944', '', '0000-00-00'),
(803, 1, 'Histigo Tablet', ' untuk mengobati Vertigo perifer, pusing yg berhubungan dengan gangguan keseimbangan yg terjadi pada gangguan sirkulasi darah atau sindrom meniere, penyakit meniere.', 15, 10, 10, 21, '13_15_25_download_-_2022-12-29T131505.163.jpg', '2022-12-28 11:52:40', 0, 10000, 'UBE221228115133', '', '0000-00-00'),
(804, 1, 'Bufacaryl Kaplet', 'untuk membantu mengatasi alergi, seperti rhinitis alergi, dermatitis kontak, ataupun asma.', 15, 10, 20, 48, '16_50_21_download_-_2022-12-28T165005.332.jpg', '2022-12-28 11:54:12', 0, 5000, 'UBE221228115249', '', '0000-00-00'),
(805, 1, 'Imodium Tablet', 'antidiare', 15, 15, 30, 136, '15_36_44_download_-_2022-12-29T153604.652.jpg', '2022-12-28 11:55:38', 0, 11000, 'UBE221228115416', '', '0000-00-00'),
(806, 1, 'Mexon Tablet', ' gejala alergi, seperti rhinitis alergi, gatal, dan ruam ', 15, 10, 5, 24, '17_59_55_download_-_2022-12-29T175935.076.jpg', '2022-12-28 11:56:57', 0, 5000, 'UBE221228115546', '', '0000-00-00'),
(807, 1, 'Molacort 0,75 MG', 'berperan dalam mengurangi atau menekan proses peradangan dan alergi yang terjadi pada tubuh.', 15, 10, 20, 43, '18_42_14_download_-_2022-12-29T184154.026.jpg', '2022-12-28 11:58:06', 0, 3000, 'UBE221228115702', '', '0000-00-00'),
(808, 1, 'Dexa-M tablet', 'berperan dalam mengurangi atau menekan proses peradangan dan alergi yang terjadi pada tubuh.', 15, 10, 20, 73, '18_01_17_dexa_m_0_75_mg_strip_10_tablet_11.jpg', '2022-12-28 12:00:03', 0, 2500, 'UBE221228115858', '', '0000-00-00'),
(809, 1, 'Buscopan Plus', 'untuk nyeri paroksismal pada lambung atau usus halus, nyeri spastik pada saluran empedu, saluran kemih dan organ genital wanita.', 15, 10, 5, 5, '16_53_39_download_-_2022-12-28T165324.009.jpg', '2022-12-28 12:01:07', 0, 24000, 'UBE221228120008', '', '0000-00-00'),
(810, 1, 'Trisela Tablet', 'mengurangi rasa gatal yang dapat diikuti oleh ruam (gatal) di bagian tubuh tertentu karena suatu alergi.', 15, 10, 10, 22, '15_21_01_download_(48).jpg', '2022-12-28 12:02:09', 0, 10000, 'UBE221228120112', '', '0000-00-00'),
(811, 1, 'Spasminal Tablet', 'untuk mengobati nyeri yang timbul pada keadaan kolik.', 15, 10, 20, 44, '16_46_45_download_-_2022-12-29T164637.276.jpg', '2022-12-28 12:04:05', 0, 11000, 'UBE221228120214', '', '0000-00-00'),
(812, 1, 'Opistan Tablet', 'sebagai pereda nyeri, dismenore, nyeri ringan khususnya ketika pasien juga mengalami peradangan, dan mengurangi gangguan inflamasi (peradangan) secara umum.', 15, 10, 20, 43, '18_50_19_download_-_2022-12-29T185000.947.jpg', '2022-12-28 12:05:19', 0, 10000, 'UBE221228120424', '', '0000-00-00'),
(813, 1, 'Kaditic Tablet', 'sebagai pengobatan jangka pendek pada nyeri akibat trauma, mengatasi peradangan, meringankan nyeri setelah operasi, serta sebagai pengobatan pendukung untuk peradangan akibat infeksi telinga, hidung, serta tenggorokan (THT).', 15, 10, 10, 27, '16_12_04_download_-_2022-12-29T161145.433.jpg', '2022-12-28 12:06:34', 0, 8000, 'UBE221228120523', '', '0000-00-00'),
(814, 1, 'Kalmethasone 0,5 mg', 'mengurangi atau menekan proses peradangan dan alergi yang terjadi pada tubuh.', 15, 10, 20, 92, '16_13_51_download_-_2022-12-29T161325.605.jpg', '2022-12-28 12:07:28', 0, 2500, 'UBE221228120640', '', '0000-00-00'),
(815, 1, 'Dramamin Tablet', 'untuk meredakan dan mencegah gejala-gejala akibat mabuk perjalanan, seperti rasa mual, muntah, serta pusing.', 15, 10, 10, 14, '18_22_16_download_-_2022-12-28T182146.913.jpg', '2022-12-28 12:08:15', 0, 26000, 'UBE221228120733', '', '0000-00-00'),
(816, 1, 'Interhistin Tablet', ' untuk mengobati alergi seperti urtikaria, rinitis dan gatal pada kulit', 15, 10, 5, 1, '15_52_50_download_-_2022-12-29T155211.551.jpg', '2022-12-28 12:09:29', 0, 10000, 'UBE221228120820', '', '0000-00-00'),
(817, 1, 'Megasonum 0,75 MG', 'ntuk mengobati berbagai kondisi seperti alergi, kondisi kulit, radang usus besar, peradangan sendi, lupus, psoriasis (gangguan kulit akibat autoimun), atau gangguan pernafasan.', 15, 10, 5, 15, '17_48_48_download_-_2022-12-29T174829.253.jpg', '2022-12-28 12:10:29', 0, 3000, 'UBE221228120934', '', '0000-00-00'),
(818, 1, 'Glucophage 500', 'obat antidiabetes generik yang dapat mengontrol dan menurunkan kadar gula darah pada penderita diabetes tipe 2.', 15, 10, 10, 25, '12_07_12_download_-_2022-12-29T120658.276.jpg', '2022-12-28 12:11:47', 0, 25000, 'UBE221228121044', '', '0000-00-00'),
(819, 1, 'Lanadexon 0,5 mg', 'sebagai anti alergi, imunosupresan, anti inflamasi. ', 15, 10, 20, 76, '16_53_54_download_-_2022-12-29T165337.035.jpg', '2022-12-28 12:12:41', 0, 4000, 'UBE221228121151', '', '0000-00-00'),
(820, 1, 'Vectrine 300 mg', ' untuk mengobati gangguan saluran pernapasan akut dan kronis, termasuk batuk pada penderita eksaserbasi akut bronkhitis akut.', 15, 10, 0, 0, '15_10_17_download_(40).jpg', '2022-12-28 12:14:23', 0, 71000, 'UBE221228121320', '', '0000-00-00'),
(821, 1, 'Anastan Forte', ' sebagai anti nyeri pada tingkat ringan hingga sedang. Obat ini sering digunakan untuk meredakan sakit kepala, sakit gigi, nyeri haid, nyeri pada otot dan sendi, serta nyeri paska operasi.', 15, 10, 20, 43, '15_11_05_download_(31).jpg', '2022-12-28 12:15:32', 0, 8000, 'UBE221228121439', '', '0000-00-00'),
(822, 1, 'Yusimox Tablet', 'untuk batuk pilek, namun beberapa infeksi juga dapat diatasi oleh Yusimox.', 15, 10, 10, 52, '14_14_17_download_(9).jpg', '2022-12-28 12:16:59', 0, 12000, 'UBE221228121538', '', '0000-00-00'),
(823, 1, 'Amoxan Tablet', 'obat antibiotika yang digunakan untuk mengatasi infeksi pada saluran pernafasan atas, infeksi saluran kemih, saluran cerna, kulit dan jaringan lunak serta demam tifoid pada anak.', 15, 10, 5, 4, '15_07_30_download_(27).jpg', '2022-12-28 12:18:09', 0, 48000, 'UBE221228121705', '', '0000-00-00'),
(824, 1, 'Wiros 20 mg', 'meredakan nyeri akibat asam urat dan radang sendi.', 15, 10, 3, 6, '13_59_30_download_(4).jpg', '2022-12-28 12:19:26', 0, 4000, 'UBE221228121813', '', '0000-00-00'),
(825, 1, 'Alofar 100 mg', 'untuk menurunkan kadar asam urat dalam darah', 15, 10, 10, 33, '14_56_33_download_(15).jpg', '2022-12-28 12:20:26', 0, 6000, 'UBE221228121933', '', '0000-00-00'),
(826, 1, 'Alofar 300 mg', 'untuk menurunkan kadar asam urat dalam darah', 15, 10, 5, 18, '14_57_38_download_(16).jpg', '2022-12-28 12:21:10', 0, 8000, 'UBE221228122032', '', '0000-00-00'),
(827, 1, 'Zoralin Tablet', 'sebagai anti jamur pada kulit dan selaput mukosa, infeksi dermatofita pada kulit atau kuku tangan, dan kandidiasis.', 15, 10, 10, 31, '13_57_39_download_(2).jpg', '2022-12-28 12:41:11', 0, 20000, 'UBE221228124029', '', '0000-00-00'),
(829, 1, 'Pronicy Tablet', 'mengobati berbagai macam alergi yang bekerja dengan cara menghambat efek histamin di tubuh.', 15, 10, 10, 35, '17_38_26_download_-_2022-12-29T173814.399.jpg', '2022-12-28 12:42:44', 0, 5000, 'UBE221228124206', '', '0000-00-00'),
(830, 1, 'Gratheos Tablet', 'sebagai pereda nyeri, mengurangi gangguan inflamasi (radang), dismenore, nyeri ringan sampai sedang pasca operasi khususnya ketika pasien juga mengalami peradangan.', 15, 10, 20, 37, '12_16_36_download_-_2022-12-29T121224.344.jpg', '2022-12-28 12:43:23', 0, 7000, 'UBE221228124248', '', '0000-00-00'),
(831, 1, 'Lodia Tablet', 'untuk mengobati diare akut dan kronis. ', 15, 10, 10, 45, '17_06_43_download_-_2022-12-29T170622.241.jpg', '2022-12-28 12:43:55', 16000, 0, 'UBE221228124327', '', '0000-00-00'),
(832, 1, 'Renadinac Tablet', 'pereda nyeri, mengurangi gangguan inflamasi (radang), dismenore, nyeri ringan sampai sedang pasca operasi khususnya ketika pasien juga mengalami peradangan, dapat juga di gunakan sebagai pereda nyeri pada penderita arthritis, rheumatoid arthritis, osteoar', 15, 10, 20, 39, '17_18_46_download_-_2022-12-29T171554.806.jpg', '2022-12-28 12:44:38', 0, 7000, 'UBE221228124400', '', '0000-00-00'),
(833, 1, 'Lameson 4mg Tablet', ' untuk keadaan alergi dan mengurangi peradangan atau supresi inflamasi.', 15, 10, 5, 12, '16_52_46_download_-_2022-12-29T165227.597.jpg', '2022-12-28 12:45:19', 0, 52000, 'UBE221228124443', '', '0000-00-00'),
(834, 1, 'Lacto-B', 'suplemen probiotik yang digunakan untuk mengobati diare.', 13, 13, 20, 51, '16_50_22_download_-_2022-12-29T165003.375.jpg', '2022-12-28 12:48:01', 0, 9000, 'UBE221228124603', '', '0000-00-00'),
(835, 1, 'L-BIO', 'menjaga keseimbangan bakteri baik dalam saluran pencernaan.', 13, 13, 10, 53, '16_48_49_download_-_2022-12-29T164824.231.jpg', '2022-12-28 12:49:10', 0, 11000, 'UBE221228124811', '', '0000-00-00'),
(836, 1, 'Super Hoid suppositoria', 'meredakan gejala nyeri akibat wasir', 14, 9, 12, 28, '16_35_47_download_-_2022-12-29T163538.580.jpg', '2022-12-28 12:50:22', 0, 8000, 'UBE221228124918', '', '0000-00-00'),
(837, 1, 'Proris Suppositoria', 'obat pereda nyeri yang dimasukkan melalui dubur. ', 15, 9, 3, 6, '17_23_12_download_-_2022-12-29T172236.897.jpg', '2022-12-28 12:52:09', 0, 8000, 'UBE221228125059', '', '0000-00-00'),
(838, 1, 'Dulcolax Supp', 'ntuk mengatasi sembelit atau konstipasi dengan merangsang motilitas usus terutama usus besar.', 14, 9, 5, 19, '18_23_33_download_-_2022-12-28T182313.056.jpg', '2022-12-28 12:53:21', 0, 25000, 'UBE221228125215', '', '0000-00-00'),
(839, 1, 'Flagystatin Ovule', 'obat keputihan yang berbentuk ovula, sering diresepkan dokter untuk mengobati keputihan akibat jamur dan parasit.', 15, 9, 0, 0, '20_19_25_download_-_2022-12-28T201905.748.jpg', '2022-12-28 12:55:36', 0, 0, 'UBE221228125419', '', '0000-00-00'),
(840, 1, 'Otopain Ear Drop', ' untuk mengatasi penyakit infeksi pada telinga dengan beberapa gejalanya berupa rasa nyeri, bengkak, gatal dan telinga berair.', 15, 16, 0, 0, '18_57_00_download_-_2022-12-29T185044.355.jpg', '2022-12-28 12:57:19', 0, 0, 'UBE221228125540', '', '0000-00-00'),
(841, 1, 'OTSU RL (500ML)', 'untuk membantu mengembalikan keseimbangan elektrolit pada pasien dehidrasi.', 15, 8, 5, 18, '18_57_51_download_-_2022-12-29T185615.118.jpg', '2022-12-28 12:59:41', 0, 15000, 'UBE221228125744', '', '0000-00-00'),
(842, 1, 'OTSU NS (500 ML)', 'untuk membantu mengembalikan keseimbangan elektrolit pada pasien dehidrasi.', 15, 8, 5, 3, '18_57_29_images_(13).jpg', '2022-12-28 13:00:55', 0, 15000, 'UBE221228125945', '', '0000-00-00'),
(844, 1, 'We Care M\'10', 'mengontrol kuman dalam air seni dan kotoran, dan mengontrol dan menetralisir bau tidak sedap.', 13, 16, 0, 0, '14_24_11_download_(18).jpg', '2022-12-28 13:04:15', 0, 53500, 'UBE221228130212', '', '0000-00-00'),
(845, 1, 'We Care M\'2', 'mengontrol kuman dalam air seni dan kotoran, dan mengontrol dan menetralisir bau tidak sedap.', 13, 16, 0, 0, '14_24_46_download_(19).jpg', '2022-12-28 13:04:53', 0, 13000, 'UBE221228130420', '', '0000-00-00'),
(846, 1, 'We Care L\'8', 'mengontrol kuman dalam air seni dan kotoran, dan mengontrol dan menetralisir bau tidak sedap.', 13, 16, 0, 0, '14_23_34_download_(17).jpg', '2022-12-28 13:05:49', 0, 53500, 'UBE221228130459', '', '0000-00-00'),
(847, 1, 'We Care L\'2', 'mengontrol kuman dalam air seni dan kotoran, dan mengontrol dan menetralisir bau tidak sedap.', 13, 16, 0, 0, '14_22_55_download_(16).jpg', '2022-12-28 13:06:36', 0, 15000, 'UBE221228130554', '', '0000-00-00'),
(848, 1, 'We Care XL\'8', 'mengontrol kuman dalam air seni dan kotoran, dan mengontrol dan menetralisir bau tidak sedap.', 13, 16, 0, 0, '14_25_48_download_(21).jpg', '2022-12-28 13:07:35', 0, 66000, 'UBE221228130650', '', '0000-00-00'),
(849, 1, 'We Care XL\'2', 'mengontrol kuman dalam air seni dan kotoran, dan mengontrol dan menetralisir bau tidak sedap.', 13, 16, 0, 0, '14_25_20_download_(20).jpg', '2022-12-28 13:08:25', 0, 18000, 'UBE221228130752', '', '0000-00-00'),
(850, 1, 'Underpads', ' alas yang dapat menyerap dan menahan cairan dengan cepat dan mudah.', 13, 16, 0, 0, '15_27_38_images_(1).jpg', '2022-12-28 13:09:33', 0, 37000, 'UBE221228130856', '', '0000-00-00'),
(851, 1, 'Lameson Tablet 8 mg', 'untuk terapi supresi inflamasi (peradangan) dan untuk menangani gatal-gatal, kemerahan, dan kekeringan pada kulit, pada beberapa individu dapat mengobati sariawan pada mulut.', 15, 10, 2, 1, '16_53_22_download_-_2022-12-29T165304.852.jpg', '2022-12-28 13:10:27', 0, 80000, 'UBE221228130939', '', '0000-00-00'),
(852, 1, 'Myonal Tablet 50 mg', 'untuk merelaksasi otot pada kondisi kejang otot atau spasme muskuloskeletal. ', 15, 10, 2, 4, '18_59_19_download_-_2022-12-29T185901.778.jpg', '2022-12-28 13:11:44', 0, 87000, 'UBE221228131032', '', '0000-00-00'),
(853, 1, 'Estalex 50 mg Tablet ', 'untuk merelaksasi otot pada kondisi kejang otot atau spasme muskuloskeletal. ', 15, 10, 1, 2, '18_44_16_download_-_2022-12-28T184352.434.jpg', '2022-12-28 13:12:47', 0, 18000, 'UBE221228131149', '', '0000-00-00'),
(854, 1, 'CEK KOLESTEROL', 'cek darah', 15, 10, 5, 1, '17_28_05_download_-_2022-12-28T172659.177.jpg', '2022-12-28 13:13:24', 0, 25000, 'UBE221228131252', '', '0000-00-00'),
(855, 1, 'CEK GULA', 'cek darah', 15, 10, 5, 7, '17_27_47_download_-_2022-12-28T172659.177.jpg', '2022-12-28 13:14:30', 0, 13000, 'UBE221228131406', '', '0000-00-00'),
(856, 1, 'CEK ASAM URAT', 'cek darah', 15, 10, 5, 33, '17_27_17_download_-_2022-12-28T172659.177.jpg', '2022-12-28 13:15:12', 0, 13000, 'UBE221228131437', '', '0000-00-00'),
(857, 1, 'Aqua Vit', 'minum', 17, 8, 5, 10, '15_26_16_download_(46).jpg', '2022-12-28 13:15:50', 0, 4000, 'UBE221228131521', '', '0000-00-00'),
(858, 1, 'Bear Brand susu', 'minum', 17, 8, 6, 29, '15_41_00_download_(59).jpg', '2022-12-28 13:16:48', 0, 12000, 'UBE221228131556', '', '0000-00-00'),
(859, 1, 'Teh Kotak', 'minum', 17, 8, 5, 11, '16_27_36_download_(93).jpg', '2022-12-28 13:17:15', 0, 5000, 'UBE221228131654', '', '0000-00-00'),
(860, 1, 'Ultra Milk 200 ml', 'minum', 17, 8, 0, 0, '15_23_26_download_(52).jpg', '2022-12-28 13:17:41', 0, 6000, 'UBE221228131719', '', '0000-00-00'),
(861, 1, 'Teh Pucuk', 'minum', 17, 8, 5, 8, '16_28_08_download_(94).jpg', '2022-12-28 13:18:09', 0, 5000, 'UBE221228131748', '', '0000-00-00'),
(862, 1, 'Pulpy Orange ', 'minum', 17, 8, 3, 7, '17_26_33_download_-_2022-12-29T172619.990.jpg', '2022-12-28 13:18:39', 0, 5000, 'UBE221228131814', '', '0000-00-00'),
(863, 1, 'Floridina', 'minum', 17, 8, 3, 6, '20_21_36_download_-_2022-12-28T202115.779.jpg', '2022-12-28 13:19:05', 0, 5000, 'UBE221228131845', '', '0000-00-00'),
(864, 1, 'Pocari Sweat', 'minum', 17, 8, 5, 20, '18_02_47_images_(7).jpg', '2022-12-28 13:19:27', 0, 8000, 'UBE221228131910', '', '0000-00-00'),
(865, 1, 'Ultra mimi Strawberry', 'minum', 17, 8, 5, 26, '15_24_36_download_(54).jpg', '2022-12-28 13:19:58', 0, 4000, 'UBE221228131931', '', '0000-00-00'),
(866, 1, 'Ultra mimi Coklat', 'minum', 17, 8, 5, 13, '15_24_00_download_(53).jpg', '2022-12-28 13:20:34', 0, 4000, 'UBE221228132005', '', '0000-00-00'),
(867, 1, 'Larutan Kaleng DWS', 'minum', 17, 8, 5, 9, '16_58_05_download_-_2022-12-29T165600.290.jpg', '2022-12-28 13:21:58', 0, 8000, 'UBE221228132041', '', '0000-00-00'),
(868, 1, 'Larutan Kaleng ANAK', 'minum', 17, 8, 0, 0, NULL, '2022-12-28 13:24:28', 0, 7000, 'UBE221228132357', '', '0000-00-00'),
(869, 1, 'Larutan Botol Besar', 'minum', 17, 8, 3, 7, '16_56_35_download_-_2022-12-29T165543.234.jpg', '2022-12-28 13:25:04', 0, 8000, 'UBE221228132435', '', '0000-00-00'),
(870, 1, 'Larutan Botol Kecil', 'minum', 17, 8, 3, 5, '16_56_55_download_-_2022-12-29T165543.234.jpg', '2022-12-28 13:25:37', 0, 5000, 'UBE221228132509', '', '0000-00-00'),
(871, 1, 'C 1000 You C', 'minum', 17, 8, 0, 0, '16_57_52_images_(4).jpg', '2022-12-28 13:26:17', 0, 10000, 'UBE221228132543', '', '0000-00-00'),
(872, 1, 'Madu Nusantara BESAR', 'madu', 17, 8, 1, 3, '17_21_48_download_-_2022-12-29T172049.661.jpg', '2022-12-28 13:26:59', 0, 173000, 'UBE221228132628', '', '0000-00-00'),
(873, 1, 'Madu Nusantara KECIL', 'madu', 17, 8, 1, 2, '17_22_11_download_-_2022-12-29T172106.180.jpg', '2022-12-28 13:27:31', 0, 86000, 'UBE221228132704', '', '0000-00-00'),
(874, 1, 'Kiranti', 'Untuk nyeri haid', 17, 8, 0, 0, '16_28_10_download_-_2022-12-29T162752.825.jpg', '2022-12-28 13:28:04', 0, 7000, 'UBE221228132739', '', '0000-00-00'),
(875, 1, 'Hufagrip BP Dewasa 60ml', 'untuk meringankan gejala flu seperti hidung tersumbat dan bersin-bersin yang disertai batuk kering', 14, 8, 0, 0, '15_10_18_download_-_2022-12-29T151003.563.jpg', '2022-12-28 13:31:52', 0, 0, 'UBE221228133041', '', '0000-00-00'),
(876, 1, 'Hufarizine Syirup 60ml', 'mengobati gejala atau keluhan akibat reaksi alergi, seperti bersin-bersin dan pilek, hidung gatal, mata gatal dan berair, kulit gatal, biduran, atau reaksi alergi yang disebabkan oleh makanan, misalnya seafood.', 15, 8, 0, 0, '15_18_41_download_-_2022-12-29T151824.356.jpg', '2022-12-28 13:32:42', 0, 12000, 'UBE221228133157', '', '0000-00-00'),
(877, 1, 'Yrins Mata', 'membersihkan, menyejukkan, dan menyegarkan mata yang lelah dan sakit, serta meringankan iritasi ringan akibat debu dan asap.', 13, 8, 0, 0, '14_00_47_download_(6).jpg', '2022-12-28 13:34:19', 0, 20000, 'UBE221228133323', '', '0000-00-00'),
(878, 1, 'Atorvastatin 10mg', 'menurunkan peningkatan kolesterol total, kolesterol LDL, apo-B & trigliserida pada pasien dengan hiperkolesterolemia primer, hiperlipidemia kombinasi (campuran) & hiperkolesterolemia familial heterozigot & homozigot bila respons terhadap diet & tindakan n', 15, 10, 10, 13, '15_33_05_download_(51).jpg', '2022-12-28 15:33:05', 0, 12000, 'UBE221228153146', '', '0000-00-00'),
(879, 1, 'Konicare Minyak Telon 125ml', 'membantu memberikan rasa hangat pada bayi dan membantu meredakan perut kembung. Membantu meredakan perut kembung serta memberikan rasa hangat pada tubuh bayi dan membantu meredakan perut kembung. ', 13, 8, 1, 1, '16_38_47_download_-_2022-12-29T163821.400.jpg', '2022-12-29 09:09:49', 0, 44000, 'UBE221229090429', '', '0000-00-00'),
(880, 1, 'Madu Rasa Jeruk', 'meningkatkan kesehatan secara umum dan mencegah terjadinya serangan infeksi,menambah nafsu makan, vitalitas, meremajakan kulit, dan menambah gizi.', 13, 13, 12, 47, '17_24_29_download_-_2022-12-29T172255.619.jpg', '2022-12-29 09:46:20', 0, 1000, 'UBE221229094354', '', '0000-00-00'),
(881, 1, 'Madu Angkak Plus ', 'membantu mengatasi penyakit seperti demam, demam berdarah, thypus, maag, masalah pencernaan, meningkatkan nafsu makan, stamina, serta memelihara daya tahan tubuh.', 16, 8, 1, 1, '17_13_03_images_(31).jpg', '2022-12-29 12:06:50', 0, 50000, 'UBE221229120557', '', '0000-00-00'),
(882, 1, 'Siladex Antitusive 30ml', ' meredakan batuk tidak berdahak atau batuk kering yang disertai alergi.', 14, 8, 0, 0, '16_38_53_download_-_2022-12-29T163840.891.jpg', '2022-12-29 12:12:21', 0, 10000, 'UBE221229121139', '', '0000-00-00'),
(883, 1, 'Hansaplast Koyo Hangat', 'mambantu meredakan rasa nyeri yang disebabkan oleh nyeri otot, nyeri sendi, terkilir, dan punggung pegal.', 13, 7, 5, 2, '12_37_18_download_-_2022-12-29T121918.434.jpg', '2022-12-29 12:37:18', 0, 7000, 'UBE221229123622', '', '0000-00-00'),
(885, 1, 'Gentalex Salep', 'untuk mengobati penyakit kulit akibat infeksi oleh bakteri yang peka.', 15, 11, 0, 0, '13_10_45_download_-_2022-12-29T130932.070.jpg', '2022-12-29 13:10:45', 0, 7000, 'UBE221229130858', '', '0000-00-00'),
(886, 1, 'Cessa Baby Oil Hijau', 'menggantikan atau melengkapi pemakaian obat-obatan medis saat bayi atau anak mengalami flu, batuk, demam dan berbagai keluhan ringan lainnya.', 13, 8, 0, 2, '13_53_32_download.jpg', '2022-12-29 13:52:49', 0, 38000, 'UBE221229134722', '', '0000-00-00'),
(887, 1, 'Cessa Baby Oil Biru', 'menggantikan atau melengkapi pemakaian obat-obatan medis saat bayi atau anak mengalami flu, batuk, demam dan berbagai keluhan ringan lainnya.', 13, 8, 2, 4, '13_54_27_images.jpg', '2022-12-29 13:54:27', 0, 38000, 'UBE221229135338', '', '0000-00-00'),
(888, 1, 'Dexteem Plus', 'untuk mengobati kasus-kasus alergi dan inflamasi yang membutuhkan terapi dengan kortikosteroid, seperti gatal-gatal pada kulit, dermatitis (eksim), reaksi alergi obat, rhinitis alergi, asma, dan lain-lain.', 15, 10, 30, 95, '11_21_21_download_-_2022-12-30T112020.288.jpg', '2022-12-30 11:21:21', 0, 5000, 'UBE221230111932', '', '0000-00-00'),
(889, 1, 'Woods Antitusive 60 ml', 'untuk meringankan rasa batuk tidak berdahak yang disebabkan oleh alergi pada saluran pernapasan bagian atas.', 14, 8, 5, 14, '11_58_54_download_-_2022-12-30T115822.778.jpg', '2022-12-30 11:58:54', 0, 22000, 'UBE221230115609', '', '0000-00-00'),
(890, 1, 'Mertigo /butir', ' pusing yg berhubungan dengan gangangguan keseimbangan yg terjadi pada gangguan sirkulasi darah atau sindrom meniere, penyakit meniere', 15, 15, 1, 2, '17_45_05_download_(1).png', '2022-12-30 17:45:05', 0, 8000, 'UBE221230174308', '', '0000-00-00'),
(891, 1, 'Betadine Atiseptic Skin Cleaner 100ml', 'merupakan sabun cair antiseptik dengan kandungan Povidon iodine 7.5%. Produk ini digunakan untuk mengatasi masalah pada kulit seperti jerawat dan gatal-gatal, disinfeksi tangan sebelum operasi, dan menjaga kesehatan kulit.', 13, 8, 1, 3, '20_22_43_download_-_2022-12-30T202147.951.jpg', '2022-12-30 20:22:43', 0, 40000, 'UBE221230202042', '', '0000-00-00'),
(892, 1, 'Inhaler Lang', 'membantu melegakan hidung tersumbat yang disertai dengan flu dan pilek. Kandungan menthol dan champora dalam Inhaler Lang berfungsi melegakan saluran pernafasan terutama pada rongga hidung.', 13, 7, 5, 0, '09_46_09_download_-_2022-12-31T094514.997.jpg', '2022-12-31 09:45:26', 0, 10000, 'UBE221231094439', '', '0000-00-00'),
(893, 1, 'Hot In Botol 60gr', 'mengatasi capek, pegal, dan nyeri otot yang mengganggu aktivitas harian, masuk angin, perut kembung dan sakit kepala. Krim ini nyaman dipakai, panasnya pas, mudah meresap, dan tidak lengket di kulit, serta tidak meninggalkan bekas.', 13, 8, 3, 9, '18_45_45_download_-_2022-12-31T184514.309.jpg', '2022-12-31 18:45:45', 0, 15000, 'UBE221231184416', '', '0000-00-00'),
(894, 1, 'Hot In Strong Botol 60gr', 'mengatasi capek, pegal, dan nyeri otot yang mengganggu aktivitas harian, masuk angin, perut kembung dan sakit kepala. Krim ini nyaman dipakai, panasnya pas, mudah meresap, dan tidak lengket di kulit, serta tidak meninggalkan bekas.', 13, 8, 3, 10, '18_47_02_images_(14).jpg', '2022-12-31 18:47:02', 0, 15000, 'UBE221231184550', '', '0000-00-00'),
(895, 1, 'Hot In Cream Aromatherapy 60gr', 'mengatasi capek, pegal, dan nyeri otot yang mengganggu aktivitas harian, masuk angin, perut kembung dan sakit kepala. Krim ini nyaman dipakai, panasnya pas, mudah meresap, dan tidak lengket di kulit, serta tidak meninggalkan bekas.', 13, 11, 3, 3, '18_48_30_images_(15).jpg', '2022-12-31 18:48:30', 0, 19000, 'UBE221231184708', '', '0000-00-00'),
(896, 1, 'Ketoconazole Salep 15gr', 'Ketokonazol digunakan untuk mengobati infeksi kulit seperti kutu air, gatal di selangkangan, kurap, dan jenis ketombe tertentu.', 14, 11, 3, 8, '19_04_26_download_-_2022-12-31T190329.043.jpg', '2022-12-31 19:04:26', 0, 16000, 'UBE221231190301', '', '0000-00-00'),
(897, 1, 'Adem Sari', 'meredakan gejala panas dalam, seperti sariawan, sakit tenggorokan, dan susah buang air besar. Selain itu, produk ini juga dipercaya dapat membantu meredakan gejala flu', 16, 13, 5, 25, '20_23_19_download_-_2022-12-31T202239.992.jpg', '2022-12-31 20:23:19', 0, 3000, 'UBE221231202201', '', '0000-00-00'),
(898, 1, 'Mucopect Syrup', 'untuk batuk berdahak pada anak', 15, 8, 3, 5, '17_39_03_download_-_2023-01-01T173815.006.jpg', '2023-01-01 17:39:03', 0, 68000, 'UBE230101173056', '', '0000-00-00'),
(899, 1, 'Natur -E Oren 300', 'merawat kesehatan kulit. Suplemen ini mengandung vitamin E yang berasal dari bahan alami, seperti minyak biji gandum dan minyak biji bunga matahari. Vitamin E memiliki efek antioksidan. Antioksidan bisa menjaga sel dan jaringan termasuk kulit dari efek ra', 13, 16, 1, 2, '14_16_21_download_-_2023-01-02T141516.646.jpg', '2023-01-02 14:15:37', 0, 40000, 'UBE230102141434', '', '0000-00-00'),
(900, 1, 'Minyak Ikan Butiran', 'Mengonsumsi minyak ikan dalam dosis kecil pun dapat membantu mengurangi tekanan darah pada orang dengan level tinggi', 13, 15, 1, 4, '14_45_12_download_-_2023-01-02T144437.936.jpg', '2023-01-02 14:45:12', 0, 3000, 'UBE230102144340', '', '0000-00-00'),
(901, 1, 'Breathy Nasal Spray', ' untuk melembabkan membran nasal (hidung) yang kering dan meradang karena pilek, alergi, kelembaban yang rendah, dan iritasi hidung yang lainnya.', 14, 8, 1, 1, '09_48_19_download_-_2023-01-04T094646.319.jpg', '2023-01-04 09:48:19', 0, 111000, 'UBE230104094607', '', '0000-00-00'),
(902, 0, 'test botol', 'test b', 1, 6, 3, 3, NULL, '2023-02-23 15:15:29', 0, 0, 'UBE230223151507', NULL, NULL),
(903, 0, 'test va', 'tv', 6, 6, 3, 3, NULL, '2023-02-23 15:16:16', 4, 5, 'UBE230223151549', NULL, NULL);

-- --------------------------------------------------------

--
-- Table structure for table `promo`
--

CREATE TABLE `promo` (
  `promo_id` bigint(20) UNSIGNED NOT NULL,
  `promo_name` varchar(255) COLLATE utf8mb4_unicode_ci NOT NULL,
  `promo_price` int(11) NOT NULL,
  `promo_type` int(11) NOT NULL COMMENT '0=nominal, 1=persen',
  `promo_min` int(11) NOT NULL COMMENT 'minimal pembelian',
  `promo_max` int(11) NOT NULL COMMENT 'maksimal harga promo',
  `promo_date_active` timestamp NOT NULL DEFAULT current_timestamp(),
  `promo_date_deactive` timestamp NOT NULL DEFAULT current_timestamp(),
  `created_at` timestamp NULL DEFAULT NULL,
  `updated_at` timestamp NULL DEFAULT NULL
) ENGINE=InnoDB DEFAULT CHARSET=utf8mb4 COLLATE=utf8mb4_unicode_ci;

-- --------------------------------------------------------

--
-- Table structure for table `promoprod`
--

CREATE TABLE `promoprod` (
  `promoprod_id` bigint(20) UNSIGNED NOT NULL,
  `promo_id` int(11) NOT NULL,
  `product_id` int(11) NOT NULL,
  `promoprod_qty` int(11) NOT NULL COMMENT 'jumlah minimal product',
  `created_at` timestamp NULL DEFAULT NULL,
  `updated_at` timestamp NULL DEFAULT NULL
) ENGINE=InnoDB DEFAULT CHARSET=utf8mb4 COLLATE=utf8mb4_unicode_ci;

-- --------------------------------------------------------

--
-- Table structure for table `purchase`
--

CREATE TABLE `purchase` (
  `purchase_id` int(11) NOT NULL,
  `purchase_no` varchar(20) NOT NULL,
  `purchase_date` date NOT NULL,
  `supplier_id` int(11) NOT NULL,
  `purchase_datetime` datetime NOT NULL DEFAULT current_timestamp(),
  `store_id` int(11) NOT NULL,
  `cashier_id` int(11) NOT NULL,
  `purchase_ppn` int(11) NOT NULL
) ENGINE=InnoDB DEFAULT CHARSET=utf8mb4;

--
-- Dumping data for table `purchase`
--

INSERT INTO `purchase` (`purchase_id`, `purchase_no`, `purchase_date`, `supplier_id`, `purchase_datetime`, `store_id`, `cashier_id`, `purchase_ppn`) VALUES
(10, 'PUR202212301022211', '2022-12-30', 5, '2022-12-30 10:22:21', 1, 17, 0),
(11, 'PUR202212301029241', '2022-12-30', 5, '2022-12-30 10:29:24', 1, 17, 0),
(12, 'PUR202212301047401', '2022-12-30', 4, '2022-12-30 10:47:40', 1, 17, 0),
(13, 'PUR202212301058401', '2022-12-30', 4, '2022-12-30 10:58:40', 1, 17, 0),
(14, 'PUR202212301106141', '2022-12-30', 4, '2022-12-30 11:06:14', 1, 17, 0),
(15, 'PUR202212301110541', '2022-12-30', 4, '2022-12-30 11:10:54', 1, 17, 0),
(17, 'PUR202212301118071', '2022-12-30', 4, '2022-12-30 11:18:07', 1, 17, 0),
(18, 'PUR202212301133381', '2022-12-30', 4, '2022-12-30 11:33:38', 1, 17, 0),
(19, 'PUR202212301136001', '2022-12-30', 4, '2022-12-30 11:36:00', 1, 17, 0),
(20, 'PUR202212301139221', '2022-12-30', 4, '2022-12-30 11:39:22', 1, 17, 0),
(22, 'PUR202212301149201', '2022-12-30', 4, '2022-12-30 11:49:20', 1, 17, 0),
(23, 'PUR202212301159501', '2022-12-30', 4, '2022-12-30 11:59:50', 1, 17, 0),
(28, 'PUR202212311834401', '2022-12-31', 9, '2022-12-31 18:34:40', 1, 17, 0),
(29, 'PUR202212311904491', '2022-12-31', 9, '2022-12-31 19:04:49', 1, 17, 0),
(31, 'PUR202301040950461', '2023-01-04', 9, '2023-01-04 09:50:46', 1, 17, 0),
(32, 'PUR202301151738341', '2023-01-15', 4, '2023-01-15 17:38:34', 1, 17, 11),
(33, 'PUR202302231517400', '2023-02-23', 2, '2023-02-23 15:17:40', 0, 1, 0),
(34, 'PUR202302231544400', '2023-02-23', 2, '2023-02-23 15:44:40', 0, 1, 0),
(35, 'PUR202302241632110', '2023-02-10', 2, '2023-02-24 16:32:11', 0, 1, 0),
(36, 'PUR123', '2023-02-24', 2, '2023-02-24 16:32:33', 0, 1, 0),
(37, 'adsf', '2023-02-24', 2, '2023-02-24 16:37:56', 0, 1, 0),
(38, 'PUR202304061339230', '2023-04-06', 2, '2023-04-06 13:39:23', 0, 1, 0),
(39, 'PUR202304061340430', '2023-04-06', 1, '2023-04-06 13:40:43', 0, 1, 0);

-- --------------------------------------------------------

--
-- Table structure for table `purchased`
--

CREATE TABLE `purchased` (
  `purchased_id` int(11) NOT NULL,
  `purchase_id` int(11) NOT NULL,
  `product_id` int(11) NOT NULL,
  `purchased_qty` int(11) NOT NULL,
  `purchased_price` int(11) NOT NULL COMMENT 'Harga total pembelian (ukan satuan)',
  `purchased_bill` int(11) NOT NULL,
  `purchased_ppn` int(11) NOT NULL,
  `store_id` int(11) NOT NULL,
  `purchased_outdate` date DEFAULT NULL,
  `purchased_batch` varchar(100) NOT NULL,
  `purchased_stokawal` int(11) NOT NULL,
  `purchased_stokakhir` int(11) NOT NULL
) ENGINE=InnoDB DEFAULT CHARSET=utf8mb4;

--
-- Dumping data for table `purchased`
--

INSERT INTO `purchased` (`purchased_id`, `purchase_id`, `product_id`, `purchased_qty`, `purchased_price`, `purchased_bill`, `purchased_ppn`, `store_id`, `purchased_outdate`, `purchased_batch`, `purchased_stokawal`, `purchased_stokakhir`) VALUES
(21, 10, 515, 0, 191475, 191475, 0, 1, '2022-12-29', '', 0, 0),
(22, 10, 505, 0, 225600, 225600, 0, 1, '2022-12-29', '', 0, 0),
(23, 10, 640, 0, 1200000, 1200000, 0, 1, '2022-12-29', '', 0, 0),
(25, 10, 496, 0, 1132200, 1132200, 0, 1, '2022-12-29', '', 0, 0),
(26, 11, 236, 0, 414000, 414000, 0, 1, '2022-12-29', '', 0, 0),
(27, 11, 515, 0, 191475, 191475, 0, 1, '2022-12-29', '', 0, 0),
(28, 11, 642, 0, 292281, 292281, 0, 1, '2022-12-29', '', 0, 0),
(30, 12, 789, 0, 27000, 27000, 0, 1, '2022-12-29', '', 0, 0),
(31, 12, 785, 0, 61700, 61700, 0, 1, '2022-12-29', '', 0, 0),
(32, 12, 798, 0, 294000, 294000, 0, 1, '2022-12-29', '', 0, 0),
(33, 12, 800, 0, 413000, 413000, 0, 1, '2022-12-29', '', 0, 0),
(34, 12, 716, 0, 105000, 105000, 0, 1, '2022-12-29', '', 0, 0),
(35, 12, 727, 0, 129000, 129000, 0, 1, '2022-12-29', '', 0, 0),
(36, 12, 812, 0, 138000, 138000, 0, 1, '2022-12-29', '', 0, 0),
(37, 12, 645, 0, 353000, 353000, 0, 1, '2022-12-29', '', 0, 0),
(38, 12, 644, 0, 270000, 270000, 0, 1, '2022-12-29', '', 0, 0),
(39, 12, 768, 0, 188200, 188200, 0, 1, '2022-12-29', '', 0, 0),
(40, 12, 747, 0, 135000, 135000, 0, 1, '2022-12-29', '', 0, 0),
(41, 12, 746, 0, 246000, 246000, 0, 1, '2022-12-29', '', 0, 0),
(42, 12, 745, 0, 162000, 162000, 0, 1, '2022-12-29', '', 0, 0),
(43, 13, 322, 0, 672000, 672000, 0, 1, '2022-12-29', '', 0, 0),
(44, 13, 285, 0, 553500, 553500, 0, 1, '2022-12-29', '', 0, 0),
(45, 13, 281, 0, 406800, 406800, 0, 1, '2022-12-29', '', 0, 0),
(46, 13, 284, 0, 528000, 528000, 0, 1, '2022-12-29', '', 0, 0),
(47, 13, 546, 0, 334650, 334650, 0, 1, '2022-12-29', '', 0, 0),
(48, 13, 437, 0, 301200, 301200, 0, 1, '2022-12-29', '', 0, 0),
(49, 13, 434, 0, 219000, 219000, 0, 1, '2022-12-29', '', 0, 0),
(50, 13, 536, 0, 79200, 79200, 0, 1, '2022-12-29', '', 0, 0),
(51, 13, 515, 0, 187500, 187500, 0, 1, '2022-12-29', '', 0, 0),
(52, 13, 522, 0, 290400, 290400, 0, 1, '2022-12-29', '', 0, 0),
(53, 13, 540, 0, 312000, 312000, 0, 1, '2022-12-29', '', 0, 0),
(54, 13, 684, 0, 196600, 196600, 0, 1, '2022-12-29', '', 0, 0),
(55, 14, 432, 0, 144000, 144000, 0, 1, '2022-12-29', '', 0, 0),
(56, 14, 438, 0, 351000, 351000, 0, 1, '2022-12-29', '', 0, 0),
(57, 14, 473, 0, 360000, 360000, 0, 1, '2022-12-29', '', 0, 0),
(58, 14, 525, 0, 118800, 118800, 0, 1, '2022-12-29', '', 0, 0),
(59, 14, 532, 0, 229900, 229900, 0, 1, '2022-12-29', '', 0, 0),
(60, 14, 581, 0, 175200, 175200, 0, 1, '2022-12-29', '', 0, 0),
(61, 15, 667, 0, 156000, 156000, 0, 1, '2022-12-29', '', 0, 0),
(62, 15, 740, 0, 96000, 96000, 0, 1, '2022-12-29', '', 0, 0),
(63, 15, 353, 0, 50500, 50500, 0, 1, '2022-12-29', '', 0, 0),
(64, 15, 347, 0, 73000, 73000, 0, 1, '2022-12-29', '', 0, 0),
(65, 15, 766, 0, 810000, 810000, 0, 1, '2022-12-29', '', 0, 0),
(66, 15, 878, 0, 84000, 84000, 0, 1, '2022-12-29', '', 0, 0),
(67, 15, 726, 0, 34650, 34650, 0, 1, '2022-12-29', '', 0, 0),
(68, 15, 774, 0, 65500, 65500, 0, 1, '2022-12-29', '', 0, 0),
(69, 15, 682, 0, 160000, 160000, 0, 1, '2022-12-29', '', 0, 0),
(70, 15, 646, 0, 50000, 50000, 0, 1, '2022-12-29', '', 0, 0),
(71, 15, 686, 0, 135600, 135600, 0, 1, '2022-12-29', '', 0, 0),
(72, 15, 710, 0, 172200, 172200, 0, 1, '2022-12-29', '', 0, 0),
(73, 15, 711, 0, 228000, 228000, 0, 1, '2022-12-29', '', 0, 0),
(74, 15, 713, 0, 69600, 69600, 0, 1, '2022-12-29', '', 0, 0),
(75, 15, 658, 0, 54000, 54000, 0, 1, '2022-12-29', '', 0, 0),
(76, 15, 662, 0, 234000, 234000, 0, 1, '2022-12-29', '', 0, 0),
(77, 15, 666, 0, 69600, 69600, 0, 1, '2022-12-29', '', 0, 0),
(78, 17, 888, 0, 171500, 171500, 0, 1, '2022-12-29', '', 0, 0),
(79, 17, 729, 0, 131000, 131000, 0, 1, '2022-12-29', '', 0, 0),
(80, 17, 764, 0, 39000, 39000, 0, 1, '2022-12-29', '', 0, 0),
(81, 17, 759, 0, 151800, 151800, 0, 1, '2022-12-29', '', 0, 0),
(82, 17, 827, 0, 260000, 260000, 0, 1, '2022-12-29', '', 0, 0),
(83, 17, 765, 0, 230000, 230000, 0, 1, '2022-12-29', '', 0, 0),
(84, 17, 637, 0, 190750, 190750, 0, 1, '2022-12-29', '', 0, 0),
(85, 17, 831, 0, 227500, 227500, 0, 1, '2022-12-29', '', 0, 0),
(86, 17, 715, 0, 64000, 64000, 0, 1, '2022-12-29', '', 0, 0),
(87, 17, 714, 0, 52000, 52000, 0, 1, '2022-12-29', '', 0, 0),
(88, 17, 776, 0, 118000, 118000, 0, 1, '2022-12-29', '', 0, 0),
(89, 17, 818, 0, 195000, 195000, 0, 1, '2022-12-29', '', 0, 0),
(90, 17, 801, 0, 59000, 59000, 0, 1, '2022-12-29', '', 0, 0),
(91, 17, 813, 0, 52000, 52000, 0, 1, '2022-12-29', '', 0, 0),
(92, 17, 775, 0, 138000, 138000, 0, 1, '2022-12-29', '', 0, 0),
(93, 17, 734, 0, 110000, 110000, 0, 1, '2022-12-29', '', 0, 0),
(94, 17, 803, 0, 92000, 92000, 0, 1, '2022-12-29', '', 0, 0),
(95, 17, 634, 0, 70400, 70400, 0, 1, '2022-12-29', '', 0, 0),
(97, 17, 820, 0, 575000, 575000, 0, 1, '2022-12-29', '', 0, 0),
(98, 17, 633, 0, 125000, 125000, 0, 1, '2022-12-29', '', 0, 0),
(99, 18, 108, 0, 28000, 28000, 0, 1, '2022-12-29', '', 0, 0),
(100, 18, 115, 0, 90000, 90000, 0, 1, '2022-12-29', '', 0, 0),
(101, 18, 111, 0, 432000, 432000, 0, 1, '2022-12-29', '', 0, 0),
(102, 18, 346, 0, 462000, 462000, 0, 1, '2022-12-29', '', 0, 0),
(103, 18, 343, 0, 425000, 425000, 0, 1, '2022-12-29', '', 0, 0),
(104, 19, 94, 0, 384000, 384000, 0, 1, '2022-12-29', '', 0, 0),
(105, 19, 44, 0, 261000, 261000, 0, 1, '2022-12-29', '', 0, 0),
(106, 19, 46, 0, 247500, 247500, 0, 1, '2022-12-29', '', 0, 0),
(107, 19, 68, 0, 228000, 228000, 0, 1, '2022-12-29', '', 0, 0),
(108, 19, 163, 0, 226000, 226000, 0, 1, '2022-12-29', '', 0, 0),
(109, 19, 136, 0, 137500, 137500, 0, 1, '2022-12-29', '', 0, 0),
(110, 19, 179, 0, 438600, 438600, 0, 1, '2022-12-29', '', 0, 0),
(111, 19, 402, 0, 143500, 143500, 0, 1, '2022-12-29', '', 0, 0),
(112, 20, 547, 0, 19000, 19000, 0, 1, '2022-12-29', '', 0, 0),
(113, 20, 209, 0, 225000, 225000, 0, 1, '2022-12-29', '', 0, 0),
(114, 20, 210, 0, 203500, 203500, 0, 1, '2022-12-29', '', 0, 0),
(115, 20, 211, 0, 213300, 213300, 0, 1, '2022-12-29', '', 0, 0),
(116, 20, 246, 0, 159600, 159600, 0, 1, '2022-12-29', '', 0, 0),
(117, 20, 263, 0, 133800, 133800, 0, 1, '2022-12-29', '', 0, 0),
(118, 20, 249, 0, 188400, 188400, 0, 1, '2022-12-29', '', 0, 0),
(119, 20, 264, 0, 103200, 103200, 0, 1, '2022-12-29', '', 0, 0),
(120, 20, 248, 0, 177000, 177000, 0, 1, '2022-12-29', '', 0, 0),
(121, 20, 313, 0, 84500, 84500, 0, 1, '2022-12-29', '', 0, 0),
(122, 20, 317, 0, 79500, 79500, 0, 1, '2022-12-29', '', 0, 0),
(123, 22, 221, 0, 62800, 62800, 0, 1, '2022-12-29', '', 0, 0),
(124, 22, 222, 0, 588000, 588000, 0, 1, '2022-12-29', '', 0, 0),
(125, 22, 384, 0, 40000, 40000, 0, 1, '2022-12-29', '', 0, 0),
(126, 22, 378, 0, 40000, 40000, 0, 1, '2022-12-29', '', 0, 0),
(127, 22, 889, 0, 350000, 350000, 0, 1, '2022-12-29', '', 0, 0),
(128, 23, 233, 0, 597600, 597600, 0, 1, '2022-12-29', '', 0, 0),
(129, 23, 267, 0, 325200, 325200, 0, 1, '2022-12-29', '', 0, 0),
(130, 23, 427, 0, 42000, 42000, 0, 1, '2022-12-29', '', 0, 0),
(135, 28, 595, 10, 21600, 21600, 0, 1, '2022-12-31', '', 0, 0),
(136, 28, 597, 5, 24000, 24000, 0, 1, '2022-12-31', '', 0, 0),
(137, 28, 598, 6, 15200, 15200, 0, 1, '2022-12-31', '', 0, 0),
(138, 28, 599, 5, 24000, 24000, 0, 1, '2022-12-31', '', 0, 0),
(139, 28, 600, 6, 12000, 12000, 0, 1, '2022-12-31', '', 0, 0),
(140, 28, 628, 5, 8000, 8000, 0, 1, '2022-12-31', '', 0, 0),
(141, 28, 88, 8, 24000, 24000, 0, 1, '2022-12-31', '', 0, 0),
(142, 28, 239, 12, 13600, 13600, 0, 1, '2022-12-31', '', 0, 0),
(143, 28, 227, 9, 18400, 18400, 0, 1, '2022-12-31', '', 0, 0),
(144, 28, 246, 12, 13600, 13600, 0, 1, '2022-12-31', '', 0, 0),
(145, 28, 880, 48, 800, 800, 0, 1, '2022-12-31', '', 0, 0),
(146, 28, 21, 36, 800, 800, 0, 1, '2022-12-31', '', 0, 0),
(147, 28, 523, 40, 2400, 2400, 0, 1, '2022-12-31', '', 0, 0),
(148, 28, 580, 12, 11200, 11200, 0, 1, '2022-12-31', '', 0, 0),
(149, 28, 584, 12, 11200, 11200, 0, 1, '2022-12-31', '', 0, 0),
(150, 28, 112, 6, 4800, 4800, 0, 1, '2022-12-31', '', 0, 0),
(151, 28, 87, 10, 16000, 16000, 0, 1, '2022-12-31', '', 0, 0),
(152, 28, 333, 6, 5792, 5792, 0, 1, '2022-12-31', '', 0, 0),
(153, 28, 55, 6, 11200, 11200, 0, 1, '2022-12-31', '', 0, 0),
(154, 28, 56, 6, 11200, 11200, 0, 1, '2022-12-31', '', 0, 0),
(155, 28, 893, 10, 12000, 12000, 0, 1, '2022-12-31', '', 0, 0),
(156, 28, 894, 6, 15200, 15200, 0, 1, '2022-12-31', '', 0, 0),
(157, 28, 895, 3, 15200, 15200, 0, 1, '2022-12-31', '', 0, 0),
(158, 29, 89, 3, 18400, 18400, 0, 1, '2022-12-31', '', 0, 0),
(159, 29, 758, 80, 4800, 4800, 0, 1, '2022-12-31', '', 0, 0),
(160, 29, 757, 40, 8000, 8000, 0, 1, '2022-12-31', '', 0, 0),
(161, 29, 242, 10, 26400, 26400, 0, 1, '2022-12-31', '', 0, 0),
(162, 29, 534, 10, 8000, 8000, 0, 1, '2022-12-31', '', 0, 0),
(163, 29, 32, 15, 12000, 12000, 0, 1, '2022-12-31', '', 0, 0),
(164, 29, 356, 20, 7200, 7200, 0, 1, '2022-12-31', '', 0, 0),
(165, 29, 810, 20, 8000, 8000, 0, 1, '2022-12-31', '', 0, 0),
(166, 29, 896, 8, 12800, 12800, 0, 1, '2022-12-31', '', 0, 0),
(169, 32, 19, 100, 100000, 111000, 11, 1, '2023-01-15', '', 0, 0),
(170, 33, 8, 4, 4, 4, 0, 0, '2023-03-11', 'ter', 0, 0),
(171, 34, 8, 4, 7, 7, 0, 0, '2023-02-23', 'ttt', 0, 0),
(172, 38, 8, 10, 50000, 50000, 0, 0, '2023-05-06', '', 0, 0),
(173, 39, 8, 10, 49000, 49000, 0, 0, '2023-05-06', '', 0, 0);

-- --------------------------------------------------------

--
-- Table structure for table `sell`
--

CREATE TABLE `sell` (
  `sell_id` bigint(20) UNSIGNED NOT NULL,
  `sell_price` int(11) NOT NULL,
  `product_id` int(11) NOT NULL,
  `buy_date_active` timestamp NOT NULL DEFAULT current_timestamp() ON UPDATE current_timestamp(),
  `created_at` timestamp NULL DEFAULT NULL,
  `updated_at` timestamp NULL DEFAULT NULL
) ENGINE=InnoDB DEFAULT CHARSET=utf8mb4 COLLATE=utf8mb4_unicode_ci;

-- --------------------------------------------------------

--
-- Table structure for table `sessions`
--

CREATE TABLE `sessions` (
  `id` varchar(255) COLLATE utf8mb4_unicode_ci NOT NULL,
  `user_id` bigint(20) UNSIGNED DEFAULT NULL,
  `ip_address` varchar(45) COLLATE utf8mb4_unicode_ci DEFAULT NULL,
  `user_agent` text COLLATE utf8mb4_unicode_ci DEFAULT NULL,
  `payload` text COLLATE utf8mb4_unicode_ci NOT NULL,
  `last_activity` int(11) NOT NULL
) ENGINE=InnoDB DEFAULT CHARSET=utf8mb4 COLLATE=utf8mb4_unicode_ci;

-- --------------------------------------------------------

--
-- Table structure for table `stockopname`
--

CREATE TABLE `stockopname` (
  `stockopname_id` int(11) NOT NULL,
  `stockopname_datetime` datetime DEFAULT NULL,
  `product_id` int(11) NOT NULL,
  `product_name` varchar(255) NOT NULL,
  `product_buy` int(11) NOT NULL,
  `product_ube` varchar(20) NOT NULL,
  `product_batch` varchar(50) NOT NULL,
  `product_expiredate` date NOT NULL,
  `stockopname_awal` int(11) NOT NULL,
  `stockopname_hitung` text NOT NULL,
  `stockopname_selisih` int(11) NOT NULL,
  `stockopname_nselisih` int(11) NOT NULL COMMENT 'kerugian selisih harga',
  `store_id` int(11) NOT NULL
) ENGINE=InnoDB DEFAULT CHARSET=utf8mb4;

--
-- Dumping data for table `stockopname`
--

INSERT INTO `stockopname` (`stockopname_id`, `stockopname_datetime`, `product_id`, `product_name`, `product_buy`, `product_ube`, `product_batch`, `product_expiredate`, `stockopname_awal`, `stockopname_hitung`, `stockopname_selisih`, `stockopname_nselisih`, `store_id`) VALUES
(10, '2023-04-10 06:07:30', 8, 'ALPARA KAPLET', 4900, 'UB00022', 'A06E0258', '0000-00-00', 49, '50', 1, 4900, 0);

-- --------------------------------------------------------

--
-- Table structure for table `store`
--

CREATE TABLE `store` (
  `store_id` bigint(20) UNSIGNED NOT NULL,
  `company_id` int(11) NOT NULL,
  `store_name` varchar(255) COLLATE utf8mb4_unicode_ci NOT NULL,
  `store_address` text COLLATE utf8mb4_unicode_ci NOT NULL,
  `store_phone` varchar(255) COLLATE utf8mb4_unicode_ci NOT NULL,
  `store_wa` varchar(255) COLLATE utf8mb4_unicode_ci NOT NULL,
  `store_owner` varchar(255) COLLATE utf8mb4_unicode_ci NOT NULL,
  `store_noteinvoice` text COLLATE utf8mb4_unicode_ci NOT NULL,
  `store_picture` text COLLATE utf8mb4_unicode_ci NOT NULL,
  `store_datetime` datetime NOT NULL DEFAULT current_timestamp(),
  `store_active` tinyint(1) NOT NULL,
  `store_modal` int(11) NOT NULL DEFAULT 0 COMMENT 'modal awal',
  `store_kas` int(11) NOT NULL DEFAULT 0 COMMENT 'nominal kas realtime',
  `store_shift` int(11) NOT NULL DEFAULT 0 COMMENT 'shift berapa hari ini',
  `store_date` date NOT NULL COMMENT 'shift tanggal berapa',
  `store_posisishift` varchar(10) COLLATE utf8mb4_unicode_ci NOT NULL DEFAULT 'keluar' COMMENT 'masuk,keluar',
  `modal_id` int(11) NOT NULL,
  `store_web` varchar(255) COLLATE utf8mb4_unicode_ci NOT NULL,
  `store_member` int(11) NOT NULL,
  `store_akun` int(11) NOT NULL
) ENGINE=InnoDB DEFAULT CHARSET=utf8mb4 COLLATE=utf8mb4_unicode_ci;

--
-- Dumping data for table `store`
--

INSERT INTO `store` (`store_id`, `company_id`, `store_name`, `store_address`, `store_phone`, `store_wa`, `store_owner`, `store_noteinvoice`, `store_picture`, `store_datetime`, `store_active`, `store_modal`, `store_kas`, `store_shift`, `store_date`, `store_posisishift`, `modal_id`, `store_web`, `store_member`, `store_akun`) VALUES
(0, 0, 'Qithy Store', 'Gg.Cempedak No.34 Rt 4/1, Pasirputih, Sawangan, Depo.', '08567148813', '08567148813', 'ihsan', 'Barang tidak dapat ditukar.', '08_08_26_apotek.png', '2022-12-12 00:00:00', 1, 150000, 64000, 1, '2023-02-23', 'masuk', 0, '', 1, 1),
(1, 0, 'Apotek Insani', 'Pasir Putih, Depok.', '081388974601', '081388974601', 'Bpk. Wawan Ridwan', '<p style=\"text-align: center;\">Terimakasih atas kunjungan anda.</p>\r\n<p style=\"text-align: center;\">Barang yg sudah dibeli tidak dapat dikembalikan.</p>\r\n<p style=\"text-align: center;\">&nbsp;</p>\r\n<p style=\"text-align: center;\">GRATIS ONGKIR PEMESANAN ONLINE</p>\r\n<p style=\"text-align: center;\">&nbsp;</p>\r\n<p style=\"text-align: center;\">www.apotekinsani.com</p>\r\n<p style=\"text-align: center;\">Minimal pempelian Rp.50.000,-</p>\r\n<p style=\"text-align: center;\">sadfasdfs</p>', '10_44_48_08_08_26_apotek.png', '2022-12-25 06:30:33', 0, 100000, 100000, 1, '2023-01-21', 'masuk', 78, 'apotekinsani.com', 0, 1);

-- --------------------------------------------------------

--
-- Table structure for table `supplier`
--

CREATE TABLE `supplier` (
  `supplier_id` int(11) NOT NULL,
  `supplier_name` varchar(255) NOT NULL,
  `supplier_address` text NOT NULL,
  `supplier_phone` varchar(20) NOT NULL,
  `store_id` int(11) NOT NULL,
  `supplier_bill` int(11) NOT NULL
) ENGINE=InnoDB DEFAULT CHARSET=utf8mb4;

--
-- Dumping data for table `supplier`
--

INSERT INTO `supplier` (`supplier_id`, `supplier_name`, `supplier_address`, `supplier_phone`, `store_id`, `supplier_bill`) VALUES
(1, 'PT.ABC', 'Jl.ABC No.123, Jakut', '0856741528', 0, 408544),
(2, 'CV.GHJ', 'Jl.GHJ, NO.45 , Bekasi Utara', '021-524658', 0, 50011),
(4, 'PT.  Berkat Mahkota Putra', '', '', 1, 18479750),
(5, 'PT.Bintang Semesta Farma', '', '', 1, 288491031),
(7, 'PT. Marga Nusantara', '', '', 1, 0),
(8, 'PT. Daya Muda Agung', '', '', 1, 0),
(9, 'Apotek Tara', '', '', 1, 397792);

-- --------------------------------------------------------

--
-- Table structure for table `tranedit`
--

CREATE TABLE `tranedit` (
  `tranedit_id` bigint(20) UNSIGNED NOT NULL,
  `transaction_id` int(11) NOT NULL,
  `tranprod_id` int(11) NOT NULL,
  `pic_id` int(11) NOT NULL COMMENT 'user_id jabatan pic',
  `tranedit_time` timestamp NOT NULL DEFAULT current_timestamp() ON UPDATE current_timestamp(),
  `created_at` timestamp NULL DEFAULT NULL,
  `updated_at` timestamp NULL DEFAULT NULL
) ENGINE=InnoDB DEFAULT CHARSET=utf8mb4 COLLATE=utf8mb4_unicode_ci;

-- --------------------------------------------------------

--
-- Table structure for table `tranpromo`
--

CREATE TABLE `tranpromo` (
  `tranpromo_id` bigint(20) UNSIGNED NOT NULL,
  `transaction_id` int(11) NOT NULL,
  `promo_id` int(11) NOT NULL,
  `created_at` timestamp NULL DEFAULT NULL,
  `updated_at` timestamp NULL DEFAULT NULL
) ENGINE=InnoDB DEFAULT CHARSET=utf8mb4 COLLATE=utf8mb4_unicode_ci;

-- --------------------------------------------------------

--
-- Table structure for table `transaction`
--

CREATE TABLE `transaction` (
  `transaction_id` bigint(20) UNSIGNED NOT NULL,
  `transaction_datetime` datetime NOT NULL DEFAULT current_timestamp() ON UPDATE current_timestamp(),
  `transaction_date` date NOT NULL,
  `transaction_no` varchar(30) COLLATE utf8mb4_unicode_ci NOT NULL,
  `company_id` int(11) NOT NULL,
  `store_id` int(11) NOT NULL,
  `cashier_id` int(11) NOT NULL COMMENT 'user_id jabatan kasir',
  `pic_id` int(11) DEFAULT NULL COMMENT 'user_id jabatan pic',
  `member_id` int(11) DEFAULT NULL COMMENT 'member',
  `transaction_bill` int(11) DEFAULT NULL,
  `transaction_pay` int(11) DEFAULT NULL COMMENT 'jumlah bayar',
  `transaction_change` int(11) DEFAULT NULL COMMENT 'jumlah kembalian',
  `transaction_status` int(11) NOT NULL COMMENT '0=sukses, 1=batal, 2=pending',
  `transaction_message` int(11) DEFAULT NULL COMMENT '0=send, 1=gagal',
  `transaction_shift` int(11) NOT NULL,
  `account_id` int(11) NOT NULL
) ENGINE=InnoDB DEFAULT CHARSET=utf8mb4 COLLATE=utf8mb4_unicode_ci;

--
-- Dumping data for table `transaction`
--

INSERT INTO `transaction` (`transaction_id`, `transaction_datetime`, `transaction_date`, `transaction_no`, `company_id`, `store_id`, `cashier_id`, `pic_id`, `member_id`, `transaction_bill`, `transaction_pay`, `transaction_change`, `transaction_status`, `transaction_message`, `transaction_shift`, `account_id`) VALUES
(64, '2022-12-31 09:42:59', '2022-12-31', 'POS202212310941151', 0, 1, 17, NULL, NULL, 47000, 50000, 3000, 0, NULL, 2, 0),
(65, '2022-12-31 09:47:10', '2022-12-31', 'POS202212310943541', 0, 1, 17, NULL, NULL, 89000, 100000, 11000, 0, NULL, 2, 0),
(67, '2022-12-31 09:48:15', '2022-12-31', 'POS202212310947351', 0, 1, 17, NULL, NULL, 11000, 20000, 9000, 0, NULL, 2, 0),
(68, '2022-12-31 09:50:26', '2022-12-31', 'POS202212310948481', 0, 1, 17, NULL, NULL, 84000, 100000, 16000, 0, NULL, 2, 0),
(69, '2022-12-31 09:52:48', '2022-12-31', 'POS202212310950591', 0, 1, 17, NULL, NULL, 25000, 50000, 25000, 0, NULL, 2, 0),
(70, '2022-12-31 09:54:07', '2022-12-31', 'POS202212310952581', 0, 1, 17, NULL, NULL, 24000, 50000, 26000, 0, NULL, 2, 0),
(71, '2022-12-31 09:54:43', '2022-12-31', 'POS202212310954121', 0, 1, 17, NULL, NULL, 38000, 50000, 12000, 0, NULL, 2, 0),
(72, '2022-12-31 10:10:15', '2022-12-31', 'POS202212311010041', 0, 1, 17, NULL, NULL, 18000, 20000, 2000, 0, NULL, 2, 0),
(74, '2022-12-31 10:13:50', '2022-12-31', 'POS202212311013211', 0, 1, 17, NULL, NULL, 8000, 8000, 0, 0, NULL, 2, 0),
(75, '2022-12-31 10:28:04', '2022-12-31', 'POS202212311027031', 0, 1, 17, NULL, NULL, 42000, 42000, 0, 0, NULL, 2, 0),
(78, '2022-12-31 11:01:01', '2022-12-31', 'POS202212311051111', 0, 1, 17, NULL, NULL, 56000, 100000, 44000, 0, NULL, 2, 0),
(79, '2022-12-31 11:01:38', '2022-12-31', 'POS202212311101211', 0, 1, 17, NULL, NULL, 14000, 14000, 0, 0, NULL, 2, 0),
(80, '2022-12-31 11:08:20', '2022-12-31', 'POS202212311107561', 0, 1, 17, NULL, NULL, 2000, 2000, 0, 0, NULL, 2, 0),
(84, '2022-12-31 11:27:13', '2022-12-31', 'POS202212311115471', 0, 1, 17, NULL, NULL, 45000, 50000, 5000, 0, NULL, 2, 0),
(85, '2022-12-31 11:32:31', '2022-12-31', 'POS202212311131451', 0, 1, 17, NULL, NULL, 8000, 10000, 2000, 0, NULL, 2, 0),
(86, '2022-12-31 11:42:42', '2022-12-31', 'POS202212311132431', 0, 1, 17, NULL, NULL, 8000, 10000, 2000, 0, NULL, 2, 0),
(88, '2022-12-31 11:57:05', '2022-12-31', 'POS202212311143081', 0, 1, 17, NULL, NULL, 126000, 130000, 4000, 0, NULL, 2, 0),
(89, '2022-12-31 12:16:31', '2022-12-31', 'POS202212311157231', 0, 1, 17, NULL, NULL, 9000, 50000, 41000, 0, NULL, 2, 0),
(90, '2022-12-31 12:23:13', '2022-12-31', 'POS202212311216481', 0, 1, 17, NULL, NULL, 46000, 50000, 4000, 0, NULL, 2, 0),
(91, '2022-12-31 12:40:31', '2022-12-31', 'POS202212311223301', 0, 1, 17, NULL, NULL, 6000, 6000, 0, 0, NULL, 2, 0),
(92, '2022-12-31 12:49:00', '2022-12-31', 'POS202212311240421', 0, 1, 17, NULL, NULL, 32000, 50000, 18000, 0, NULL, 2, 0),
(93, '2022-12-31 12:55:49', '2022-12-31', 'POS202212311249091', 0, 1, 17, NULL, NULL, 3000, 5000, 2000, 0, NULL, 2, 0),
(95, '2022-12-31 14:05:52', '2022-12-31', 'POS202212311324501', 0, 1, 17, NULL, NULL, 28000, 30000, 2000, 0, NULL, 2, 0),
(96, '2022-12-31 13:25:09', '2022-12-31', 'POS202212311324511', 0, 1, 17, NULL, NULL, 20000, 50000, 30000, 0, NULL, 2, 0),
(99, '2022-12-31 13:38:15', '2022-12-31', 'POS202212311337351', 0, 1, 17, NULL, NULL, 25000, 25000, 0, 0, NULL, 2, 0),
(100, '2022-12-31 17:07:32', '2022-12-31', 'POS202212311706491', 0, 1, 17, NULL, NULL, 8000, 20000, 12000, 0, NULL, 3, 0),
(101, '2022-12-31 17:08:05', '2022-12-31', 'POS202212311707451', 0, 1, 17, NULL, NULL, 20000, 20000, 0, 0, NULL, 3, 0),
(102, '2022-12-31 17:09:08', '2022-12-31', 'POS202212311708111', 0, 1, 17, NULL, NULL, 18000, 50000, 32000, 0, NULL, 3, 0),
(103, '2022-12-31 17:09:28', '2022-12-31', 'POS202212311709131', 0, 1, 17, NULL, NULL, 28000, 50000, 22000, 0, NULL, 3, 0),
(104, '2022-12-31 17:09:53', '2022-12-31', 'POS202212311709331', 0, 1, 17, NULL, NULL, 9000, 20000, 11000, 0, NULL, 3, 0),
(105, '2022-12-31 17:10:54', '2022-12-31', 'POS202212311709581', 0, 1, 17, NULL, NULL, 16000, 50000, 34000, 0, NULL, 3, 0),
(106, '2022-12-31 17:11:39', '2022-12-31', 'POS202212311710591', 0, 1, 17, NULL, NULL, 61000, 100000, 39000, 0, NULL, 3, 0),
(107, '2022-12-31 17:12:28', '2022-12-31', 'POS202212311711451', 0, 1, 17, NULL, NULL, 17000, 20000, 3000, 0, NULL, 3, 0),
(108, '2022-12-31 17:13:44', '2022-12-31', 'POS202212311712341', 0, 1, 17, NULL, NULL, 56000, 100000, 44000, 0, NULL, 3, 0),
(109, '2022-12-31 17:14:27', '2022-12-31', 'POS202212311713501', 0, 1, 17, NULL, NULL, 24000, 30000, 6000, 0, NULL, 3, 0),
(110, '2022-12-31 17:16:14', '2022-12-31', 'POS202212311714381', 0, 1, 17, NULL, NULL, 152000, 170000, 18000, 0, NULL, 3, 0),
(111, '2022-12-31 17:24:16', '2022-12-31', 'POS202212311716261', 0, 1, 17, NULL, NULL, 10000, 10000, 0, 0, NULL, 3, 0),
(112, '2022-12-31 17:36:41', '2022-12-31', 'POS202212311724261', 0, 1, 17, NULL, NULL, 20000, 20000, 0, 0, NULL, 3, 0),
(113, '2022-12-31 17:48:08', '2022-12-31', 'POS202212311738511', 0, 1, 17, NULL, NULL, 8000, 10000, 2000, 0, NULL, 3, 0),
(114, '2022-12-31 18:03:23', '2022-12-31', 'POS202212311748131', 0, 1, 17, NULL, NULL, 19000, 20000, 1000, 0, NULL, 3, 0),
(116, '2022-12-31 18:06:51', '2022-12-31', 'POS202212311806031', 0, 1, 17, NULL, NULL, 64000, 100000, 36000, 0, NULL, 3, 0),
(117, '2022-12-31 18:07:10', '2022-12-31', 'POS202212311806171', 0, 1, 17, NULL, NULL, 12000, 12000, 0, 0, NULL, 3, 0),
(118, '2022-12-31 18:08:02', '2022-12-31', 'POS202212311807291', 0, 1, 17, NULL, NULL, 20000, 20000, 0, 0, NULL, 3, 0),
(119, '2022-12-31 18:08:46', '2022-12-31', 'POS202212311808291', 0, 1, 17, NULL, NULL, 10000, 50000, 40000, 0, NULL, 3, 0),
(120, '2022-12-31 18:10:28', '2022-12-31', 'POS202212311810141', 0, 1, 17, NULL, NULL, 16000, 20000, 4000, 0, NULL, 3, 0),
(121, '2022-12-31 18:33:48', '2022-12-31', 'POS202212311812551', 0, 1, 17, NULL, NULL, 25000, 30000, 5000, 0, NULL, 3, 0),
(122, '2022-12-31 18:43:55', '2022-12-31', 'POS202212311833561', 0, 1, 17, NULL, NULL, 10000, 10000, 0, 0, NULL, 3, 0),
(123, '2022-12-31 18:50:58', '2022-12-31', 'POS202212311850331', 0, 1, 17, NULL, NULL, 6000, 10000, 4000, 0, NULL, 3, 0),
(124, '2022-12-31 18:57:36', '2022-12-31', 'POS202212311857191', 0, 1, 17, NULL, NULL, 7000, 10000, 3000, 0, NULL, 3, 0),
(125, '2022-12-31 19:23:35', '2022-12-31', 'POS202212311905231', 0, 1, 17, NULL, NULL, 19000, 20000, 1000, 0, NULL, 3, 0),
(126, '2022-12-31 19:13:12', '2022-12-31', 'POS202212311906311', 0, 1, 17, NULL, NULL, 3000, 10000, 7000, 0, NULL, 3, 0),
(127, '2022-12-31 19:19:55', '2022-12-31', 'POS202212311919411', 0, 1, 17, NULL, NULL, 5000, 5000, 0, 0, NULL, 3, 0),
(129, '2022-12-31 19:24:42', '2022-12-31', 'POS202212311924071', 0, 1, 17, NULL, NULL, 22000, 22000, 0, 0, NULL, 3, 0),
(130, '2022-12-31 19:25:57', '2022-12-31', 'POS202212311924471', 0, 1, 17, NULL, NULL, 15000, 15000, 0, 0, NULL, 3, 0),
(131, '2022-12-31 19:26:21', '2022-12-31', 'POS202212311926021', 0, 1, 17, NULL, NULL, 10000, 10000, 0, 0, NULL, 3, 0),
(133, '2022-12-31 19:37:03', '2022-12-31', 'POS202212311931271', 0, 1, 17, NULL, NULL, 43000, 103000, 60000, 0, NULL, 3, 0),
(134, '2022-12-31 20:03:39', '2022-12-31', 'POS202212312002471', 0, 1, 17, NULL, NULL, 23000, 25000, 2000, 0, NULL, 3, 0),
(135, '2022-12-31 20:10:44', '2022-12-31', 'POS202212312010231', 0, 1, 17, NULL, NULL, 30000, 100000, 70000, 0, NULL, 3, 0),
(136, '2022-12-31 20:12:43', '2022-12-31', 'POS202212312010491', 0, 1, 17, NULL, NULL, 31000, 100000, 69000, 0, NULL, 3, 0),
(137, '2022-12-31 20:25:02', '2022-12-31', 'POS202212312012491', 0, 1, 17, NULL, NULL, 65000, 100000, 35000, 0, NULL, 3, 0),
(138, '2022-12-31 20:25:18', '2022-12-31', 'POS202212312025071', 0, 1, 17, NULL, NULL, 9000, 10000, 1000, 0, NULL, 3, 0),
(139, '2022-12-31 20:26:44', '2022-12-31', 'POS202212312025231', 0, 1, 17, NULL, NULL, 23000, 25000, 2000, 0, NULL, 3, 0),
(140, '2022-12-31 20:29:19', '2022-12-31', 'POS202212312029081', 0, 1, 17, NULL, NULL, 2000, 2000, 0, 0, NULL, 3, 0),
(141, '2022-12-31 20:36:02', '2022-12-31', 'POS202212312029261', 0, 1, 17, NULL, NULL, 10000, 10000, 0, 0, NULL, 3, 0),
(142, '2022-12-31 20:42:32', '2022-12-31', 'POS202212312041411', 0, 1, 17, NULL, NULL, 62000, 100000, 38000, 0, NULL, 3, 0),
(143, '2022-12-31 20:51:52', '2022-12-31', 'POS202212312051251', 0, 1, 17, NULL, NULL, 20000, 50000, 30000, 0, NULL, 3, 0),
(144, '2022-12-31 20:55:47', '2022-12-31', 'POS202212312052021', 0, 1, 17, NULL, NULL, 17000, 17000, 0, 0, NULL, 3, 0),
(145, '2022-12-31 21:14:19', '2022-12-31', 'POS202212312113451', 0, 1, 17, NULL, NULL, 28000, 50000, 22000, 0, NULL, 3, 0),
(147, '2023-01-01 08:40:00', '2023-01-01', 'POS202301010826031', 0, 1, 17, NULL, NULL, 28000, 50000, 22000, 0, NULL, 1, 0),
(149, '2023-01-01 08:36:53', '2023-01-01', 'POS202301010836291', 0, 1, 17, NULL, NULL, 20000, 50000, 30000, 0, NULL, 1, 0),
(156, '2023-01-01 11:41:29', '2023-01-01', 'POS202301011139271', 0, 1, 17, NULL, NULL, 29000, 30000, 1000, 0, NULL, 1, 0),
(157, '2023-01-01 11:42:01', '2023-01-01', 'POS202301011141371', 0, 1, 17, NULL, NULL, 30000, 50000, 20000, 0, NULL, 1, 0),
(158, '2023-01-01 11:46:20', '2023-01-01', 'POS202301011142561', 0, 1, 17, NULL, NULL, 59000, 70000, 11000, 0, NULL, 1, 0),
(164, '2023-01-01 11:51:14', '2023-01-01', 'POS202301011150531', 0, 1, 17, NULL, NULL, 22000, 50000, 28000, 0, NULL, 1, 0),
(167, '2023-01-01 12:03:35', '2023-01-01', 'POS202301011203101', 0, 1, 17, NULL, NULL, 20000, 50000, 30000, 0, NULL, 1, 0),
(169, '2023-01-01 13:01:53', '2023-01-01', 'POS202301011301311', 0, 1, 17, NULL, NULL, 24000, 100000, 76000, 0, NULL, 1, 0),
(170, '2023-01-01 13:14:29', '2023-01-01', 'POS202301011310201', 0, 1, 17, NULL, NULL, 13000, 15000, 2000, 0, NULL, 1, 0),
(171, '2023-01-01 13:18:48', '2023-01-01', 'POS202301011318271', 0, 1, 17, NULL, NULL, 14000, 100000, 86000, 0, NULL, 1, 0),
(173, '2023-01-01 13:32:21', '2023-01-01', 'POS202301011331581', 0, 1, 17, NULL, NULL, 8000, 7000, -1000, 0, NULL, 1, 0),
(174, '2023-01-01 13:40:11', '2023-01-01', 'POS202301011339551', 0, 1, 17, NULL, NULL, 25000, 100000, 75000, 0, NULL, 1, 0),
(175, '2023-01-01 13:45:00', '2023-01-01', 'POS202301011344301', 0, 1, 17, NULL, NULL, 16000, 50000, 34000, 0, NULL, 1, 0),
(176, '2023-01-01 13:57:20', '2023-01-01', 'POS202301011353311', 0, 1, 17, NULL, NULL, 32000, 50000, 18000, 0, NULL, 1, 0),
(177, '2023-01-01 14:03:36', '2023-01-01', 'POS202301011403231', 0, 1, 17, NULL, NULL, 5000, 20000, 15000, 0, NULL, 1, 0),
(180, '2023-01-01 14:19:54', '2023-01-01', 'POS202301011416101', 0, 1, 17, NULL, NULL, 22000, 50000, 28000, 0, NULL, 1, 0),
(181, '2023-01-01 14:30:43', '2023-01-01', 'POS202301011430091', 0, 1, 17, NULL, NULL, 12000, 15000, 3000, 0, NULL, 1, 0),
(182, '2023-01-01 14:51:52', '2023-01-01', 'POS202301011433111', 0, 1, 17, NULL, NULL, 9000, 9000, 0, 0, NULL, 1, 0),
(185, '2023-01-01 15:29:54', '2023-01-01', 'POS202301011529361', 0, 1, 17, NULL, NULL, 158000, 160000, 2000, 0, NULL, 1, 0),
(186, '2023-01-01 16:09:39', '2023-01-01', 'POS202301011609161', 0, 1, 17, NULL, NULL, 22000, 22000, 0, 0, NULL, 2, 0),
(187, '2023-01-01 16:10:55', '2023-01-01', 'POS202301011609461', 0, 1, 17, NULL, NULL, 16000, 20000, 4000, 0, NULL, 2, 0),
(188, '2023-01-01 16:11:20', '2023-01-01', 'POS202301011611021', 0, 1, 17, NULL, NULL, 6000, 6000, 0, 0, NULL, 2, 0),
(189, '2023-01-01 16:11:45', '2023-01-01', 'POS202301011611281', 0, 1, 17, NULL, NULL, 3500, 4000, 500, 0, NULL, 2, 0),
(190, '2023-01-01 16:13:48', '2023-01-01', 'POS202301011611591', 0, 1, 17, NULL, NULL, 70000, 70000, 0, 0, NULL, 2, 0),
(192, '2023-01-01 17:12:38', '2023-01-01', 'POS202301011620421', 0, 1, 17, NULL, NULL, 208000, 210000, 2000, 0, NULL, 2, 0),
(193, '2023-01-01 17:16:04', '2023-01-01', 'POS202301011715481', 0, 1, 17, NULL, NULL, 21000, 25000, 4000, 0, NULL, 2, 0),
(194, '2023-01-01 17:17:28', '2023-01-01', 'POS202301011716121', 0, 1, 17, NULL, NULL, 37000, 40000, 3000, 0, NULL, 2, 0),
(195, '2023-01-01 17:39:46', '2023-01-01', 'POS202301011717361', 0, 1, 17, NULL, NULL, 68000, 100000, 32000, 0, NULL, 2, 0),
(197, '2023-01-01 17:47:19', '2023-01-01', 'POS202301011744201', 0, 1, 17, NULL, NULL, 76000, 100000, 24000, 0, NULL, 2, 0),
(198, '2023-01-01 17:48:30', '2023-01-01', 'POS202301011747321', 0, 1, 17, NULL, NULL, 45000, 50000, 5000, 0, NULL, 2, 0),
(199, '2023-01-01 17:51:09', '2023-01-01', 'POS202301011748361', 0, 1, 17, NULL, NULL, 19000, 50000, 31000, 0, NULL, 2, 0),
(200, '2023-01-01 17:54:24', '2023-01-01', 'POS202301011753441', 0, 1, 17, NULL, NULL, 24000, 25000, 1000, 0, NULL, 2, 0),
(201, '2023-01-01 17:55:03', '2023-01-01', 'POS202301011754301', 0, 1, 17, NULL, NULL, 88000, 100000, 12000, 0, NULL, 2, 0),
(202, '2023-01-01 17:55:31', '2023-01-01', 'POS202301011755131', 0, 1, 17, NULL, NULL, 18000, 20000, 2000, 0, NULL, 2, 0),
(204, '2023-01-01 17:59:55', '2023-01-01', 'POS202301011758221', 0, 1, 17, NULL, NULL, 26000, 30000, 4000, 0, NULL, 2, 0),
(205, '2023-01-01 18:01:55', '2023-01-01', 'POS202301011800181', 0, 1, 17, NULL, NULL, 39500, 50000, 10500, 0, NULL, 2, 0),
(206, '2023-01-01 18:02:31', '2023-01-01', 'POS202301011802011', 0, 1, 17, NULL, NULL, 13000, 15000, 2000, 0, NULL, 2, 0),
(207, '2023-01-01 18:03:09', '2023-01-01', 'POS202301011802381', 0, 1, 17, NULL, NULL, 67000, 100000, 33000, 0, NULL, 2, 0),
(208, '2023-01-01 18:06:13', '2023-01-01', 'POS202301011803171', 0, 1, 17, NULL, NULL, 19500, 20000, 500, 0, NULL, 2, 0),
(209, '2023-01-01 18:06:44', '2023-01-01', 'POS202301011806301', 0, 1, 17, NULL, NULL, 42000, 50000, 8000, 0, NULL, 2, 0),
(210, '2023-01-01 18:07:35', '2023-01-01', 'POS202301011806521', 0, 1, 17, NULL, NULL, 52000, 50000, -2000, 0, NULL, 2, 0),
(211, '2023-01-01 18:09:28', '2023-01-01', 'POS202301011807461', 0, 1, 17, NULL, NULL, 8000, 10000, 2000, 0, NULL, 2, 0),
(212, '2023-01-01 18:10:47', '2023-01-01', 'POS202301011810211', 0, 1, 17, NULL, NULL, 18000, 50000, 32000, 0, NULL, 2, 0),
(213, '2023-01-01 18:20:06', '2023-01-01', 'POS202301011811121', 0, 1, 17, NULL, NULL, 7000, 7000, 0, 0, NULL, 2, 0),
(214, '2023-01-01 18:41:09', '2023-01-01', 'POS202301011839401', 0, 1, 17, NULL, NULL, 153000, 155000, 2000, 0, NULL, 2, 0),
(217, '2023-01-01 18:50:59', '2023-01-01', 'POS202301011850471', 0, 1, 17, NULL, NULL, 10000, 50000, 40000, 0, NULL, 2, 0),
(218, '2023-01-01 18:57:02', '2023-01-01', 'POS202301011856371', 0, 1, 17, NULL, NULL, 25000, 50000, 25000, 0, NULL, 2, 0),
(219, '2023-01-01 18:57:10', '2023-01-01', 'POS202301011857101', 0, 1, 17, NULL, NULL, NULL, NULL, NULL, 2, NULL, 2, 0),
(220, '2023-01-02 07:51:44', '2023-01-02', 'POS202301020744111', 0, 1, 17, NULL, NULL, 13000, 15000, 2000, 0, NULL, 1, 0),
(221, '2023-01-02 08:33:14', '2023-01-02', 'POS202301020752001', 0, 1, 17, NULL, NULL, 22000, 50000, 28000, 0, NULL, 1, 0),
(222, '2023-01-02 09:01:11', '2023-01-02', 'POS202301020833261', 0, 1, 17, NULL, NULL, 15000, 15000, 0, 0, NULL, 1, 0),
(223, '2023-01-02 09:12:54', '2023-01-02', 'POS202301020901241', 0, 1, 17, NULL, NULL, 16000, 16000, 0, 0, NULL, 1, 0),
(224, '2023-01-02 09:25:35', '2023-01-02', 'POS202301020913041', 0, 1, 17, NULL, NULL, 38000, 100000, 62000, 0, NULL, 1, 0),
(225, '2023-01-02 09:36:49', '2023-01-02', 'POS202301020925431', 0, 1, 17, NULL, NULL, 20000, 20000, 0, 0, NULL, 1, 0),
(226, '2023-01-02 09:37:24', '2023-01-02', 'POS202301020937001', 0, 1, 17, NULL, NULL, 41000, 50000, 9000, 0, NULL, 1, 0),
(227, '2023-01-02 09:38:13', '2023-01-02', 'POS202301020937321', 0, 1, 17, NULL, NULL, 42000, 50000, 8000, 0, NULL, 1, 0),
(228, '2023-01-02 09:42:37', '2023-01-02', 'POS202301020938191', 0, 1, 17, NULL, NULL, 20000, 50000, 30000, 0, NULL, 1, 0),
(229, '2023-01-02 09:45:23', '2023-01-02', 'POS202301020942441', 0, 1, 17, NULL, NULL, 38000, 50000, 12000, 0, NULL, 1, 0),
(230, '2023-01-02 09:58:21', '2023-01-02', 'POS202301020945321', 0, 1, 17, NULL, NULL, 4000, 4000, 0, 0, NULL, 1, 0),
(231, '2023-01-02 10:02:59', '2023-01-02', 'POS202301020958281', 0, 1, 17, NULL, NULL, 10000, 10000, 0, 0, NULL, 1, 0),
(232, '2023-01-02 10:45:43', '2023-01-02', 'POS202301021003071', 0, 1, 17, NULL, NULL, 9000, 10000, 1000, 0, NULL, 1, 0),
(233, '2023-01-02 10:58:24', '2023-01-02', 'POS202301021045501', 0, 1, 17, NULL, NULL, 18000, 20000, 2000, 0, NULL, 1, 0),
(234, '2023-01-02 11:08:20', '2023-01-02', 'POS202301021058301', 0, 1, 17, NULL, NULL, 17000, 17000, 0, 0, NULL, 1, 0),
(235, '2023-01-02 11:36:23', '2023-01-02', 'POS202301021108261', 0, 1, 17, NULL, NULL, 3000, 10000, 7000, 0, NULL, 1, 0),
(236, '2023-01-02 11:38:50', '2023-01-02', 'POS202301021136321', 0, 1, 17, NULL, NULL, 22000, 30000, 8000, 0, NULL, 1, 0),
(237, '2023-01-02 11:56:39', '2023-01-02', 'POS202301021138581', 0, 1, 17, NULL, NULL, 5000, 50000, 45000, 0, NULL, 1, 0),
(238, '2023-01-02 12:10:29', '2023-01-02', 'POS202301021209591', 0, 1, 17, NULL, NULL, 20000, 20000, 0, 0, NULL, 1, 0),
(239, '2023-01-02 12:39:46', '2023-01-02', 'POS202301021210381', 0, 1, 17, NULL, NULL, 48000, 50000, 2000, 0, NULL, 1, 0),
(240, '2023-01-02 13:09:39', '2023-01-02', 'POS202301021239541', 0, 1, 17, NULL, NULL, 5000, 5000, 0, 0, NULL, 1, 0),
(241, '2023-01-02 13:12:05', '2023-01-02', 'POS202301021309461', 0, 1, 17, NULL, NULL, 19000, 50000, 31000, 0, NULL, 1, 0),
(242, '2023-01-02 13:23:23', '2023-01-02', 'POS202301021312101', 0, 1, 17, NULL, NULL, 18000, 50000, 32000, 0, NULL, 1, 0),
(243, '2023-01-02 13:24:59', '2023-01-02', 'POS202301021323331', 0, 1, 17, NULL, NULL, 50000, 50000, 0, 0, NULL, 1, 0),
(244, '2023-01-02 13:45:27', '2023-01-02', 'POS202301021325071', 0, 1, 17, NULL, NULL, 78000, 100000, 22000, 0, NULL, 1, 0),
(245, '2023-01-02 13:58:50', '2023-01-02', 'POS202301021345351', 0, 1, 17, NULL, NULL, 17000, 50000, 33000, 0, NULL, 1, 0),
(246, '2023-01-02 14:10:06', '2023-01-02', 'POS202301021358561', 0, 1, 17, NULL, NULL, 10000, 10000, 0, 0, NULL, 1, 0),
(247, '2023-01-02 14:16:51', '2023-01-02', 'POS202301021410141', 0, 1, 17, NULL, NULL, 60000, 100000, 40000, 0, NULL, 1, 0),
(248, '2023-01-02 14:31:18', '2023-01-02', 'POS202301021416591', 0, 1, 17, NULL, NULL, 8000, 10000, 2000, 0, NULL, 1, 0),
(249, '2023-01-02 14:31:41', '2023-01-02', 'POS202301021431241', 0, 1, 17, NULL, NULL, 16000, 16000, 0, 0, NULL, 1, 0),
(250, '2023-01-02 14:33:29', '2023-01-02', 'POS202301021431531', 0, 1, 17, NULL, NULL, 32000, 50000, 18000, 0, NULL, 1, 0),
(251, '2023-01-02 14:52:24', '2023-01-02', 'POS202301021451531', 0, 1, 17, NULL, NULL, 6000, 10000, 4000, 0, NULL, 2, 0),
(252, '2023-01-02 15:15:05', '2023-01-02', 'POS202301021514141', 0, 1, 17, NULL, NULL, 14000, 14000, 0, 0, NULL, 2, 0),
(253, '2023-01-02 15:31:55', '2023-01-02', 'POS202301021515121', 0, 1, 17, NULL, NULL, 558500, 600000, 41500, 0, NULL, 2, 0),
(254, '2023-01-02 15:22:11', '2023-01-02', 'POS202301021521471', 0, 1, 17, NULL, NULL, 18000, 20000, 2000, 0, NULL, 2, 0),
(255, '2023-01-02 15:46:44', '2023-01-02', 'POS202301021532011', 0, 1, 17, NULL, NULL, 7000, 20000, 13000, 0, NULL, 2, 0),
(258, '2023-01-02 16:18:22', '2023-01-02', 'POS202301021617461', 0, 1, 17, NULL, NULL, 40000, 50000, 10000, 0, NULL, 2, 0),
(259, '2023-01-02 16:18:48', '2023-01-02', 'POS202301021618361', 0, 1, 17, NULL, NULL, 13000, 15000, 2000, 0, NULL, 2, 0),
(260, '2023-01-02 16:19:18', '2023-01-02', 'POS202301021618581', 0, 1, 17, NULL, NULL, 8000, 10000, 2000, 0, NULL, 2, 0),
(261, '2023-01-02 16:20:08', '2023-01-02', 'POS202301021619251', 0, 1, 17, NULL, NULL, 50000, 50000, 0, 0, NULL, 2, 0),
(262, '2023-01-02 16:21:11', '2023-01-02', 'POS202301021620161', 0, 1, 17, NULL, NULL, 140000, 150000, 10000, 0, NULL, 2, 0),
(263, '2023-01-02 16:27:30', '2023-01-02', 'POS202301021626171', 0, 1, 17, NULL, NULL, 26000, 30000, 4000, 0, NULL, 2, 0),
(264, '2023-01-02 16:29:18', '2023-01-02', 'POS202301021628381', 0, 1, 17, NULL, NULL, 20000, 50000, 30000, 0, NULL, 2, 0),
(265, '2023-01-02 16:31:02', '2023-01-02', 'POS202301021629351', 0, 1, 17, NULL, NULL, 12000, 12000, 0, 0, NULL, 2, 0),
(266, '2023-01-02 16:44:28', '2023-01-02', 'POS202301021631211', 0, 1, 17, NULL, NULL, 59000, 100000, 41000, 0, NULL, 2, 0),
(267, '2023-01-02 16:46:31', '2023-01-02', 'POS202301021645401', 0, 1, 17, NULL, NULL, 18000, 40000, 22000, 0, NULL, 2, 0),
(268, '2023-01-02 16:52:45', '2023-01-02', 'POS202301021646571', 0, 1, 17, NULL, NULL, 6000, 10000, 4000, 0, NULL, 2, 0),
(269, '2023-01-02 17:11:12', '2023-01-02', 'POS202301021653171', 0, 1, 17, NULL, NULL, 3000, 5000, 2000, 0, NULL, 2, 0),
(271, '2023-01-02 17:30:44', '2023-01-02', 'POS202301021723121', 0, 1, 17, NULL, NULL, 28000, 50000, 22000, 0, NULL, 2, 0),
(272, '2023-01-02 17:48:04', '2023-01-02', 'POS202301021730511', 0, 1, 17, NULL, NULL, 28000, 30000, 2000, 0, NULL, 2, 0),
(274, '2023-01-02 17:48:37', '2023-01-02', 'POS202301021748101', 0, 1, 17, NULL, NULL, 41000, 41000, 0, 0, NULL, 2, 0),
(275, '2023-01-02 17:51:48', '2023-01-02', 'POS202301021748421', 0, 1, 17, NULL, NULL, 21000, 50000, 29000, 0, NULL, 2, 0),
(276, '2023-01-02 17:53:14', '2023-01-02', 'POS202301021751541', 0, 1, 17, NULL, NULL, 18000, 20000, 2000, 0, NULL, 2, 0),
(277, '2023-01-02 17:53:35', '2023-01-02', 'POS202301021753201', 0, 1, 17, NULL, NULL, 5000, 5000, 0, 0, NULL, 2, 0),
(278, '2023-01-02 18:00:27', '2023-01-02', 'POS202301021753401', 0, 1, 17, NULL, NULL, 95000, 100000, 5000, 0, NULL, 2, 0),
(279, '2023-01-02 18:01:48', '2023-01-02', 'POS202301021753421', 0, 1, 17, NULL, NULL, 50000, 50000, 0, 0, NULL, 2, 0),
(280, '2023-01-02 18:00:57', '2023-01-02', 'POS202301021800321', 0, 1, 17, NULL, NULL, 40000, 50000, 10000, 0, NULL, 2, 0),
(281, '2023-01-02 18:02:43', '2023-01-02', 'POS202301021801111', 0, 1, 17, NULL, NULL, 30000, 30000, 0, 0, NULL, 2, 0),
(282, '2023-01-02 18:11:31', '2023-01-02', 'POS202301021802491', 0, 1, 17, NULL, NULL, 30000, 50000, 20000, 0, NULL, 2, 0),
(283, '2023-01-02 18:19:11', '2023-01-02', 'POS202301021818521', 0, 1, 17, NULL, NULL, 18000, 18000, 0, 0, NULL, 2, 0),
(284, '2023-01-02 18:19:58', '2023-01-02', 'POS202301021819161', 0, 1, 17, NULL, NULL, 66000, 70000, 4000, 0, NULL, 2, 0),
(285, '2023-01-02 19:03:40', '2023-01-02', 'POS202301021820071', 0, 1, 17, NULL, NULL, 171000, 180000, 9000, 0, NULL, 2, 0),
(286, '2023-01-02 18:51:42', '2023-01-02', 'POS202301021840041', 0, 1, 17, NULL, NULL, 29000, 100000, 71000, 0, NULL, 2, 0),
(287, '2023-01-02 18:53:28', '2023-01-02', 'POS202301021851501', 0, 1, 17, NULL, NULL, 26000, 50000, 24000, 0, NULL, 2, 0),
(288, '2023-01-02 19:03:19', '2023-01-02', 'POS202301021902471', 0, 1, 17, NULL, NULL, 20000, 50000, 30000, 0, NULL, 2, 0),
(289, '2023-01-02 19:39:14', '2023-01-02', 'POS202301021903281', 0, 1, 17, NULL, NULL, 1000, 1000, 0, 0, NULL, 2, 0),
(290, '2023-01-02 19:11:40', '2023-01-02', 'POS202301021907491', 0, 1, 17, NULL, NULL, 16000, 20000, 4000, 0, NULL, 2, 0),
(291, '2023-01-02 19:12:22', '2023-01-02', 'POS202301021911551', 0, 1, 17, NULL, NULL, 27000, 30000, 3000, 0, NULL, 2, 0),
(294, '2023-01-02 19:21:40', '2023-01-02', 'POS202301021919431', 0, 1, 17, NULL, NULL, 3000, 50000, 47000, 0, NULL, 2, 0),
(295, '2023-01-02 19:27:59', '2023-01-02', 'POS202301021921571', 0, 1, 17, NULL, NULL, 67000, 100000, 33000, 0, NULL, 2, 0),
(296, '2023-01-02 19:38:37', '2023-01-02', 'POS202301021928271', 0, 1, 17, NULL, NULL, 14000, 14000, 0, 0, NULL, 2, 0),
(297, '2023-01-02 20:07:07', '2023-01-02', 'POS202301021939231', 0, 1, 17, NULL, NULL, 12000, 12000, 0, 0, NULL, 2, 0),
(298, '2023-01-02 19:49:04', '2023-01-02', 'POS202301021947001', 0, 1, 17, NULL, NULL, 35000, 50000, 15000, 0, NULL, 2, 0),
(299, '2023-01-02 19:54:14', '2023-01-02', 'POS202301021952011', 0, 1, 17, NULL, NULL, 11000, 20000, 9000, 0, NULL, 2, 0),
(300, '2023-01-02 19:55:24', '2023-01-02', 'POS202301021954281', 0, 1, 17, NULL, NULL, 20000, 100000, 80000, 0, NULL, 2, 0),
(301, '2023-01-02 19:59:35', '2023-01-02', 'POS202301021958181', 0, 1, 17, NULL, NULL, 22000, 50000, 28000, 0, NULL, 2, 0),
(302, '2023-01-02 20:00:34', '2023-01-02', 'POS202301021959471', 0, 1, 17, NULL, NULL, 23000, 23000, 0, 0, NULL, 2, 0),
(303, '2023-01-02 20:19:51', '2023-01-02', 'POS202301022003551', 0, 1, 17, NULL, NULL, 20000, 20000, 0, 0, NULL, 2, 0),
(304, '2023-01-02 20:20:25', '2023-01-02', 'POS202301022020001', 0, 1, 17, NULL, NULL, 23000, 50000, 27000, 0, NULL, 2, 0),
(305, '2023-01-02 20:20:45', '2023-01-02', 'POS202301022020321', 0, 1, 17, NULL, NULL, 30000, 50000, 20000, 0, NULL, 2, 0),
(306, '2023-01-02 20:23:06', '2023-01-02', 'POS202301022020521', 0, 1, 17, NULL, NULL, 6000, 6000, 0, 0, NULL, 2, 0),
(307, '2023-01-02 20:50:37', '2023-01-02', 'POS202301022023121', 0, 1, 17, NULL, NULL, 45000, 50000, 5000, 0, NULL, 2, 0),
(308, '2023-01-02 20:59:50', '2023-01-02', 'POS202301022050441', 0, 1, 17, NULL, NULL, 5000, 5000, 0, 0, NULL, 2, 0),
(309, '2023-01-02 21:00:15', '2023-01-02', 'POS202301022059541', 0, 1, 17, NULL, NULL, 48000, 50000, 2000, 0, NULL, 2, 0),
(310, '2023-01-02 21:00:39', '2023-01-02', 'POS202301022100201', 0, 1, 17, NULL, NULL, 32000, 32000, 0, 0, NULL, 2, 0),
(311, '2023-01-02 21:09:06', '2023-01-02', 'POS202301022100441', 0, 1, 17, NULL, NULL, 37000, 50000, 13000, 0, NULL, 2, 0),
(312, '2023-01-02 21:12:16', '2023-01-02', 'POS202301022109561', 0, 1, 17, NULL, NULL, 22500, 22500, 0, 0, NULL, 2, 0),
(313, '2023-01-02 21:31:51', '2023-01-02', 'POS202301022112231', 0, 1, 17, NULL, NULL, 18000, 50000, 32000, 0, NULL, 2, 0),
(314, '2023-01-02 21:32:18', '2023-01-02', 'POS202301022131581', 0, 1, 17, NULL, NULL, 40000, 50000, 10000, 0, NULL, 2, 0),
(315, '2023-01-02 21:35:24', '2023-01-02', 'POS202301022132241', 0, 1, 17, NULL, NULL, 9000, 9000, 0, 0, NULL, 2, 0),
(316, '2023-01-03 08:05:33', '2023-01-03', 'POS202301030805051', 0, 1, 17, NULL, NULL, 106000, 106000, 0, 0, NULL, 1, 0),
(317, '2023-01-03 08:21:18', '2023-01-03', 'POS202301030810441', 0, 1, 17, NULL, NULL, 7000, 7000, 0, 0, NULL, 1, 0),
(318, '2023-01-03 08:41:30', '2023-01-03', 'POS202301030837511', 0, 1, 17, NULL, NULL, 4000, 4000, 0, 0, NULL, 1, 0),
(319, '2023-01-03 08:54:08', '2023-01-03', 'POS202301030841351', 0, 1, 17, NULL, NULL, 26000, 26000, 0, 0, NULL, 1, 0),
(320, '2023-01-03 09:15:17', '2023-01-03', 'POS202301030913431', 0, 1, 17, NULL, NULL, 48000, 100000, 52000, 0, NULL, 1, 0),
(321, '2023-01-03 09:23:14', '2023-01-03', 'POS202301030915231', 0, 1, 17, NULL, NULL, 10000, 10000, 0, 0, NULL, 1, 0),
(322, '2023-01-03 09:28:08', '2023-01-03', 'POS202301030923181', 0, 1, 17, NULL, NULL, 7000, 7000, 0, 0, NULL, 1, 0),
(323, '2023-01-03 09:50:21', '2023-01-03', 'POS202301030949211', 0, 1, 17, NULL, NULL, 42000, 50000, 8000, 0, NULL, 1, 0),
(324, '2023-01-03 10:29:28', '2023-01-03', 'POS202301031029161', 0, 1, 17, NULL, NULL, 14000, 20000, 6000, 0, NULL, 1, 0),
(325, '2023-01-03 11:02:07', '2023-01-03', 'POS202301031055111', 0, 1, 17, NULL, NULL, 25000, 50000, 25000, 0, NULL, 1, 0),
(326, '2023-01-03 11:18:02', '2023-01-03', 'POS202301031117361', 0, 1, 17, NULL, NULL, 39000, 50000, 11000, 0, NULL, 1, 0),
(327, '2023-01-03 11:18:52', '2023-01-03', 'POS202301031118071', 0, 1, 17, NULL, NULL, 12000, 20000, 8000, 0, NULL, 1, 0),
(328, '2023-01-03 11:19:46', '2023-01-03', 'POS202301031118591', 0, 1, 17, NULL, NULL, 36000, 50000, 14000, 0, NULL, 1, 0),
(329, '2023-01-03 11:20:35', '2023-01-03', 'POS202301031119511', 0, 1, 17, NULL, NULL, 78000, 78000, 0, 0, NULL, 1, 0),
(330, '2023-01-03 11:21:14', '2023-01-03', 'POS202301031120391', 0, 1, 17, NULL, NULL, 46000, 50000, 4000, 0, NULL, 1, 0),
(331, '2023-01-03 11:46:07', '2023-01-03', 'POS202301031124411', 0, 1, 17, NULL, NULL, 13000, 13000, 0, 0, NULL, 1, 0),
(332, '2023-01-03 12:00:56', '2023-01-03', 'POS202301031147451', 0, 1, 17, NULL, NULL, 5000, 5000, 0, 0, NULL, 1, 0),
(333, '2023-01-03 12:09:22', '2023-01-03', 'POS202301031201261', 0, 1, 17, NULL, NULL, 17000, 50000, 33000, 0, NULL, 1, 0),
(334, '2023-01-03 12:16:05', '2023-01-03', 'POS202301031209291', 0, 1, 17, NULL, NULL, 22000, 50000, 28000, 0, NULL, 1, 0),
(335, '2023-01-03 12:21:17', '2023-01-03', 'POS202301031219581', 0, 1, 17, NULL, NULL, 10000, 20000, 10000, 0, NULL, 1, 0),
(336, '2023-01-03 12:31:06', '2023-01-03', 'POS202301031227151', 0, 1, 17, NULL, NULL, 100000, 100000, 0, 0, NULL, 1, 0),
(337, '2023-01-03 12:40:04', '2023-01-03', 'POS202301031231121', 0, 1, 17, NULL, NULL, 24000, 25000, 1000, 0, NULL, 1, 0),
(338, '2023-01-03 12:44:37', '2023-01-03', 'POS202301031243451', 0, 1, 17, NULL, NULL, 11000, 11000, 0, 0, NULL, 1, 0),
(339, '2023-01-03 12:44:56', '2023-01-03', 'POS202301031244421', 0, 1, 17, NULL, NULL, 6000, 6000, 0, 0, NULL, 1, 0),
(340, '2023-01-03 13:00:20', '2023-01-03', 'POS202301031245111', 0, 1, 17, NULL, NULL, 54000, 100000, 46000, 0, NULL, 1, 0),
(341, '2023-01-03 13:24:12', '2023-01-03', 'POS202301031300261', 0, 1, 17, NULL, NULL, 6000, 6000, 0, 0, NULL, 1, 0),
(342, '2023-01-03 13:56:01', '2023-01-03', 'POS202301031355481', 0, 1, 17, NULL, NULL, 25000, 25000, 0, 0, NULL, 1, 0),
(343, '2023-01-03 14:02:02', '2023-01-03', 'POS202301031357311', 0, 1, 17, NULL, NULL, 20000, 20000, 0, 0, NULL, 1, 0),
(344, '2023-01-03 14:14:52', '2023-01-03', 'POS202301031414291', 0, 1, 17, NULL, NULL, 21000, 25000, 4000, 0, NULL, 1, 0),
(345, '2023-01-03 14:21:18', '2023-01-03', 'POS202301031415001', 0, 1, 17, NULL, NULL, 3000, 5000, 2000, 0, NULL, 1, 0),
(346, '2023-01-03 14:30:09', '2023-01-03', 'POS202301031421461', 0, 1, 17, NULL, NULL, 37000, 50000, 13000, 0, NULL, 1, 0),
(347, '2023-01-03 15:37:26', '2023-01-03', 'POS202301031455221', 0, 1, 17, NULL, NULL, 14000, 15000, 1000, 0, NULL, 2, 0),
(348, '2023-01-03 15:38:42', '2023-01-03', 'POS202301031537471', 0, 1, 17, NULL, NULL, 41000, 100000, 59000, 0, NULL, 2, 0),
(349, '2023-01-03 15:40:19', '2023-01-03', 'POS202301031538561', 0, 1, 17, NULL, NULL, 20000, 50000, 30000, 0, NULL, 2, 0),
(350, '2023-01-03 15:56:52', '2023-01-03', 'POS202301031541301', 0, 1, 17, NULL, NULL, 12000, 50000, 38000, 0, NULL, 2, 0),
(351, '2023-01-03 16:02:05', '2023-01-03', 'POS202301031601121', 0, 1, 17, NULL, NULL, 50000, 50000, 0, 0, NULL, 2, 0),
(352, '2023-01-03 16:07:27', '2023-01-03', 'POS202301031607111', 0, 1, 17, NULL, NULL, 8000, 20000, 12000, 0, NULL, 2, 0),
(353, '2023-01-03 16:19:30', '2023-01-03', 'POS202301031607331', 0, 1, 17, NULL, NULL, 21000, 21000, 0, 0, NULL, 2, 0),
(354, '2023-01-03 16:20:15', '2023-01-03', 'POS202301031619411', 0, 1, 17, NULL, NULL, 67000, 70000, 3000, 0, NULL, 2, 0),
(355, '2023-01-03 16:24:54', '2023-01-03', 'POS202301031624171', 0, 1, 17, NULL, NULL, 41000, 100000, 59000, 0, NULL, 2, 0),
(356, '2023-01-03 16:30:05', '2023-01-03', 'POS202301031625251', 0, 1, 17, NULL, NULL, 21000, 50000, 29000, 0, NULL, 2, 0),
(357, '2023-01-03 16:31:20', '2023-01-03', 'POS202301031630121', 0, 1, 17, NULL, NULL, 12000, 12000, 0, 0, NULL, 2, 0),
(358, '2023-01-03 16:31:43', '2023-01-03', 'POS202301031631261', 0, 1, 17, NULL, NULL, 12000, 12000, 0, 0, NULL, 2, 0),
(359, '2023-01-03 16:34:46', '2023-01-03', 'POS202301031631491', 0, 1, 17, NULL, NULL, 10000, 10000, 0, 0, NULL, 2, 0),
(360, '2023-01-03 16:44:23', '2023-01-03', 'POS202301031634571', 0, 1, 17, NULL, NULL, 58000, 70000, 12000, 0, NULL, 2, 0),
(361, '2023-01-03 16:50:04', '2023-01-03', 'POS202301031644281', 0, 1, 17, NULL, NULL, 10000, 10000, 0, 0, NULL, 2, 0),
(362, '2023-01-03 17:00:16', '2023-01-03', 'POS202301031650111', 0, 1, 17, NULL, NULL, 13000, 50000, 37000, 0, NULL, 2, 0),
(363, '2023-01-03 17:02:59', '2023-01-03', 'POS202301031700251', 0, 1, 17, NULL, NULL, 21000, 21000, 0, 0, NULL, 2, 0),
(364, '2023-01-03 17:25:56', '2023-01-03', 'POS202301031703141', 0, 1, 17, NULL, NULL, 10000, 20000, 10000, 0, NULL, 2, 0),
(365, '2023-01-03 17:28:25', '2023-01-03', 'POS202301031726021', 0, 1, 17, NULL, NULL, 12000, 52000, 40000, 0, NULL, 2, 0),
(366, '2023-01-03 17:29:56', '2023-01-03', 'POS202301031728441', 0, 1, 17, NULL, NULL, 18000, 100000, 82000, 0, NULL, 2, 0),
(367, '2023-01-03 17:48:27', '2023-01-03', 'POS202301031730011', 0, 1, 17, NULL, NULL, 52000, 100000, 48000, 0, NULL, 2, 0),
(368, '2023-01-03 21:05:55', '2023-01-03', 'POS202301031748461', 0, 1, 17, NULL, NULL, 78000, 100000, 22000, 0, NULL, 2, 0),
(369, '2023-01-03 18:11:59', '2023-01-03', 'POS202301031811261', 0, 1, 17, NULL, NULL, 13000, 13000, 0, 0, NULL, 2, 0),
(370, '2023-01-03 18:23:59', '2023-01-03', 'POS202301031812111', 0, 1, 17, NULL, NULL, 32000, 50000, 18000, 0, NULL, 2, 0),
(371, '2023-01-03 18:52:23', '2023-01-03', 'POS202301031824101', 0, 1, 17, NULL, NULL, 28000, 30000, 2000, 0, NULL, 2, 0),
(372, '2023-01-03 18:56:58', '2023-01-03', 'POS202301031852291', 0, 1, 17, NULL, NULL, 18000, 50000, 32000, 0, NULL, 2, 0),
(373, '2023-01-03 18:57:20', '2023-01-03', 'POS202301031857061', 0, 1, 17, NULL, NULL, 10000, 10000, 0, 0, NULL, 2, 0),
(374, '2023-01-03 19:04:47', '2023-01-03', 'POS202301031904181', 0, 1, 17, NULL, NULL, 10000, 10000, 0, 0, NULL, 2, 0),
(375, '2023-01-03 19:11:07', '2023-01-03', 'POS202301031904591', 0, 1, 17, NULL, NULL, 43000, 50000, 7000, 0, NULL, 2, 0),
(376, '2023-01-03 19:13:49', '2023-01-03', 'POS202301031911231', 0, 1, 17, NULL, NULL, 18000, 20000, 2000, 0, NULL, 2, 0),
(377, '2023-01-03 19:24:52', '2023-01-03', 'POS202301031924341', 0, 1, 17, NULL, NULL, 28000, 50000, 22000, 0, NULL, 2, 0),
(378, '2023-01-03 19:27:40', '2023-01-03', 'POS202301031925041', 0, 1, 17, NULL, NULL, 96000, 100000, 4000, 0, NULL, 2, 0),
(380, '2023-01-03 19:41:13', '2023-01-03', 'POS202301031940451', 0, 1, 17, NULL, NULL, 10000, 10000, 0, 0, NULL, 2, 0),
(381, '2023-01-03 19:41:32', '2023-01-03', 'POS202301031941211', 0, 1, 17, NULL, NULL, 34000, 50000, 16000, 0, NULL, 2, 0),
(382, '2023-01-03 19:47:32', '2023-01-03', 'POS202301031945221', 0, 1, 17, NULL, NULL, 16000, 20000, 4000, 0, NULL, 2, 0),
(383, '2023-01-03 19:58:31', '2023-01-03', 'POS202301031947381', 0, 1, 17, NULL, NULL, 6000, 10000, 4000, 0, NULL, 2, 0),
(384, '2023-01-03 19:59:45', '2023-01-03', 'POS202301031958401', 0, 1, 17, NULL, NULL, 27000, 50000, 23000, 0, NULL, 2, 0),
(385, '2023-01-03 20:04:34', '2023-01-03', 'POS202301031959561', 0, 1, 17, NULL, NULL, 8000, 50000, 42000, 0, NULL, 2, 0),
(387, '2023-01-03 20:05:13', '2023-01-03', 'POS202301032005021', 0, 1, 17, NULL, NULL, 5000, 5000, 0, 0, NULL, 2, 0),
(388, '2023-01-03 20:10:34', '2023-01-03', 'POS202301032009051', 0, 1, 17, NULL, NULL, 10000, 20000, 10000, 0, NULL, 2, 0),
(389, '2023-01-03 20:18:11', '2023-01-03', 'POS202301032017491', 0, 1, 17, NULL, NULL, 10000, 10000, 0, 0, NULL, 2, 0),
(390, '2023-01-03 20:19:38', '2023-01-03', 'POS202301032018201', 0, 1, 17, NULL, NULL, 13000, 13000, 0, 0, NULL, 2, 0),
(391, '2023-01-03 20:26:06', '2023-01-03', 'POS202301032025041', 0, 1, 17, NULL, NULL, 53000, 55000, 2000, 0, NULL, 2, 0),
(392, '2023-01-03 20:29:59', '2023-01-03', 'POS202301032026131', 0, 1, 17, NULL, NULL, 33000, 100000, 67000, 0, NULL, 2, 0),
(393, '2023-01-03 20:31:16', '2023-01-03', 'POS202301032030061', 0, 1, 17, NULL, NULL, 46000, 50000, 4000, 0, NULL, 2, 0),
(394, '2023-01-03 20:42:26', '2023-01-03', 'POS202301032031241', 0, 1, 17, NULL, NULL, 14000, 50000, 36000, 0, NULL, 2, 0),
(395, '2023-01-03 20:56:47', '2023-01-03', 'POS202301032042331', 0, 1, 17, NULL, NULL, 42000, 50000, 8000, 0, NULL, 2, 0),
(396, '2023-01-03 20:59:41', '2023-01-03', 'POS202301032059231', 0, 1, 17, NULL, NULL, 14000, 14000, 0, 0, NULL, 2, 0),
(397, '2023-01-03 21:05:30', '2023-01-03', 'POS202301032102441', 0, 1, 17, NULL, NULL, 30000, 100000, 70000, 0, NULL, 2, 0),
(398, '2023-01-03 21:15:38', '2023-01-03', 'POS202301032114371', 0, 1, 17, NULL, NULL, 31000, 100000, 69000, 0, NULL, 2, 0),
(399, '2023-01-04 08:02:46', '2023-01-04', 'POS202301040739111', 0, 1, 17, NULL, NULL, 23000, 100000, 77000, 0, NULL, 1, 0),
(400, '2023-01-04 08:03:10', '2023-01-04', 'POS202301040802521', 0, 1, 17, NULL, NULL, 60000, 100000, 40000, 0, NULL, 1, 0),
(401, '2023-01-04 08:04:19', '2023-01-04', 'POS202301040803171', 0, 1, 17, NULL, NULL, 50000, 50000, 0, 0, NULL, 1, 0),
(402, '2023-01-04 08:36:26', '2023-01-04', 'POS202301040804251', 0, 1, 17, NULL, NULL, 56000, 100000, 44000, 0, NULL, 1, 0),
(403, '2023-01-04 08:51:11', '2023-01-04', 'POS202301040836341', 0, 1, 17, NULL, NULL, 30500, 50000, 19500, 0, NULL, 1, 0),
(404, '2023-01-04 08:51:29', '2023-01-04', 'POS202301040851171', 0, 1, 17, NULL, NULL, 14000, 50000, 36000, 0, NULL, 1, 0),
(405, '2023-01-04 09:22:33', '2023-01-04', 'POS202301040851351', 0, 1, 17, NULL, NULL, 31000, 50000, 19000, 0, NULL, 1, 0),
(406, '2023-01-04 09:23:01', '2023-01-04', 'POS202301040922411', 0, 1, 17, NULL, NULL, 26000, 50000, 24000, 0, NULL, 1, 0),
(407, '2023-01-04 09:29:08', '2023-01-04', 'POS202301040926581', 0, 1, 17, NULL, NULL, 5000, 50000, 45000, 0, NULL, 1, 0),
(408, '2023-01-04 09:34:12', '2023-01-04', 'POS202301040929141', 0, 1, 17, NULL, NULL, 34000, 50000, 16000, 0, NULL, 1, 0),
(409, '2023-01-04 09:52:09', '2023-01-04', 'POS202301040934181', 0, 1, 17, NULL, NULL, 9000, 10000, 1000, 0, NULL, 1, 0),
(410, '2023-01-04 09:52:21', '2023-01-04', 'POS202301040952211', 0, 1, 17, NULL, NULL, NULL, NULL, NULL, 2, NULL, 1, 0),
(411, '2023-01-12 20:48:09', '2023-01-12', 'POS202301121611031', 0, 1, 17, NULL, NULL, 13000, 50000, 37000, 0, NULL, 1, 0),
(412, '2023-01-12 21:14:27', '2023-01-12', 'POS202301122108581', 0, 1, 17, NULL, NULL, 13000, 20000, 7000, 0, NULL, 1, 2),
(413, '2023-01-15 18:11:29', '2023-01-15', 'POS202301151811181', 0, 1, 17, NULL, NULL, 17000, 20000, 3000, 0, NULL, 1, 2),
(414, '2023-01-21 13:06:56', '2023-01-21', 'POS202301211306561', 0, 1, 17, NULL, NULL, NULL, NULL, NULL, 2, NULL, 1, 0),
(415, '2023-01-22 14:07:34', '2023-01-22', 'POS202301221407341', 0, 1, 17, NULL, NULL, NULL, NULL, NULL, 2, NULL, 1, 0),
(416, '2023-02-23 17:44:36', '2023-02-23', 'POS202302231744260', 0, 0, 1, NULL, NULL, 54000, 60000, 6000, 0, NULL, 1, 2),
(417, '2023-04-10 22:04:18', '2023-04-10', 'POS202304102204180', 0, 0, 1, NULL, NULL, NULL, NULL, NULL, 2, NULL, 1, 0),
(418, '2023-04-12 13:27:02', '2023-04-12', 'POS202304121327020', 0, 0, 1, NULL, NULL, NULL, NULL, NULL, 2, NULL, 1, 0);

-- --------------------------------------------------------

--
-- Table structure for table `transactiond`
--

CREATE TABLE `transactiond` (
  `transactiond_id` bigint(20) UNSIGNED NOT NULL,
  `transaction_id` int(11) NOT NULL,
  `product_id` int(11) NOT NULL,
  `transactiond_qty` int(11) NOT NULL,
  `transactiond_price` text COLLATE utf8mb4_unicode_ci NOT NULL,
  `store_id` int(11) NOT NULL,
  `transactiond_datetime` datetime NOT NULL DEFAULT current_timestamp(),
  `transactiond_stokawal` int(11) NOT NULL,
  `transactiond_stokakhir` int(11) NOT NULL
) ENGINE=InnoDB DEFAULT CHARSET=utf8mb4 COLLATE=utf8mb4_unicode_ci;

--
-- Dumping data for table `transactiond`
--

INSERT INTO `transactiond` (`transactiond_id`, `transaction_id`, `product_id`, `transactiond_qty`, `transactiond_price`, `store_id`, `transactiond_datetime`, `transactiond_stokawal`, `transactiond_stokakhir`) VALUES
(127, 64, 821, 2, '16000', 1, '2022-12-31 09:41:48', 0, 0),
(128, 64, 888, 2, '10000', 1, '2022-12-31 09:42:01', 0, 0),
(129, 64, 747, 3, '21000', 1, '2022-12-31 09:42:13', 0, 0),
(130, 65, 892, 1, '10000', 1, '2022-12-31 09:46:26', 0, 0),
(131, 65, 438, 1, '79000', 1, '2022-12-31 09:46:46', 0, 0),
(132, 67, 802, 1, '5000', 1, '2022-12-31 09:47:43', 0, 0),
(133, 67, 758, 1, '6000', 1, '2022-12-31 09:47:51', 0, 0),
(134, 68, 759, 1, '5000', 1, '2022-12-31 09:48:57', 0, 0),
(135, 68, 72, 1, '65000', 1, '2022-12-31 09:49:05', 0, 0),
(137, 68, 580, 1, '14000', 1, '2022-12-31 09:50:06', 0, 0),
(138, 69, 495, 1, '25000', 1, '2022-12-31 09:52:38', 0, 0),
(139, 70, 753, 1, '3000', 1, '2022-12-31 09:53:12', 0, 0),
(140, 70, 643, 1, '3000', 1, '2022-12-31 09:53:19', 0, 0),
(141, 70, 349, 1, '4000', 1, '2022-12-31 09:53:25', 0, 0),
(142, 70, 19, 4, '14000', 1, '2022-12-31 09:53:41', 0, 0),
(143, 71, 854, 1, '25000', 1, '2022-12-31 09:54:19', 0, 0),
(144, 71, 855, 1, '13000', 1, '2022-12-31 09:54:25', 0, 0),
(145, 72, 640, 1, '18000', 1, '2022-12-31 10:10:08', 0, 0),
(147, 74, 761, 2, '8000', 1, '2022-12-31 10:13:28', 0, 0),
(148, 75, 252, 1, '42000', 1, '2022-12-31 10:27:16', 0, 0),
(150, 78, 265, 2, '14000', 1, '2022-12-31 11:00:17', 0, 0),
(151, 78, 854, 1, '25000', 1, '2022-12-31 11:00:33', 0, 0),
(152, 78, 856, 1, '13000', 1, '2022-12-31 11:00:39', 0, 0),
(153, 78, 744, 1, '4000', 1, '2022-12-31 11:00:50', 0, 0),
(154, 78, 343, 1, '14000', 1, '2022-12-31 11:01:12', 0, 0),
(155, 79, 343, 1, '14000', 1, '2022-12-31 11:01:25', 0, 0),
(156, 80, 426, 1, '2000', 1, '2022-12-31 11:08:07', 0, 0),
(158, 84, 607, 1, '45000', 1, '2022-12-31 11:26:49', 0, 0),
(159, 85, 788, 2, '8000', 1, '2022-12-31 11:31:47', 0, 0),
(160, 86, 172, 1, '8000', 1, '2022-12-31 11:42:21', 0, 0),
(161, 88, 720, 2, '20000', 1, '2022-12-31 11:52:07', 0, 0),
(162, 88, 719, 2, '12000', 1, '2022-12-31 11:52:13', 0, 0),
(163, 88, 756, 3, '15000', 1, '2022-12-31 11:52:25', 0, 0),
(164, 88, 803, 4, '40000', 1, '2022-12-31 11:52:33', 0, 0),
(165, 88, 715, 1, '18000', 1, '2022-12-31 11:52:45', 0, 0),
(167, 88, 747, 3, '21000', 1, '2022-12-31 11:55:03', 0, 0),
(169, 89, 396, 1, '3000', 1, '2022-12-31 12:15:50', 0, 0),
(170, 89, 724, 1, '6000', 1, '2022-12-31 12:15:58', 0, 0),
(171, 90, 517, 1, '25000', 1, '2022-12-31 12:21:23', 0, 0),
(172, 90, 761, 2, '7000', 1, '2022-12-31 12:22:19', 0, 0),
(173, 90, 475, 1, '14000', 1, '2022-12-31 12:22:34', 0, 0),
(174, 91, 713, 1, '6000', 1, '2022-12-31 12:40:10', 0, 0),
(175, 92, 642, 2, '18000', 1, '2022-12-31 12:48:14', 0, 0),
(176, 92, 544, 1, '14000', 1, '2022-12-31 12:48:20', 0, 0),
(177, 93, 353, 1, '3000', 1, '2022-12-31 12:55:41', 0, 0),
(179, 96, 233, 1, '20000', 1, '2022-12-31 13:24:58', 0, 0),
(181, 99, 854, 1, '25000', 1, '2022-12-31 13:37:42', 0, 0),
(183, 95, 747, 2, '14000', 1, '2022-12-31 14:05:19', 0, 0),
(184, 95, 343, 1, '14000', 1, '2022-12-31 14:05:32', 0, 0),
(185, 100, 177, 1, '8000', 1, '2022-12-31 17:07:15', 0, 0),
(186, 101, 827, 1, '20000', 1, '2022-12-31 17:07:54', 0, 0),
(187, 102, 332, 1, '10000', 1, '2022-12-31 17:08:35', 0, 0),
(188, 102, 766, 1, '8000', 1, '2022-12-31 17:08:55', 0, 0),
(189, 103, 667, 1, '28000', 1, '2022-12-31 17:09:19', 0, 0),
(190, 104, 658, 1, '9000', 1, '2022-12-31 17:09:43', 0, 0),
(191, 105, 883, 1, '7000', 1, '2022-12-31 17:10:06', 0, 0),
(192, 105, 719, 1, '6000', 1, '2022-12-31 17:10:24', 0, 0),
(193, 105, 752, 1, '3000', 1, '2022-12-31 17:10:40', 0, 0),
(194, 106, 83, 1, '23000', 1, '2022-12-31 17:11:13', 0, 0),
(195, 106, 539, 1, '38000', 1, '2022-12-31 17:11:27', 0, 0),
(196, 107, 267, 1, '17000', 1, '2022-12-31 17:12:04', 0, 0),
(197, 108, 201, 1, '26000', 1, '2022-12-31 17:13:09', 0, 0),
(198, 108, 742, 1, '10000', 1, '2022-12-31 17:13:28', 0, 0),
(199, 108, 631, 1, '20000', 1, '2022-12-31 17:13:34', 0, 0),
(200, 109, 334, 1, '2000', 1, '2022-12-31 17:14:01', 0, 0),
(201, 109, 805, 2, '22000', 1, '2022-12-31 17:14:06', 0, 0),
(202, 110, 484, 2, '152000', 1, '2022-12-31 17:16:00', 0, 0),
(204, 111, 515, 1, '10000', 1, '2022-12-31 17:23:53', 0, 0),
(205, 112, 859, 4, '20000', 1, '2022-12-31 17:36:14', 0, 0),
(206, 113, 701, 1, '8000', 1, '2022-12-31 17:47:40', 0, 0),
(207, 114, 263, 1, '19000', 1, '2022-12-31 18:03:03', 0, 0),
(211, 116, 823, 1, '48000', 1, '2022-12-31 18:06:08', 0, 0),
(212, 116, 524, 2, '16000', 1, '2022-12-31 18:06:14', 0, 0),
(213, 117, 858, 1, '12000', 1, '2022-12-31 18:07:03', 0, 0),
(214, 118, 516, 1, '8000', 1, '2022-12-31 18:07:35', 0, 0),
(215, 118, 507, 1, '12000', 1, '2022-12-31 18:07:41', 0, 0),
(216, 119, 515, 1, '10000', 1, '2022-12-31 18:08:34', 0, 0),
(217, 120, 38, 1, '16000', 1, '2022-12-31 18:10:20', 0, 0),
(218, 121, 713, 1, '6000', 1, '2022-12-31 18:32:59', 0, 0),
(219, 121, 432, 1, '17000', 1, '2022-12-31 18:33:08', 0, 0),
(220, 121, 108, 4, '2000', 1, '2022-12-31 18:33:17', 0, 0),
(221, 122, 746, 1, '10000', 1, '2022-12-31 18:43:43', 0, 0),
(222, 123, 396, 2, '6000', 1, '2022-12-31 18:50:42', 0, 0),
(223, 124, 385, 1, '7000', 1, '2022-12-31 18:57:25', 0, 0),
(224, 126, 359, 1, '3000', 1, '2022-12-31 19:13:03', 0, 0),
(225, 127, 634, 1, '5000', 1, '2022-12-31 19:19:47', 0, 0),
(226, 125, 598, 1, '19000', 1, '2022-12-31 19:23:24', 0, 0),
(227, 129, 524, 2, '16000', 1, '2022-12-31 19:24:22', 0, 0),
(228, 129, 112, 1, '6000', 1, '2022-12-31 19:24:28', 0, 0),
(229, 130, 19, 3, '9000', 1, '2022-12-31 19:25:23', 0, 0),
(230, 130, 364, 2, '6000', 1, '2022-12-31 19:25:37', 0, 0),
(231, 131, 726, 1, '10000', 1, '2022-12-31 19:26:08', 0, 0),
(233, 133, 121, 1, '33000', 1, '2022-12-31 19:36:26', 0, 0),
(234, 133, 115, 1, '10000', 1, '2022-12-31 19:36:34', 0, 0),
(235, 134, 630, 1, '11000', 1, '2022-12-31 20:02:55', 0, 0),
(236, 134, 395, 1, '12000', 1, '2022-12-31 20:03:05', 0, 0),
(237, 135, 543, 1, '30000', 1, '2022-12-31 20:10:29', 0, 0),
(238, 136, 200, 1, '5000', 1, '2022-12-31 20:10:54', 0, 0),
(239, 136, 855, 2, '26000', 1, '2022-12-31 20:11:54', 0, 0),
(240, 137, 897, 4, '12000', 1, '2022-12-31 20:23:48', 0, 0),
(241, 137, 395, 2, '24000', 1, '2022-12-31 20:24:03', 0, 0),
(242, 137, 858, 1, '12000', 1, '2022-12-31 20:24:12', 0, 0),
(243, 137, 621, 2, '17000', 1, '2022-12-31 20:24:18', 0, 0),
(244, 138, 642, 1, '9000', 1, '2022-12-31 20:25:12', 0, 0),
(245, 139, 716, 1, '8000', 1, '2022-12-31 20:25:30', 0, 0),
(246, 139, 186, 1, '3000', 1, '2022-12-31 20:26:20', 0, 0),
(247, 139, 612, 1, '12000', 1, '2022-12-31 20:26:35', 0, 0),
(248, 140, 368, 1, '2000', 1, '2022-12-31 20:29:13', 0, 0),
(249, 141, 720, 1, '10000', 1, '2022-12-31 20:35:51', 0, 0),
(250, 142, 738, 1, '8000', 1, '2022-12-31 20:41:49', 0, 0),
(251, 142, 758, 1, '6000', 1, '2022-12-31 20:41:57', 0, 0),
(252, 142, 661, 1, '48000', 1, '2022-12-31 20:42:05', 0, 0),
(253, 143, 634, 4, '20000', 1, '2022-12-31 20:51:31', 0, 0),
(254, 144, 749, 1, '12000', 1, '2022-12-31 20:55:35', 0, 0),
(255, 144, 759, 1, '5000', 1, '2022-12-31 20:55:41', 0, 0),
(256, 145, 297, 1, '28000', 1, '2022-12-31 21:13:57', 0, 0),
(260, 147, 365, 1, '13000', 1, '2023-01-01 08:30:32', 0, 0),
(262, 147, 178, 1, '9000', 1, '2023-01-01 08:30:43', 0, 0),
(263, 147, 353, 1, '3000', 1, '2023-01-01 08:30:49', 0, 0),
(264, 147, 344, 1, '3000', 1, '2023-01-01 08:31:26', 0, 0),
(267, 149, 834, 2, '20000', 1, '2023-01-01 08:36:37', 0, 0),
(276, 156, 758, 1, '6000', 1, '2023-01-01 11:39:42', 0, 0),
(277, 156, 812, 1, '10000', 1, '2023-01-01 11:39:49', 0, 0),
(281, 156, 747, 1, '7000', 1, '2023-01-01 11:40:59', 0, 0),
(282, 156, 719, 1, '6000', 1, '2023-01-01 11:41:11', 0, 0),
(283, 157, 648, 1, '30000', 1, '2023-01-01 11:41:53', 0, 0),
(284, 158, 836, 1, '8000', 1, '2023-01-01 11:43:17', 0, 0),
(285, 158, 530, 1, '36000', 1, '2023-01-01 11:43:31', 0, 0),
(286, 158, 893, 1, '15000', 1, '2023-01-01 11:43:42', 0, 0),
(302, 164, 805, 2, '22000', 1, '2023-01-01 11:50:58', 0, 0),
(310, 167, 300, 1, '8000', 1, '2023-01-01 12:03:19', 0, 0),
(311, 167, 355, 1, '12000', 1, '2023-01-01 12:03:26', 0, 0),
(313, 169, 836, 3, '24000', 1, '2023-01-01 13:01:40', 0, 0),
(315, 170, 157, 1, '12000', 1, '2023-01-01 13:13:58', 0, 0),
(316, 170, 17, 1, '1000', 1, '2023-01-01 13:14:15', 0, 0),
(317, 171, 349, 1, '4000', 1, '2023-01-01 13:18:35', 0, 0),
(318, 171, 812, 1, '10000', 1, '2023-01-01 13:18:40', 0, 0),
(323, 173, 186, 1, '3000', 1, '2023-01-01 13:32:03', 0, 0),
(324, 173, 888, 1, '5000', 1, '2023-01-01 13:32:11', 0, 0),
(325, 174, 517, 1, '25000', 1, '2023-01-01 13:40:04', 0, 0),
(327, 175, 524, 2, '16000', 1, '2023-01-01 13:44:49', 0, 0),
(328, 176, 524, 2, '16000', 1, '2023-01-01 13:56:46', 0, 0),
(329, 176, 766, 2, '16000', 1, '2023-01-01 13:57:00', 0, 0),
(330, 177, 759, 1, '5000', 1, '2023-01-01 14:03:29', 0, 0),
(339, 180, 645, 1, '22000', 1, '2023-01-01 14:19:45', 0, 0),
(340, 181, 780, 1, '4000', 1, '2023-01-01 14:30:22', 0, 0),
(341, 181, 766, 1, '8000', 1, '2023-01-01 14:30:34', 0, 0),
(343, 182, 764, 1, '6000', 1, '2023-01-01 14:51:35', 0, 0),
(344, 182, 410, 1, '3000', 1, '2023-01-01 14:51:43', 0, 0),
(350, 185, 659, 1, '158000', 1, '2023-01-01 15:29:40', 0, 0),
(351, 186, 225, 1, '22000', 1, '2023-01-01 16:09:30', 0, 0),
(354, 187, 423, 1, '2000', 1, '2023-01-01 16:10:05', 0, 0),
(355, 187, 753, 1, '3000', 1, '2023-01-01 16:10:22', 0, 0),
(356, 187, 524, 1, '8000', 1, '2023-01-01 16:10:36', 0, 0),
(357, 187, 372, 1, '3000', 1, '2023-01-01 16:10:47', 0, 0),
(358, 188, 110, 1, '6000', 1, '2023-01-01 16:11:09', 0, 0),
(359, 189, 373, 1, '3500', 1, '2023-01-01 16:11:37', 0, 0),
(360, 190, 716, 2, '16000', 1, '2023-01-01 16:12:09', 0, 0),
(361, 190, 178, 2, '18000', 1, '2023-01-01 16:12:26', 0, 0),
(362, 190, 172, 4, '32000', 1, '2023-01-01 16:12:40', 0, 0),
(363, 190, 354, 1, '4000', 1, '2023-01-01 16:13:16', 0, 0),
(367, 192, 693, 1, '193000', 1, '2023-01-01 16:27:26', 0, 0),
(368, 192, 842, 1, '15000', 1, '2023-01-01 16:40:36', 0, 0),
(369, 193, 638, 1, '21000', 1, '2023-01-01 17:15:50', 0, 0),
(370, 194, 855, 2, '26000', 1, '2023-01-01 17:16:19', 0, 0),
(371, 194, 372, 2, '6000', 1, '2023-01-01 17:16:33', 0, 0),
(372, 194, 108, 10, '5000', 1, '2023-01-01 17:16:43', 0, 0),
(374, 195, 898, 1, '68000', 1, '2023-01-01 17:39:38', 0, 0),
(379, 197, 17, 1, '1000', 1, '2023-01-01 17:44:40', 0, 0),
(380, 197, 757, 1, '10000', 1, '2023-01-01 17:44:50', 0, 0),
(381, 197, 747, 1, '7000', 1, '2023-01-01 17:45:01', 0, 0),
(382, 197, 716, 2, '16000', 1, '2023-01-01 17:45:14', 0, 0),
(383, 197, 194, 1, '42000', 1, '2023-01-01 17:47:07', 0, 0),
(384, 198, 242, 1, '33000', 1, '2023-01-01 17:47:44', 0, 0),
(385, 198, 858, 1, '12000', 1, '2023-01-01 17:47:59', 0, 0),
(386, 199, 51, 1, '6000', 1, '2023-01-01 17:49:52', 0, 0),
(387, 199, 277, 1, '12000', 1, '2023-01-01 17:50:25', 0, 0),
(388, 199, 17, 1, '1000', 1, '2023-01-01 17:50:52', 0, 0),
(389, 200, 267, 1, '17000', 1, '2023-01-01 17:53:52', 0, 0),
(390, 200, 866, 1, '4000', 1, '2023-01-01 17:54:02', 0, 0),
(391, 200, 36, 1, '3000', 1, '2023-01-01 17:54:14', 0, 0),
(392, 201, 484, 1, '76000', 1, '2023-01-01 17:54:38', 0, 0),
(393, 201, 395, 1, '12000', 1, '2023-01-01 17:54:54', 0, 0),
(394, 202, 640, 1, '18000', 1, '2023-01-01 17:55:23', 0, 0),
(400, 204, 720, 1, '10000', 1, '2023-01-01 17:59:00', 0, 0),
(401, 204, 745, 1, '6000', 1, '2023-01-01 17:59:08', 0, 0),
(403, 204, 746, 1, '10000', 1, '2023-01-01 17:59:46', 0, 0),
(404, 205, 716, 1, '8000', 1, '2023-01-01 18:00:22', 0, 0),
(405, 205, 178, 1, '9000', 1, '2023-01-01 18:00:31', 0, 0),
(406, 205, 580, 1, '14000', 1, '2023-01-01 18:00:50', 0, 0),
(407, 205, 621, 1, '8500', 1, '2023-01-01 18:01:04', 0, 0),
(409, 206, 747, 1, '7000', 1, '2023-01-01 18:02:18', 0, 0),
(410, 206, 719, 1, '6000', 1, '2023-01-01 18:02:23', 0, 0),
(411, 207, 303, 1, '28000', 1, '2023-01-01 18:02:45', 0, 0),
(412, 207, 111, 1, '30000', 1, '2023-01-01 18:02:52', 0, 0),
(413, 207, 356, 1, '9000', 1, '2023-01-01 18:02:58', 0, 0),
(414, 208, 371, 1, '3500', 1, '2023-01-01 18:03:23', 0, 0),
(415, 208, 33, 1, '3000', 1, '2023-01-01 18:03:30', 0, 0),
(416, 208, 18, 1, '4000', 1, '2023-01-01 18:03:36', 0, 0),
(417, 208, 864, 1, '8000', 1, '2023-01-01 18:03:41', 0, 0),
(418, 208, 17, 1, '1000', 1, '2023-01-01 18:05:04', 0, 0),
(420, 209, 252, 1, '42000', 1, '2023-01-01 18:06:37', 0, 0),
(421, 210, 631, 2, '40000', 1, '2023-01-01 18:06:57', 0, 0),
(423, 210, 713, 2, '12000', 1, '2023-01-01 18:07:26', 0, 0),
(426, 211, 410, 1, '3000', 1, '2023-01-01 18:08:10', 0, 0),
(427, 211, 888, 1, '5000', 1, '2023-01-01 18:08:19', 0, 0),
(429, 212, 866, 1, '4000', 1, '2023-01-01 18:10:22', 0, 0),
(430, 212, 524, 1, '8000', 1, '2023-01-01 18:10:32', 0, 0),
(431, 212, 629, 1, '6000', 1, '2023-01-01 18:10:38', 0, 0),
(432, 213, 427, 2, '7000', 1, '2023-01-01 18:19:57', 0, 0),
(433, 214, 410, 1, '3000', 1, '2023-01-01 18:39:50', 0, 0),
(434, 214, 298, 1, '31000', 1, '2023-01-01 18:39:58', 0, 0),
(435, 214, 867, 2, '16000', 1, '2023-01-01 18:40:05', 0, 0),
(436, 214, 815, 2, '52000', 1, '2023-01-01 18:40:14', 0, 0),
(437, 214, 179, 1, '10000', 1, '2023-01-01 18:40:23', 0, 0),
(438, 214, 178, 2, '18000', 1, '2023-01-01 18:40:29', 0, 0),
(439, 214, 764, 1, '6000', 1, '2023-01-01 18:40:43', 0, 0),
(440, 214, 621, 2, '17000', 1, '2023-01-01 18:40:49', 0, 0),
(449, 217, 721, 1, '10000', 1, '2023-01-01 18:50:53', 0, 0),
(450, 218, 771, 5, '15000', 1, '2023-01-01 18:56:44', 0, 0),
(451, 218, 171, 1, '10000', 1, '2023-01-01 18:56:56', 0, 0),
(452, 220, 101, 1, '13000', 1, '2023-01-02 07:51:34', 0, 0),
(453, 221, 574, 1, '22000', 1, '2023-01-02 08:32:55', 0, 0),
(455, 222, 17, 1, '1000', 1, '2023-01-02 09:00:58', 0, 0),
(456, 222, 544, 1, '14000', 1, '2023-01-02 09:01:03', 0, 0),
(457, 223, 836, 2, '16000', 1, '2023-01-02 09:12:41', 0, 0),
(458, 224, 267, 1, '17000', 1, '2023-01-02 09:25:19', 0, 0),
(459, 224, 281, 1, '21000', 1, '2023-01-02 09:25:26', 0, 0),
(460, 225, 724, 1, '6000', 1, '2023-01-02 09:36:30', 0, 0),
(461, 225, 766, 1, '8000', 1, '2023-01-02 09:36:35', 0, 0),
(462, 225, 110, 1, '6000', 1, '2023-01-02 09:36:40', 0, 0),
(463, 226, 283, 1, '34000', 1, '2023-01-02 09:37:08', 0, 0),
(464, 226, 345, 1, '7000', 1, '2023-01-02 09:37:17', 0, 0),
(465, 227, 64, 1, '10000', 1, '2023-01-02 09:37:38', 0, 0),
(466, 227, 243, 1, '24000', 1, '2023-01-02 09:37:45', 0, 0),
(467, 227, 18, 2, '8000', 1, '2023-01-02 09:37:51', 0, 0),
(468, 228, 747, 2, '14000', 1, '2023-01-02 09:42:06', 0, 0),
(470, 228, 719, 1, '6000', 1, '2023-01-02 09:42:20', 0, 0),
(471, 229, 248, 1, '18000', 1, '2023-01-02 09:42:49', 0, 0),
(472, 229, 631, 1, '20000', 1, '2023-01-02 09:42:55', 0, 0),
(473, 230, 722, 1, '4000', 1, '2023-01-02 09:58:15', 0, 0),
(474, 231, 816, 1, '10000', 1, '2023-01-02 10:02:50', 0, 0),
(476, 232, 178, 1, '9000', 1, '2023-01-02 10:45:37', 0, 0),
(478, 233, 351, 2, '18000', 1, '2023-01-02 10:58:14', 0, 0),
(479, 234, 317, 1, '17000', 1, '2023-01-02 11:08:09', 0, 0),
(480, 235, 529, 1, '3000', 1, '2023-01-02 11:36:17', 0, 0),
(481, 236, 18, 2, '8000', 1, '2023-01-02 11:38:07', 0, 0),
(482, 236, 371, 4, '14000', 1, '2023-01-02 11:38:15', 0, 0),
(483, 237, 888, 1, '5000', 1, '2023-01-02 11:56:31', 0, 0),
(484, 238, 866, 1, '3000', 1, '2023-01-02 12:10:05', 0, 0),
(485, 238, 870, 1, '5000', 1, '2023-01-02 12:10:14', 0, 0),
(486, 238, 637, 2, '12000', 1, '2023-01-02 12:10:20', 0, 0),
(487, 239, 397, 1, '10000', 1, '2023-01-02 12:39:19', 0, 0),
(488, 239, 204, 1, '5000', 1, '2023-01-02 12:39:25', 0, 0),
(489, 239, 140, 1, '20000', 1, '2023-01-02 12:39:32', 0, 0),
(490, 239, 531, 1, '13000', 1, '2023-01-02 12:39:40', 0, 0),
(491, 240, 861, 1, '5000', 1, '2023-01-02 13:09:33', 0, 0),
(492, 241, 807, 1, '3000', 1, '2023-01-02 13:11:38', 0, 0),
(493, 241, 723, 1, '4000', 1, '2023-01-02 13:11:44', 0, 0),
(494, 241, 524, 1, '8000', 1, '2023-01-02 13:11:49', 0, 0),
(495, 241, 744, 1, '4000', 1, '2023-01-02 13:11:57', 0, 0),
(496, 242, 640, 1, '18000', 1, '2023-01-02 13:23:18', 0, 0),
(497, 243, 517, 2, '50000', 1, '2023-01-02 13:24:42', 0, 0),
(498, 244, 638, 1, '20000', 1, '2023-01-02 13:45:09', 0, 0),
(499, 244, 823, 1, '48000', 1, '2023-01-02 13:45:15', 0, 0),
(500, 244, 790, 1, '10000', 1, '2023-01-02 13:45:21', 0, 0),
(501, 245, 540, 1, '17000', 1, '2023-01-02 13:58:45', 0, 0),
(502, 246, 775, 1, '10000', 1, '2023-01-02 14:10:00', 0, 0),
(503, 247, 899, 1, '40000', 1, '2023-01-02 14:16:35', 0, 0),
(504, 247, 65, 1, '10000', 1, '2023-01-02 14:16:40', 0, 0),
(505, 247, 64, 1, '10000', 1, '2023-01-02 14:16:45', 0, 0),
(507, 248, 716, 1, '8000', 1, '2023-01-02 14:31:11', 0, 0),
(508, 249, 440, 1, '16000', 1, '2023-01-02 14:31:34', 0, 0),
(509, 250, 355, 2, '24000', 1, '2023-01-02 14:33:06', 0, 0),
(510, 250, 524, 1, '8000', 1, '2023-01-02 14:33:15', 0, 0),
(511, 251, 707, 1, '6000', 1, '2023-01-02 14:52:08', 0, 0),
(512, 252, 766, 1, '8000', 1, '2023-01-02 15:14:27', 0, 0),
(514, 252, 758, 1, '6000', 1, '2023-01-02 15:14:54', 0, 0),
(515, 253, 790, 10, '20000', 1, '2023-01-02 15:18:12', 0, 0),
(516, 253, 691, 1, '58000', 1, '2023-01-02 15:18:19', 0, 0),
(517, 253, 800, 30, '12000', 1, '2023-01-02 15:18:30', 0, 0),
(518, 253, 789, 10, '4000', 1, '2023-01-02 15:18:40', 0, 0),
(519, 253, 755, 10, '3000', 1, '2023-01-02 15:18:58', 0, 0),
(520, 253, 728, 10, '6000', 1, '2023-01-02 15:19:09', 0, 0),
(521, 253, 761, 20, '3500', 1, '2023-01-02 15:19:21', 0, 0),
(522, 253, 775, 10, '10000', 1, '2023-01-02 15:19:31', 0, 0),
(523, 253, 780, 40, '8000', 1, '2023-01-02 15:19:46', 0, 0),
(524, 253, 765, 5, '8000', 1, '2023-01-02 15:19:59', 0, 0),
(525, 253, 760, 10, '3000', 1, '2023-01-02 15:20:09', 0, 0),
(526, 253, 414, 20, '2000', 1, '2023-01-02 15:20:21', 0, 0),
(527, 253, 643, 6, '3000', 1, '2023-01-02 15:20:36', 0, 0),
(529, 253, 638, 10, '21000', 1, '2023-01-02 15:21:43', 0, 0),
(530, 254, 640, 1, '18000', 1, '2023-01-02 15:22:06', 0, 0),
(531, 253, 631, 10, '20000', 1, '2023-01-02 15:24:09', 0, 0),
(532, 253, 758, 20, '12000', 1, '2023-01-02 15:24:19', 0, 0),
(533, 253, 719, 10, '6000', 1, '2023-01-02 15:24:31', 0, 0),
(534, 253, 720, 10, '10000', 1, '2023-01-02 15:24:40', 0, 0),
(535, 253, 798, 10, '6000', 1, '2023-01-02 15:24:49', 0, 0),
(536, 253, 748, 10, '5000', 1, '2023-01-02 15:24:59', 0, 0),
(537, 253, 747, 20, '14000', 1, '2023-01-02 15:25:07', 0, 0),
(538, 253, 746, 20, '20000', 1, '2023-01-02 15:25:15', 0, 0),
(539, 253, 708, 2, '13000', 1, '2023-01-02 15:25:22', 0, 0),
(540, 253, 677, 1, '25000', 1, '2023-01-02 15:25:31', 0, 0),
(541, 253, 351, 6, '9000', 1, '2023-01-02 15:25:38', 0, 0),
(542, 253, 524, 10, '8000', 1, '2023-01-02 15:25:49', 0, 0),
(543, 253, 503, 10, '8000', 1, '2023-01-02 15:25:59', 0, 0),
(544, 253, 424, 50, '3000', 1, '2023-01-02 15:26:12', 0, 0),
(545, 253, 644, 20, '4500', 1, '2023-01-02 15:26:20', 0, 0),
(546, 253, 76, 1, '23000', 1, '2023-01-02 15:26:35', 0, 0),
(547, 253, 43, 2, '18000', 1, '2023-01-02 15:26:43', 0, 0),
(548, 253, 634, 10, '5000', 1, '2023-01-02 15:26:51', 0, 0),
(549, 253, 740, 10, '8000', 1, '2023-01-02 15:27:10', 0, 0),
(550, 253, 759, 5, '5000', 1, '2023-01-02 15:27:17', 0, 0),
(551, 253, 757, 10, '10000', 1, '2023-01-02 15:27:40', 0, 0),
(552, 253, 795, 20, '5000', 1, '2023-01-02 15:28:19', 0, 0),
(553, 253, 745, 10, '6000', 1, '2023-01-02 15:28:27', 0, 0),
(554, 253, 878, 5, '12000', 1, '2023-01-02 15:28:38', 0, 0),
(555, 253, 771, 10, '3000', 1, '2023-01-02 15:28:47', 0, 0),
(556, 253, 762, 10, '6000', 1, '2023-01-02 15:29:06', 0, 0),
(557, 253, 749, 10, '12000', 1, '2023-01-02 15:29:15', 0, 0),
(558, 253, 830, 5, '7000', 1, '2023-01-02 15:29:25', 0, 0),
(559, 253, 888, 10, '5000', 1, '2023-01-02 15:29:42', 0, 0),
(560, 253, 766, 20, '8000', 1, '2023-01-02 15:29:51', 0, 0),
(561, 253, 645, 5, '22000', 1, '2023-01-02 15:30:06', 0, 0),
(562, 253, 684, 5, '15000', 1, '2023-01-02 15:30:20', 0, 0),
(563, 253, 683, 4, '16000', 1, '2023-01-02 15:30:30', 0, 0),
(564, 253, 805, 20, '11000', 1, '2023-01-02 15:30:40', 0, 0),
(565, 253, 722, 5, '4000', 1, '2023-01-02 15:30:56', 0, 0),
(566, 253, 515, 6, '10000', 1, '2023-01-02 15:31:08', 0, 0),
(567, 253, 505, 6, '11000', 1, '2023-01-02 15:31:19', 0, 0),
(568, 253, 808, 10, '2500', 1, '2023-01-02 15:31:29', 0, 0),
(569, 253, 658, 4, '9000', 1, '2023-01-02 15:31:39', 0, 0),
(571, 255, 427, 2, '7000', 1, '2023-01-02 15:46:34', 0, 0),
(573, 258, 834, 4, '40000', 1, '2023-01-02 16:18:09', 0, 0),
(574, 259, 576, 1, '13000', 1, '2023-01-02 16:18:43', 0, 0),
(575, 260, 744, 1, '4000', 1, '2023-01-02 16:19:04', 0, 0),
(576, 260, 780, 1, '4000', 1, '2023-01-02 16:19:11', 0, 0),
(577, 261, 662, 1, '20000', 1, '2023-01-02 16:19:30', 0, 0),
(578, 261, 744, 2, '8000', 1, '2023-01-02 16:19:38', 0, 0),
(579, 261, 719, 2, '12000', 1, '2023-01-02 16:19:44', 0, 0),
(580, 261, 748, 2, '10000', 1, '2023-01-02 16:19:59', 0, 0),
(581, 262, 662, 6, '120000', 1, '2023-01-02 16:20:22', 0, 0),
(582, 262, 744, 2, '8000', 1, '2023-01-02 16:20:42', 0, 0),
(583, 262, 719, 2, '12000', 1, '2023-01-02 16:21:00', 0, 0),
(584, 263, 869, 1, '8000', 1, '2023-01-02 16:26:53', 0, 0),
(585, 263, 366, 1, '18000', 1, '2023-01-02 16:27:03', 0, 0),
(586, 264, 807, 2, '6000', 1, '2023-01-02 16:28:45', 0, 0),
(587, 264, 832, 2, '14000', 1, '2023-01-02 16:28:52', 0, 0),
(588, 265, 682, 1, '12000', 1, '2023-01-02 16:30:44', 0, 0),
(589, 266, 214, 1, '16000', 1, '2023-01-02 16:43:46', 0, 0),
(590, 266, 887, 1, '38000', 1, '2023-01-02 16:43:54', 0, 0),
(591, 266, 870, 1, '5000', 1, '2023-01-02 16:44:23', 0, 0),
(592, 267, 366, 1, '18000', 1, '2023-01-02 16:46:07', 0, 0),
(593, 268, 186, 2, '6000', 1, '2023-01-02 16:52:37', 0, 0),
(594, 269, 17, 3, '3000', 1, '2023-01-02 17:11:02', 0, 0),
(596, 271, 17, 1, '1000', 1, '2023-01-02 17:29:33', 0, 0),
(597, 271, 642, 3, '27000', 1, '2023-01-02 17:29:40', 0, 0),
(598, 272, 17, 1, '1000', 1, '2023-01-02 17:31:07', 0, 0),
(601, 272, 710, 1, '27000', 1, '2023-01-02 17:47:21', 0, 0),
(602, 274, 83, 1, '23000', 1, '2023-01-02 17:48:24', 0, 0),
(603, 274, 271, 1, '18000', 1, '2023-01-02 17:48:30', 0, 0),
(605, 275, 812, 1, '10000', 1, '2023-01-02 17:48:58', 0, 0),
(606, 275, 630, 1, '11000', 1, '2023-01-02 17:50:02', 0, 0),
(607, 276, 351, 2, '18000', 1, '2023-01-02 17:53:00', 0, 0),
(608, 277, 634, 1, '5000', 1, '2023-01-02 17:53:30', 0, 0),
(609, 278, 661, 1, '48000', 1, '2023-01-02 17:59:55', 0, 0),
(610, 278, 267, 2, '34000', 1, '2023-01-02 18:00:02', 0, 0),
(611, 278, 287, 1, '13000', 1, '2023-01-02 18:00:17', 0, 0),
(612, 280, 640, 1, '18000', 1, '2023-01-02 18:00:44', 0, 0),
(613, 280, 225, 1, '22000', 1, '2023-01-02 18:00:51', 0, 0),
(614, 279, 307, 1, '50000', 1, '2023-01-02 18:01:39', 0, 0),
(615, 281, 762, 2, '12000', 1, '2023-01-02 18:02:05', 0, 0),
(616, 281, 723, 1, '4000', 1, '2023-01-02 18:02:25', 0, 0),
(617, 281, 580, 1, '14000', 1, '2023-01-02 18:02:34', 0, 0),
(619, 282, 684, 1, '15000', 1, '2023-01-02 18:03:06', 0, 0),
(620, 282, 522, 1, '15000', 1, '2023-01-02 18:18:32', 0, 0),
(621, 283, 366, 1, '18000', 1, '2023-01-02 18:19:03', 0, 0),
(622, 284, 253, 1, '34000', 1, '2023-01-02 18:19:24', 0, 0),
(623, 284, 164, 1, '20000', 1, '2023-01-02 18:19:31', 0, 0),
(624, 284, 529, 4, '12000', 1, '2023-01-02 18:19:38', 0, 0),
(628, 285, 729, 2, '40000', 1, '2023-01-02 18:37:53', 0, 0),
(629, 285, 724, 3, '18000', 1, '2023-01-02 18:38:05', 0, 0),
(630, 285, 738, 3, '24000', 1, '2023-01-02 18:38:19', 0, 0),
(631, 285, 758, 3, '18000', 1, '2023-01-02 18:38:37', 0, 0),
(632, 285, 719, 3, '18000', 1, '2023-01-02 18:39:01', 0, 0),
(633, 285, 67, 1, '32000', 1, '2023-01-02 18:39:22', 0, 0),
(634, 285, 281, 1, '21000', 1, '2023-01-02 18:39:35', 0, 0),
(636, 286, 422, 1, '13000', 1, '2023-01-02 18:51:28', 0, 0),
(637, 286, 229, 1, '16000', 1, '2023-01-02 18:51:35', 0, 0),
(638, 287, 765, 2, '16000', 1, '2023-01-02 18:53:02', 0, 0),
(639, 287, 634, 2, '10000', 1, '2023-01-02 18:53:11', 0, 0),
(640, 288, 140, 1, '20000', 1, '2023-01-02 19:03:13', 0, 0),
(641, 290, 837, 2, '16000', 1, '2023-01-02 19:08:03', 0, 0),
(642, 291, 878, 1, '12000', 1, '2023-01-02 19:12:05', 0, 0),
(643, 291, 684, 1, '15000', 1, '2023-01-02 19:12:12', 0, 0),
(645, 294, 372, 1, '3000', 1, '2023-01-02 19:21:02', 0, 0),
(646, 295, 611, 1, '67000', 1, '2023-01-02 19:27:28', 0, 0),
(647, 296, 747, 2, '14000', 1, '2023-01-02 19:38:30', 0, 0),
(648, 289, 17, 1, '1000', 1, '2023-01-02 19:38:52', 0, 0),
(649, 298, 551, 1, '35000', 1, '2023-01-02 19:48:16', 0, 0),
(650, 299, 764, 1, '6000', 1, '2023-01-02 19:52:22', 0, 0),
(651, 299, 756, 1, '5000', 1, '2023-01-02 19:52:53', 0, 0),
(652, 300, 179, 2, '20000', 1, '2023-01-02 19:54:53', 0, 0),
(653, 301, 640, 1, '18000', 1, '2023-01-02 19:58:30', 0, 0),
(654, 301, 789, 1, '4000', 1, '2023-01-02 19:59:16', 0, 0),
(655, 302, 227, 1, '23000', 1, '2023-01-02 20:00:13', 0, 0),
(656, 297, 529, 4, '12000', 1, '2023-01-02 20:07:01', 0, 0),
(657, 303, 131, 1, '20000', 1, '2023-01-02 20:19:31', 0, 0),
(658, 304, 208, 1, '13000', 1, '2023-01-02 20:20:10', 0, 0),
(659, 304, 810, 1, '10000', 1, '2023-01-02 20:20:18', 0, 0),
(660, 305, 111, 1, '30000', 1, '2023-01-02 20:20:40', 0, 0),
(661, 306, 333, 1, '6000', 1, '2023-01-02 20:22:32', 0, 0),
(662, 307, 85, 1, '30000', 1, '2023-01-02 20:49:53', 0, 0),
(663, 307, 255, 1, '15000', 1, '2023-01-02 20:49:59', 0, 0),
(664, 308, 759, 1, '5000', 1, '2023-01-02 20:59:46', 0, 0),
(665, 309, 111, 1, '30000', 1, '2023-01-02 21:00:01', 0, 0),
(666, 309, 518, 1, '18000', 1, '2023-01-02 21:00:07', 0, 0),
(667, 310, 285, 1, '23000', 1, '2023-01-02 21:00:29', 0, 0),
(668, 310, 356, 1, '9000', 1, '2023-01-02 21:00:33', 0, 0),
(669, 311, 768, 1, '13000', 1, '2023-01-02 21:08:18', 0, 0),
(670, 311, 366, 1, '18000', 1, '2023-01-02 21:08:28', 0, 0),
(671, 311, 758, 1, '6000', 1, '2023-01-02 21:08:43', 0, 0),
(672, 312, 644, 5, '22500', 1, '2023-01-02 21:12:10', 0, 0),
(673, 313, 601, 1, '18000', 1, '2023-01-02 21:31:40', 0, 0),
(674, 314, 631, 1, '20000', 1, '2023-01-02 21:32:04', 0, 0),
(675, 314, 810, 2, '20000', 1, '2023-01-02 21:32:13', 0, 0),
(676, 315, 644, 2, '9000', 1, '2023-01-02 21:35:18', 0, 0),
(677, 316, 382, 1, '6000', 1, '2023-01-03 08:05:08', 0, 0),
(678, 316, 750, 2, '60000', 1, '2023-01-03 08:05:17', 0, 0),
(679, 316, 751, 1, '40000', 1, '2023-01-03 08:05:25', 0, 0),
(680, 317, 319, 1, '6000', 1, '2023-01-03 08:20:53', 0, 0),
(681, 317, 17, 1, '1000', 1, '2023-01-03 08:21:09', 0, 0),
(683, 318, 857, 1, '4000', 1, '2023-01-03 08:41:25', 0, 0),
(684, 319, 705, 2, '26000', 1, '2023-01-03 08:53:35', 0, 0),
(685, 320, 88, 1, '30000', 1, '2023-01-03 09:14:08', 0, 0),
(686, 320, 38, 1, '17000', 1, '2023-01-03 09:14:17', 0, 0),
(687, 320, 17, 1, '1000', 1, '2023-01-03 09:15:03', 0, 0),
(688, 321, 397, 1, '10000', 1, '2023-01-03 09:23:09', 0, 0),
(689, 322, 634, 1, '5000', 1, '2023-01-03 09:27:55', 0, 0),
(690, 322, 17, 2, '2000', 1, '2023-01-03 09:28:03', 0, 0),
(691, 323, 774, 1, '18000', 1, '2023-01-03 09:49:26', 0, 0),
(692, 323, 638, 1, '21000', 1, '2023-01-03 09:49:34', 0, 0),
(694, 323, 633, 1, '3000', 1, '2023-01-03 09:50:12', 0, 0),
(695, 324, 580, 1, '14000', 1, '2023-01-03 10:29:23', 0, 0),
(696, 325, 766, 2, '16000', 1, '2023-01-03 11:00:40', 0, 0),
(698, 325, 621, 1, '9000', 1, '2023-01-03 11:02:02', 0, 0),
(699, 326, 295, 1, '27000', 1, '2023-01-03 11:17:50', 0, 0),
(700, 326, 355, 1, '12000', 1, '2023-01-03 11:17:57', 0, 0),
(701, 327, 204, 1, '5000', 1, '2023-01-03 11:18:21', 0, 0),
(702, 327, 345, 1, '7000', 1, '2023-01-03 11:18:32', 0, 0),
(703, 328, 720, 1, '10000', 1, '2023-01-03 11:19:22', 0, 0),
(704, 328, 524, 1, '8000', 1, '2023-01-03 11:19:33', 0, 0),
(705, 328, 640, 1, '18000', 1, '2023-01-03 11:19:40', 0, 0),
(706, 329, 887, 1, '38000', 1, '2023-01-03 11:19:59', 0, 0),
(707, 329, 803, 1, '10000', 1, '2023-01-03 11:20:08', 0, 0),
(708, 329, 758, 2, '12000', 1, '2023-01-03 11:20:18', 0, 0),
(709, 329, 45, 1, '18000', 1, '2023-01-03 11:20:29', 0, 0),
(710, 330, 550, 1, '25000', 1, '2023-01-03 11:20:47', 0, 0),
(711, 330, 524, 1, '8000', 1, '2023-01-03 11:20:57', 0, 0),
(712, 330, 511, 1, '13000', 1, '2023-01-03 11:21:04', 0, 0),
(713, 331, 511, 1, '13000', 1, '2023-01-03 11:46:01', 0, 0),
(716, 332, 752, 2, '5000', 1, '2023-01-03 12:00:50', 0, 0),
(717, 333, 541, 1, '13000', 1, '2023-01-03 12:09:07', 0, 0),
(718, 333, 866, 1, '4000', 1, '2023-01-03 12:09:13', 0, 0),
(719, 334, 889, 1, '22000', 1, '2023-01-03 12:16:00', 0, 0),
(720, 335, 759, 1, '5000', 1, '2023-01-03 12:21:06', 0, 0),
(721, 335, 763, 1, '5000', 1, '2023-01-03 12:21:12', 0, 0),
(722, 336, 730, 1, '35000', 1, '2023-01-03 12:27:22', 0, 0),
(723, 336, 742, 3, '30000', 1, '2023-01-03 12:27:33', 0, 0),
(724, 336, 524, 1, '8000', 1, '2023-01-03 12:27:42', 0, 0),
(725, 336, 759, 1, '5000', 1, '2023-01-03 12:27:53', 0, 0),
(726, 336, 225, 1, '22000', 1, '2023-01-03 12:28:38', 0, 0),
(727, 337, 869, 1, '8000', 1, '2023-01-03 12:39:29', 0, 0),
(728, 337, 837, 2, '16000', 1, '2023-01-03 12:39:36', 0, 0),
(729, 338, 766, 1, '8000', 1, '2023-01-03 12:43:58', 0, 0),
(730, 338, 633, 1, '3000', 1, '2023-01-03 12:44:03', 0, 0),
(731, 339, 364, 2, '6000', 1, '2023-01-03 12:44:50', 0, 0),
(732, 340, 373, 2, '7000', 1, '2023-01-03 12:54:51', 0, 0),
(733, 340, 370, 1, '3000', 1, '2023-01-03 12:55:02', 0, 0),
(734, 340, 364, 2, '6000', 1, '2023-01-03 12:55:11', 0, 0),
(735, 340, 20, 2, '8000', 1, '2023-01-03 12:55:19', 0, 0),
(736, 340, 746, 3, '30000', 1, '2023-01-03 12:55:25', 0, 0),
(737, 341, 629, 1, '6000', 1, '2023-01-03 13:24:07', 0, 0),
(738, 342, 517, 1, '25000', 1, '2023-01-03 13:55:55', 0, 0),
(739, 343, 18, 2, '8000', 1, '2023-01-03 14:01:07', 0, 0),
(740, 343, 395, 1, '12000', 1, '2023-01-03 14:01:21', 0, 0),
(741, 344, 366, 1, '18000', 1, '2023-01-03 14:14:31', 0, 0),
(742, 344, 344, 1, '3000', 1, '2023-01-03 14:14:40', 0, 0),
(743, 345, 372, 1, '3000', 1, '2023-01-03 14:21:12', 0, 0),
(744, 346, 809, 1, '24000', 1, '2023-01-03 14:29:37', 0, 0),
(745, 346, 746, 1, '10000', 1, '2023-01-03 14:29:48', 0, 0),
(746, 346, 27, 1, '3000', 1, '2023-01-03 14:30:01', 0, 0),
(747, 347, 744, 1, '4000', 1, '2023-01-03 15:33:18', 0, 0),
(748, 347, 798, 1, '6000', 1, '2023-01-03 15:33:31', 0, 0),
(749, 347, 723, 1, '4000', 1, '2023-01-03 15:33:42', 0, 0),
(750, 348, 356, 2, '18000', 1, '2023-01-03 15:38:04', 0, 0),
(751, 348, 285, 1, '23000', 1, '2023-01-03 15:38:30', 0, 0),
(752, 349, 721, 2, '20000', 1, '2023-01-03 15:39:18', 0, 0),
(753, 350, 47, 1, '6000', 1, '2023-01-03 15:56:12', 0, 0),
(754, 350, 333, 1, '6000', 1, '2023-01-03 15:56:41', 0, 0),
(755, 351, 662, 1, '20000', 1, '2023-01-03 16:01:17', 0, 0),
(756, 351, 638, 1, '21000', 1, '2023-01-03 16:01:27', 0, 0),
(757, 351, 656, 1, '8000', 1, '2023-01-03 16:01:43', 0, 0),
(758, 351, 17, 1, '1000', 1, '2023-01-03 16:01:59', 0, 0),
(759, 352, 123, 1, '8000', 1, '2023-01-03 16:07:22', 0, 0),
(760, 353, 658, 1, '9000', 1, '2023-01-03 16:17:07', 0, 0),
(761, 353, 224, 1, '12000', 1, '2023-01-03 16:17:43', 0, 0),
(762, 354, 299, 1, '17000', 1, '2023-01-03 16:19:51', 0, 0),
(763, 354, 389, 1, '15000', 1, '2023-01-03 16:19:59', 0, 0),
(764, 354, 551, 1, '35000', 1, '2023-01-03 16:20:06', 0, 0),
(765, 355, 510, 1, '32000', 1, '2023-01-03 16:24:21', 0, 0),
(766, 355, 394, 1, '9000', 1, '2023-01-03 16:24:34', 0, 0),
(767, 356, 365, 1, '13000', 1, '2023-01-03 16:29:00', 0, 0),
(768, 356, 18, 2, '8000', 1, '2023-01-03 16:29:08', 0, 0),
(769, 357, 758, 2, '12000', 1, '2023-01-03 16:31:01', 0, 0),
(770, 358, 395, 1, '12000', 1, '2023-01-03 16:31:36', 0, 0),
(771, 359, 810, 1, '10000', 1, '2023-01-03 16:34:40', 0, 0),
(772, 360, 691, 1, '58000', 1, '2023-01-03 16:44:18', 0, 0),
(773, 361, 69, 1, '10000', 1, '2023-01-03 16:49:58', 0, 0),
(774, 362, 200, 1, '5000', 1, '2023-01-03 16:58:54', 0, 0),
(775, 362, 32, 2, '8000', 1, '2023-01-03 16:59:45', 0, 0),
(776, 363, 365, 1, '13000', 1, '2023-01-03 17:02:31', 0, 0),
(777, 363, 18, 2, '8000', 1, '2023-01-03 17:02:41', 0, 0),
(778, 364, 892, 1, '10000', 1, '2023-01-03 17:25:23', 0, 0),
(779, 365, 719, 2, '12000', 1, '2023-01-03 17:28:09', 0, 0),
(780, 366, 518, 1, '18000', 1, '2023-01-03 17:29:51', 0, 0),
(781, 367, 294, 1, '52000', 1, '2023-01-03 17:48:01', 0, 0),
(782, 368, 766, 1, '8000', 1, '2023-01-03 18:02:29', 0, 0),
(783, 368, 812, 1, '10000', 1, '2023-01-03 18:02:35', 0, 0),
(784, 368, 633, 1, '3000', 1, '2023-01-03 18:03:04', 0, 0),
(785, 368, 59, 1, '41000', 1, '2023-01-03 18:03:13', 0, 0),
(786, 368, 191, 1, '13000', 1, '2023-01-03 18:03:33', 0, 0),
(787, 368, 353, 1, '3000', 1, '2023-01-03 18:04:02', 0, 0),
(789, 369, 511, 1, '13000', 1, '2023-01-03 18:11:48', 0, 0),
(790, 370, 75, 1, '32000', 1, '2023-01-03 18:23:50', 0, 0),
(791, 371, 343, 2, '28000', 1, '2023-01-03 18:52:17', 0, 0),
(792, 372, 715, 1, '18000', 1, '2023-01-03 18:56:53', 0, 0),
(793, 373, 381, 1, '10000', 1, '2023-01-03 18:57:15', 0, 0),
(794, 374, 347, 1, '10000', 1, '2023-01-03 19:04:39', 0, 0),
(795, 375, 447, 1, '27000', 1, '2023-01-03 19:10:30', 0, 0),
(796, 375, 766, 1, '8000', 1, '2023-01-03 19:10:36', 0, 0),
(797, 375, 524, 1, '8000', 1, '2023-01-03 19:10:43', 0, 0),
(798, 376, 555, 1, '18000', 1, '2023-01-03 19:13:39', 0, 0),
(799, 377, 343, 2, '28000', 1, '2023-01-03 19:24:46', 0, 0),
(800, 377, 17, 1, '1000', 1, '2023-01-03 19:24:53', 0, 0),
(801, 378, 676, 1, '96000', 1, '2023-01-03 19:27:35', 0, 0),
(804, 380, 803, 1, '10000', 1, '2023-01-03 19:41:04', 0, 0),
(805, 381, 699, 1, '34000', 1, '2023-01-03 19:41:27', 0, 0),
(806, 382, 683, 1, '16000', 1, '2023-01-03 19:47:17', 0, 0),
(807, 383, 713, 1, '6000', 1, '2023-01-03 19:57:32', 0, 0),
(808, 384, 515, 1, '10000', 1, '2023-01-03 19:58:47', 0, 0),
(809, 384, 695, 1, '17000', 1, '2023-01-03 19:59:40', 0, 0),
(810, 385, 415, 1, '8000', 1, '2023-01-03 20:04:27', 0, 0),
(811, 387, 888, 1, '5000', 1, '2023-01-03 20:05:08', 0, 0),
(812, 388, 123, 1, '8000', 1, '2023-01-03 20:09:14', 0, 0),
(813, 388, 17, 2, '2000', 1, '2023-01-03 20:10:26', 0, 0),
(814, 389, 642, 1, '9000', 1, '2023-01-03 20:17:56', 0, 0),
(815, 389, 880, 1, '1000', 1, '2023-01-03 20:18:03', 0, 0),
(816, 390, 798, 1, '6000', 1, '2023-01-03 20:18:55', 0, 0),
(817, 390, 744, 1, '4000', 1, '2023-01-03 20:19:04', 0, 0),
(818, 390, 633, 1, '3000', 1, '2023-01-03 20:19:11', 0, 0),
(819, 391, 59, 1, '41000', 1, '2023-01-03 20:25:10', 0, 0),
(820, 391, 624, 1, '12000', 1, '2023-01-03 20:25:18', 0, 0),
(821, 392, 612, 1, '12000', 1, '2023-01-03 20:29:25', 0, 0),
(822, 392, 364, 2, '6000', 1, '2023-01-03 20:29:33', 0, 0),
(823, 392, 522, 1, '15000', 1, '2023-01-03 20:29:48', 0, 0),
(824, 393, 461, 1, '46000', 1, '2023-01-03 20:30:55', 0, 0),
(825, 394, 343, 1, '14000', 1, '2023-01-03 20:42:02', 0, 0),
(828, 395, 749, 1, '12000', 1, '2023-01-03 20:49:40', 0, 0),
(829, 395, 766, 1, '8000', 1, '2023-01-03 20:49:47', 0, 0),
(830, 395, 512, 1, '12000', 1, '2023-01-03 20:50:16', 0, 0),
(831, 395, 790, 1, '10000', 1, '2023-01-03 20:51:26', 0, 0),
(833, 396, 544, 1, '14000', 1, '2023-01-03 20:59:32', 0, 0),
(835, 397, 334, 6, '12000', 1, '2023-01-03 21:03:37', 0, 0),
(836, 397, 834, 2, '18000', 1, '2023-01-03 21:04:56', 0, 0),
(837, 398, 369, 1, '3000', 1, '2023-01-03 21:14:40', 0, 0),
(838, 398, 897, 4, '12000', 1, '2023-01-03 21:14:54', 0, 0),
(839, 398, 18, 4, '16000', 1, '2023-01-03 21:15:26', 0, 0),
(840, 399, 821, 1, '8000', 1, '2023-01-04 07:59:42', 0, 0),
(841, 399, 633, 1, '3000', 1, '2023-01-04 07:59:55', 0, 0),
(842, 399, 532, 1, '12000', 1, '2023-01-04 08:00:03', 0, 0),
(843, 400, 629, 10, '60000', 1, '2023-01-04 08:03:04', 0, 0),
(844, 401, 881, 1, '50000', 1, '2023-01-04 08:04:14', 0, 0),
(845, 402, 286, 1, '56000', 1, '2023-01-04 08:36:19', 0, 0),
(846, 403, 621, 1, '8500', 1, '2023-01-04 08:50:50', 0, 0),
(847, 403, 382, 2, '12000', 1, '2023-01-04 08:50:58', 0, 0),
(848, 403, 509, 1, '10000', 1, '2023-01-04 08:51:05', 0, 0),
(849, 404, 747, 2, '14000', 1, '2023-01-04 08:51:24', 0, 0),
(850, 405, 867, 1, '8000', 1, '2023-01-04 09:22:13', 0, 0),
(851, 405, 285, 1, '23000', 1, '2023-01-04 09:22:22', 0, 0),
(852, 406, 381, 1, '10000', 1, '2023-01-04 09:22:48', 0, 0),
(853, 406, 163, 2, '16000', 1, '2023-01-04 09:22:56', 0, 0),
(854, 407, 759, 1, '5000', 1, '2023-01-04 09:29:03', 0, 0),
(855, 408, 283, 1, '34000', 1, '2023-01-04 09:34:07', 0, 0),
(856, 409, 763, 1, '5000', 1, '2023-01-04 09:51:59', 0, 0),
(857, 409, 866, 1, '4000', 1, '2023-01-04 09:52:04', 0, 0),
(858, 411, 769, 1, '13000', 1, '2023-01-12 16:11:10', 0, 0),
(859, 412, 769, 1, '13000', 1, '2023-01-12 21:09:01', 0, 0),
(860, 413, 770, 1, '17000', 1, '2023-01-15 18:11:25', 0, 0),
(861, 414, 769, 1, '13000', 1, '2023-01-21 13:06:59', 0, 0),
(862, 415, 559, 1, '16000', 1, '2023-01-22 14:07:38', 0, 0),
(863, 416, 10, 1, '54000', 0, '2023-02-23 17:44:31', 0, 0),
(865, 418, 1, 1, '17000', 0, '2023-04-12 13:27:18', 20, 19);

-- --------------------------------------------------------

--
-- Table structure for table `unit`
--

CREATE TABLE `unit` (
  `unit_id` int(11) NOT NULL,
  `unit_name` varchar(100) NOT NULL,
  `store_id` int(11) NOT NULL,
  `unit_datetime` datetime NOT NULL DEFAULT current_timestamp()
) ENGINE=InnoDB DEFAULT CHARSET=utf8mb4;

--
-- Dumping data for table `unit`
--

INSERT INTO `unit` (`unit_id`, `unit_name`, `store_id`, `unit_datetime`) VALUES
(1, 'PCS', 0, '2022-12-15 06:21:46'),
(2, 'Kaplet', 0, '2022-12-15 06:21:53'),
(3, 'Tablet', 0, '2022-12-15 06:22:02'),
(5, 'Strip', 0, '2022-12-15 06:30:39'),
(6, 'Botol', 0, '2022-12-15 06:30:50'),
(7, 'Pcs', 1, '2022-12-25 06:41:22'),
(8, 'Botol', 1, '2022-12-25 06:41:28'),
(9, 'SUPP', 1, '2022-12-26 14:02:33'),
(10, 'Strip', 1, '2022-12-26 14:02:52'),
(11, 'Tube', 1, '2022-12-26 14:03:02'),
(12, 'Pot', 1, '2022-12-26 14:03:10'),
(13, 'Sachet', 1, '2022-12-26 14:04:09'),
(14, 'Kaleng', 1, '2022-12-26 14:04:44'),
(15, 'Butir', 1, '2022-12-26 14:04:59'),
(16, 'Box', 1, '2022-12-26 14:05:31');

-- --------------------------------------------------------

--
-- Table structure for table `user`
--

CREATE TABLE `user` (
  `user_id` bigint(20) UNSIGNED NOT NULL,
  `store_id` int(11) NOT NULL,
  `user_name` varchar(255) COLLATE utf8mb4_unicode_ci NOT NULL,
  `user_email` varchar(255) COLLATE utf8mb4_unicode_ci NOT NULL,
  `user_password` varchar(255) COLLATE utf8mb4_unicode_ci NOT NULL,
  `user_wa` varchar(50) COLLATE utf8mb4_unicode_ci NOT NULL,
  `user_npwp` varchar(100) COLLATE utf8mb4_unicode_ci NOT NULL,
  `user_address` text COLLATE utf8mb4_unicode_ci NOT NULL,
  `user_picture` text COLLATE utf8mb4_unicode_ci DEFAULT NULL,
  `position_id` int(11) DEFAULT NULL,
  `user_datetime` datetime DEFAULT current_timestamp()
) ENGINE=InnoDB DEFAULT CHARSET=utf8mb4 COLLATE=utf8mb4_unicode_ci;

--
-- Dumping data for table `user`
--

INSERT INTO `user` (`user_id`, `store_id`, `user_name`, `user_email`, `user_password`, `user_wa`, `user_npwp`, `user_address`, `user_picture`, `position_id`, `user_datetime`) VALUES
(1, 0, 'Ihsan', 'ihsan.dulu@gmail.com', '$2y$10$3wtEkfBBnjb86cwt6o28G.CTmIdbtOgko.vMaezQRiKLIHOKrR21e', '08567148813', '12346', 'asdfafasddf', 'user.png', 5, '2022-07-14 06:54:08'),
(12, 0, 'Dudung', 'dudung@mail.com', '$2y$10$kvgnPzZ4b5t6AzJbdZft1es3n3X9tzLCOlgk0XIhunjnk.FghCCIu', '09776', 'sdfsdf', 'sdfsdf', NULL, 4, '2022-12-12 08:09:39'),
(13, 1, 'ihsandulu', 'ihsan.dulu@gmail.com', '$2y$10$3wtEkfBBnjb86cwt6o28G.CTmIdbtOgko.vMaezQRiKLIHOKrR21e', '', '', '', NULL, 8, '2022-12-25 06:33:14'),
(14, 1, 'Dudung', 'dudung@mail.com', '$2y$10$ldpGUFp4BFhPHvG/hJ8nJeVPPxBanpcLYQseukLpU3LtvFMpiqgxK', '08567148813', '', '', NULL, 10, '2022-12-25 06:39:39'),
(15, 1, 'Safitri', 'safitri@mail.com', '$2y$10$h1rYN8rFI77vPp5G.4qKxev9l2tPMOHZfHxUVBVJWGWmWKiO0TqdK', '089663370002', '', '', NULL, 10, '2022-12-26 10:19:00'),
(16, 1, 'Karin', 'karinnindia@gmail.com', '$2y$10$dmHVkMD06McOg7nUXmQmR.stvrwVVIWKsmDOgDt01cb8T1ZXZocXe', '085721306736', '', '', NULL, 10, '2022-12-26 10:19:00'),
(17, 1, 'Wawan Ridwan', 'apotekinsani57@gmail.com', '$2y$10$rj5fEGzvCYRLqngCBvdD2.EpWEzdackqMAXK5oFUUd7yGoi2UvVxu', '081388974601', '', '', NULL, 9, '2022-12-26 10:21:33');

-- --------------------------------------------------------

--
-- Table structure for table `users`
--

CREATE TABLE `users` (
  `id` bigint(20) UNSIGNED NOT NULL,
  `name` varchar(255) COLLATE utf8mb4_unicode_ci NOT NULL,
  `email` varchar(255) COLLATE utf8mb4_unicode_ci NOT NULL,
  `email_verified_at` timestamp NULL DEFAULT NULL,
  `password` varchar(255) COLLATE utf8mb4_unicode_ci NOT NULL,
  `remember_token` varchar(100) COLLATE utf8mb4_unicode_ci DEFAULT NULL,
  `created_at` timestamp NULL DEFAULT NULL,
  `updated_at` timestamp NULL DEFAULT NULL
) ENGINE=InnoDB DEFAULT CHARSET=utf8mb4 COLLATE=utf8mb4_unicode_ci;

--
-- Indexes for dumped tables
--

--
-- Indexes for table `account`
--
ALTER TABLE `account`
  ADD PRIMARY KEY (`account_id`);

--
-- Indexes for table `bank`
--
ALTER TABLE `bank`
  ADD PRIMARY KEY (`bank_id`);

--
-- Indexes for table `buy`
--
ALTER TABLE `buy`
  ADD PRIMARY KEY (`buy_id`);

--
-- Indexes for table `category`
--
ALTER TABLE `category`
  ADD PRIMARY KEY (`category_id`);

--
-- Indexes for table `company`
--
ALTER TABLE `company`
  ADD PRIMARY KEY (`company_id`);

--
-- Indexes for table `courier`
--
ALTER TABLE `courier`
  ADD PRIMARY KEY (`courier_id`);

--
-- Indexes for table `dollar`
--
ALTER TABLE `dollar`
  ADD PRIMARY KEY (`dollar_id`);

--
-- Indexes for table `euro`
--
ALTER TABLE `euro`
  ADD PRIMARY KEY (`euro_id`);

--
-- Indexes for table `failed_jobs`
--
ALTER TABLE `failed_jobs`
  ADD PRIMARY KEY (`id`),
  ADD UNIQUE KEY `failed_jobs_uuid_unique` (`uuid`);

--
-- Indexes for table `identity`
--
ALTER TABLE `identity`
  ADD PRIMARY KEY (`identity_id`);

--
-- Indexes for table `kas`
--
ALTER TABLE `kas`
  ADD PRIMARY KEY (`kas_id`);

--
-- Indexes for table `memaddress`
--
ALTER TABLE `memaddress`
  ADD PRIMARY KEY (`memaddress_id`);

--
-- Indexes for table `member`
--
ALTER TABLE `member`
  ADD PRIMARY KEY (`member_id`),
  ADD UNIQUE KEY `member_member_email_unique` (`member_email`),
  ADD UNIQUE KEY `member_no` (`member_no`);

--
-- Indexes for table `migrations`
--
ALTER TABLE `migrations`
  ADD PRIMARY KEY (`id`);

--
-- Indexes for table `modal`
--
ALTER TABLE `modal`
  ADD PRIMARY KEY (`modal_id`);

--
-- Indexes for table `pages`
--
ALTER TABLE `pages`
  ADD PRIMARY KEY (`pages_id`);

--
-- Indexes for table `password_resets`
--
ALTER TABLE `password_resets`
  ADD KEY `password_resets_email_index` (`email`);

--
-- Indexes for table `payment`
--
ALTER TABLE `payment`
  ADD PRIMARY KEY (`payment_id`);

--
-- Indexes for table `personal_access_tokens`
--
ALTER TABLE `personal_access_tokens`
  ADD PRIMARY KEY (`id`),
  ADD UNIQUE KEY `personal_access_tokens_token_unique` (`token`),
  ADD KEY `personal_access_tokens_tokenable_type_tokenable_id_index` (`tokenable_type`,`tokenable_id`);

--
-- Indexes for table `position`
--
ALTER TABLE `position`
  ADD PRIMARY KEY (`position_id`);

--
-- Indexes for table `positionm`
--
ALTER TABLE `positionm`
  ADD PRIMARY KEY (`positionm_id`);

--
-- Indexes for table `positionpages`
--
ALTER TABLE `positionpages`
  ADD PRIMARY KEY (`positionpages_id`);

--
-- Indexes for table `ppn`
--
ALTER TABLE `ppn`
  ADD PRIMARY KEY (`ppn_id`);

--
-- Indexes for table `product`
--
ALTER TABLE `product`
  ADD PRIMARY KEY (`product_id`);

--
-- Indexes for table `promo`
--
ALTER TABLE `promo`
  ADD PRIMARY KEY (`promo_id`);

--
-- Indexes for table `promoprod`
--
ALTER TABLE `promoprod`
  ADD PRIMARY KEY (`promoprod_id`);

--
-- Indexes for table `purchase`
--
ALTER TABLE `purchase`
  ADD PRIMARY KEY (`purchase_id`);

--
-- Indexes for table `purchased`
--
ALTER TABLE `purchased`
  ADD PRIMARY KEY (`purchased_id`);

--
-- Indexes for table `sell`
--
ALTER TABLE `sell`
  ADD PRIMARY KEY (`sell_id`);

--
-- Indexes for table `sessions`
--
ALTER TABLE `sessions`
  ADD PRIMARY KEY (`id`),
  ADD KEY `sessions_user_id_index` (`user_id`),
  ADD KEY `sessions_last_activity_index` (`last_activity`);

--
-- Indexes for table `stockopname`
--
ALTER TABLE `stockopname`
  ADD PRIMARY KEY (`stockopname_id`);

--
-- Indexes for table `store`
--
ALTER TABLE `store`
  ADD PRIMARY KEY (`store_id`);

--
-- Indexes for table `supplier`
--
ALTER TABLE `supplier`
  ADD PRIMARY KEY (`supplier_id`);

--
-- Indexes for table `tranedit`
--
ALTER TABLE `tranedit`
  ADD PRIMARY KEY (`tranedit_id`);

--
-- Indexes for table `tranpromo`
--
ALTER TABLE `tranpromo`
  ADD PRIMARY KEY (`tranpromo_id`);

--
-- Indexes for table `transaction`
--
ALTER TABLE `transaction`
  ADD PRIMARY KEY (`transaction_id`);

--
-- Indexes for table `transactiond`
--
ALTER TABLE `transactiond`
  ADD PRIMARY KEY (`transactiond_id`);

--
-- Indexes for table `unit`
--
ALTER TABLE `unit`
  ADD PRIMARY KEY (`unit_id`);

--
-- Indexes for table `user`
--
ALTER TABLE `user`
  ADD PRIMARY KEY (`user_id`);

--
-- Indexes for table `users`
--
ALTER TABLE `users`
  ADD PRIMARY KEY (`id`),
  ADD UNIQUE KEY `users_email_unique` (`email`);

--
-- AUTO_INCREMENT for dumped tables
--

--
-- AUTO_INCREMENT for table `account`
--
ALTER TABLE `account`
  MODIFY `account_id` int(11) NOT NULL AUTO_INCREMENT, AUTO_INCREMENT=17;

--
-- AUTO_INCREMENT for table `bank`
--
ALTER TABLE `bank`
  MODIFY `bank_id` int(11) NOT NULL AUTO_INCREMENT, AUTO_INCREMENT=3;

--
-- AUTO_INCREMENT for table `buy`
--
ALTER TABLE `buy`
  MODIFY `buy_id` bigint(20) UNSIGNED NOT NULL AUTO_INCREMENT;

--
-- AUTO_INCREMENT for table `category`
--
ALTER TABLE `category`
  MODIFY `category_id` bigint(20) UNSIGNED NOT NULL AUTO_INCREMENT, AUTO_INCREMENT=19;

--
-- AUTO_INCREMENT for table `company`
--
ALTER TABLE `company`
  MODIFY `company_id` bigint(20) UNSIGNED NOT NULL AUTO_INCREMENT;

--
-- AUTO_INCREMENT for table `courier`
--
ALTER TABLE `courier`
  MODIFY `courier_id` int(11) NOT NULL AUTO_INCREMENT;

--
-- AUTO_INCREMENT for table `dollar`
--
ALTER TABLE `dollar`
  MODIFY `dollar_id` bigint(20) UNSIGNED NOT NULL AUTO_INCREMENT;

--
-- AUTO_INCREMENT for table `euro`
--
ALTER TABLE `euro`
  MODIFY `euro_id` bigint(20) UNSIGNED NOT NULL AUTO_INCREMENT;

--
-- AUTO_INCREMENT for table `failed_jobs`
--
ALTER TABLE `failed_jobs`
  MODIFY `id` bigint(20) UNSIGNED NOT NULL AUTO_INCREMENT;

--
-- AUTO_INCREMENT for table `identity`
--
ALTER TABLE `identity`
  MODIFY `identity_id` bigint(20) UNSIGNED NOT NULL AUTO_INCREMENT, AUTO_INCREMENT=2;

--
-- AUTO_INCREMENT for table `kas`
--
ALTER TABLE `kas`
  MODIFY `kas_id` int(11) NOT NULL AUTO_INCREMENT, AUTO_INCREMENT=461;

--
-- AUTO_INCREMENT for table `memaddress`
--
ALTER TABLE `memaddress`
  MODIFY `memaddress_id` bigint(20) UNSIGNED NOT NULL AUTO_INCREMENT;

--
-- AUTO_INCREMENT for table `member`
--
ALTER TABLE `member`
  MODIFY `member_id` bigint(20) UNSIGNED NOT NULL AUTO_INCREMENT;

--
-- AUTO_INCREMENT for table `migrations`
--
ALTER TABLE `migrations`
  MODIFY `id` int(10) UNSIGNED NOT NULL AUTO_INCREMENT, AUTO_INCREMENT=6;

--
-- AUTO_INCREMENT for table `modal`
--
ALTER TABLE `modal`
  MODIFY `modal_id` int(11) NOT NULL AUTO_INCREMENT, AUTO_INCREMENT=79;

--
-- AUTO_INCREMENT for table `pages`
--
ALTER TABLE `pages`
  MODIFY `pages_id` int(11) NOT NULL AUTO_INCREMENT, AUTO_INCREMENT=28;

--
-- AUTO_INCREMENT for table `payment`
--
ALTER TABLE `payment`
  MODIFY `payment_id` int(11) NOT NULL AUTO_INCREMENT, AUTO_INCREMENT=33;

--
-- AUTO_INCREMENT for table `personal_access_tokens`
--
ALTER TABLE `personal_access_tokens`
  MODIFY `id` bigint(20) UNSIGNED NOT NULL AUTO_INCREMENT;

--
-- AUTO_INCREMENT for table `position`
--
ALTER TABLE `position`
  MODIFY `position_id` bigint(20) UNSIGNED NOT NULL AUTO_INCREMENT, AUTO_INCREMENT=11;

--
-- AUTO_INCREMENT for table `positionm`
--
ALTER TABLE `positionm`
  MODIFY `positionm_id` int(11) NOT NULL AUTO_INCREMENT, AUTO_INCREMENT=5;

--
-- AUTO_INCREMENT for table `positionpages`
--
ALTER TABLE `positionpages`
  MODIFY `positionpages_id` int(11) NOT NULL AUTO_INCREMENT, AUTO_INCREMENT=48;

--
-- AUTO_INCREMENT for table `ppn`
--
ALTER TABLE `ppn`
  MODIFY `ppn_id` int(11) NOT NULL AUTO_INCREMENT, AUTO_INCREMENT=5;

--
-- AUTO_INCREMENT for table `product`
--
ALTER TABLE `product`
  MODIFY `product_id` bigint(20) UNSIGNED NOT NULL AUTO_INCREMENT, AUTO_INCREMENT=904;

--
-- AUTO_INCREMENT for table `promo`
--
ALTER TABLE `promo`
  MODIFY `promo_id` bigint(20) UNSIGNED NOT NULL AUTO_INCREMENT;

--
-- AUTO_INCREMENT for table `promoprod`
--
ALTER TABLE `promoprod`
  MODIFY `promoprod_id` bigint(20) UNSIGNED NOT NULL AUTO_INCREMENT;

--
-- AUTO_INCREMENT for table `purchase`
--
ALTER TABLE `purchase`
  MODIFY `purchase_id` int(11) NOT NULL AUTO_INCREMENT, AUTO_INCREMENT=40;

--
-- AUTO_INCREMENT for table `purchased`
--
ALTER TABLE `purchased`
  MODIFY `purchased_id` int(11) NOT NULL AUTO_INCREMENT, AUTO_INCREMENT=174;

--
-- AUTO_INCREMENT for table `sell`
--
ALTER TABLE `sell`
  MODIFY `sell_id` bigint(20) UNSIGNED NOT NULL AUTO_INCREMENT;

--
-- AUTO_INCREMENT for table `stockopname`
--
ALTER TABLE `stockopname`
  MODIFY `stockopname_id` int(11) NOT NULL AUTO_INCREMENT, AUTO_INCREMENT=11;

--
-- AUTO_INCREMENT for table `store`
--
ALTER TABLE `store`
  MODIFY `store_id` bigint(20) UNSIGNED NOT NULL AUTO_INCREMENT, AUTO_INCREMENT=2;

--
-- AUTO_INCREMENT for table `supplier`
--
ALTER TABLE `supplier`
  MODIFY `supplier_id` int(11) NOT NULL AUTO_INCREMENT, AUTO_INCREMENT=10;

--
-- AUTO_INCREMENT for table `tranedit`
--
ALTER TABLE `tranedit`
  MODIFY `tranedit_id` bigint(20) UNSIGNED NOT NULL AUTO_INCREMENT;

--
-- AUTO_INCREMENT for table `tranpromo`
--
ALTER TABLE `tranpromo`
  MODIFY `tranpromo_id` bigint(20) UNSIGNED NOT NULL AUTO_INCREMENT;

--
-- AUTO_INCREMENT for table `transaction`
--
ALTER TABLE `transaction`
  MODIFY `transaction_id` bigint(20) UNSIGNED NOT NULL AUTO_INCREMENT, AUTO_INCREMENT=421;

--
-- AUTO_INCREMENT for table `transactiond`
--
ALTER TABLE `transactiond`
  MODIFY `transactiond_id` bigint(20) UNSIGNED NOT NULL AUTO_INCREMENT, AUTO_INCREMENT=866;

--
-- AUTO_INCREMENT for table `unit`
--
ALTER TABLE `unit`
  MODIFY `unit_id` int(11) NOT NULL AUTO_INCREMENT, AUTO_INCREMENT=17;

--
-- AUTO_INCREMENT for table `user`
--
ALTER TABLE `user`
  MODIFY `user_id` bigint(20) UNSIGNED NOT NULL AUTO_INCREMENT, AUTO_INCREMENT=18;

--
-- AUTO_INCREMENT for table `users`
--
ALTER TABLE `users`
  MODIFY `id` bigint(20) UNSIGNED NOT NULL AUTO_INCREMENT;
COMMIT;

/*!40101 SET CHARACTER_SET_CLIENT=@OLD_CHARACTER_SET_CLIENT */;
/*!40101 SET CHARACTER_SET_RESULTS=@OLD_CHARACTER_SET_RESULTS */;
/*!40101 SET COLLATION_CONNECTION=@OLD_COLLATION_CONNECTION */;
